[0.097s] DEBUG:colcon:Command line arguments: ['/usr/bin/colcon', 'build', '--packages-select', 'jaime_interfaces', 'jaime_manipulation', 'jaime_behaviour_trees']
[0.097s] DEBUG:colcon:Parsed command line arguments: Namespace(log_base=None, log_level=None, verb_name='build', build_base='build', install_base='install', merge_install=False, symlink_install=False, test_result_base=None, continue_on_error=False, executor='parallel', parallel_workers=12, event_handlers=None, ignore_user_meta=False, metas=['./colcon.meta'], base_paths=['.'], packages_ignore=None, packages_ignore_regex=None, paths=None, packages_up_to=None, packages_up_to_regex=None, packages_above=None, packages_above_and_dependencies=None, packages_above_depth=None, packages_select_by_dep=None, packages_skip_by_dep=None, packages_skip_up_to=None, packages_select_build_failed=False, packages_skip_build_finished=False, packages_select_test_failures=False, packages_skip_test_passed=False, packages_select=['jaime_interfaces', 'jaime_manipulation', 'jaime_behaviour_trees'], packages_skip=None, packages_select_regex=None, packages_skip_regex=None, packages_start=None, packages_end=None, cmake_args=None, cmake_target=None, cmake_target_skip_unavailable=False, cmake_clean_cache=False, cmake_clean_first=False, cmake_force_configure=False, ament_cmake_args=None, catkin_cmake_args=None, catkin_skip_building_tests=False, mixin_files=None, mixin=None, verb_parser=<colcon_mixin.mixin.mixin_argument.MixinArgumentDecorator object at 0x7bbd48647cb0>, verb_extension=<colcon_core.verb.build.BuildVerb object at 0x7bbd487f84a0>, main=<bound method BuildVerb.main of <colcon_core.verb.build.BuildVerb object at 0x7bbd487f84a0>>, mixin_verb=('build',))
[0.131s] Level 1:colcon.colcon_core.package_discovery:discover_packages(colcon_meta) check parameters
[0.132s] INFO:colcon.colcon_metadata.package_discovery.colcon_meta:Using configuration from '/root/.colcon/metadata/default/Gazebo.meta'
[0.132s] INFO:colcon.colcon_metadata.package_discovery.colcon_meta:Using configuration from '/root/.colcon/metadata/default/fastdds.meta'
[0.132s] INFO:colcon.colcon_metadata.package_discovery.colcon_meta:Using configuration from '/root/.colcon/metadata/default/fastrtps.meta'
[0.132s] Level 1:colcon.colcon_core.package_discovery:discover_packages(recursive) check parameters
[0.132s] Level 1:colcon.colcon_core.package_discovery:discover_packages(ignore) check parameters
[0.132s] Level 1:colcon.colcon_core.package_discovery:discover_packages(path) check parameters
[0.132s] Level 1:colcon.colcon_core.package_discovery:discover_packages(colcon_meta) discover
[0.132s] Level 1:colcon.colcon_core.package_discovery:discover_packages(recursive) discover
[0.132s] INFO:colcon.colcon_core.package_discovery:Crawling recursively for packages in '/home/jaime_ws/src/jaime_manipulation/scripts'
[0.132s] Level 1:colcon.colcon_core.package_identification:_identify(.) by extensions ['ignore', 'ignore_ament_install']
[0.133s] Level 1:colcon.colcon_core.package_identification:_identify(.) by extension 'ignore'
[0.133s] Level 1:colcon.colcon_core.package_identification:_identify(.) by extension 'ignore_ament_install'
[0.133s] Level 1:colcon.colcon_core.package_identification:_identify(.) by extensions ['colcon_pkg']
[0.133s] Level 1:colcon.colcon_core.package_identification:_identify(.) by extension 'colcon_pkg'
[0.133s] Level 1:colcon.colcon_core.package_identification:_identify(.) by extensions ['colcon_meta']
[0.133s] Level 1:colcon.colcon_core.package_identification:_identify(.) by extension 'colcon_meta'
[0.133s] Level 1:colcon.colcon_core.package_identification:_identify(.) by extensions ['ros']
[0.133s] Level 1:colcon.colcon_core.package_identification:_identify(.) by extension 'ros'
[0.152s] Level 1:colcon.colcon_core.package_identification:_identify(.) by extensions ['cmake', 'python']
[0.152s] Level 1:colcon.colcon_core.package_identification:_identify(.) by extension 'cmake'
[0.153s] Level 1:colcon.colcon_core.package_identification:_identify(.) by extension 'python'
[0.153s] Level 1:colcon.colcon_core.package_identification:_identify(.) by extensions ['python_setup_py']
[0.153s] Level 1:colcon.colcon_core.package_identification:_identify(.) by extension 'python_setup_py'
[0.153s] Level 1:colcon.colcon_core.package_identification:_identify(__pycache__) by extensions ['ignore', 'ignore_ament_install']
[0.153s] Level 1:colcon.colcon_core.package_identification:_identify(__pycache__) by extension 'ignore'
[0.153s] Level 1:colcon.colcon_core.package_identification:_identify(__pycache__) by extension 'ignore_ament_install'
[0.153s] Level 1:colcon.colcon_core.package_identification:_identify(__pycache__) by extensions ['colcon_pkg']
[0.153s] Level 1:colcon.colcon_core.package_identification:_identify(__pycache__) by extension 'colcon_pkg'
[0.153s] Level 1:colcon.colcon_core.package_identification:_identify(__pycache__) by extensions ['colcon_meta']
[0.153s] Level 1:colcon.colcon_core.package_identification:_identify(__pycache__) by extension 'colcon_meta'
[0.153s] Level 1:colcon.colcon_core.package_identification:_identify(__pycache__) by extensions ['ros']
[0.153s] Level 1:colcon.colcon_core.package_identification:_identify(__pycache__) by extension 'ros'
[0.153s] Level 1:colcon.colcon_core.package_identification:_identify(__pycache__) by extensions ['cmake', 'python']
[0.153s] Level 1:colcon.colcon_core.package_identification:_identify(__pycache__) by extension 'cmake'
[0.153s] Level 1:colcon.colcon_core.package_identification:_identify(__pycache__) by extension 'python'
[0.153s] Level 1:colcon.colcon_core.package_identification:_identify(__pycache__) by extensions ['python_setup_py']
[0.153s] Level 1:colcon.colcon_core.package_identification:_identify(__pycache__) by extension 'python_setup_py'
[0.153s] Level 1:colcon.colcon_core.package_identification:_identify(build) by extensions ['ignore', 'ignore_ament_install']
[0.154s] Level 1:colcon.colcon_core.package_identification:_identify(build) by extension 'ignore'
[0.154s] Level 1:colcon.colcon_core.package_identification:_identify(build) ignored
[0.154s] Level 1:colcon.colcon_core.package_identification:_identify(install) by extensions ['ignore', 'ignore_ament_install']
[0.154s] Level 1:colcon.colcon_core.package_identification:_identify(install) by extension 'ignore'
[0.154s] Level 1:colcon.colcon_core.package_identification:_identify(install) ignored
[0.154s] Level 1:colcon.colcon_core.package_identification:_identify(log) by extensions ['ignore', 'ignore_ament_install']
[0.154s] Level 1:colcon.colcon_core.package_identification:_identify(log) by extension 'ignore'
[0.154s] Level 1:colcon.colcon_core.package_identification:_identify(log) ignored
[0.154s] Level 1:colcon.colcon_core.package_identification:_identify(venv) by extensions ['ignore', 'ignore_ament_install']
[0.154s] Level 1:colcon.colcon_core.package_identification:_identify(venv) by extension 'ignore'
[0.154s] Level 1:colcon.colcon_core.package_identification:_identify(venv) by extension 'ignore_ament_install'
[0.154s] Level 1:colcon.colcon_core.package_identification:_identify(venv) by extensions ['colcon_pkg']
[0.154s] Level 1:colcon.colcon_core.package_identification:_identify(venv) by extension 'colcon_pkg'
[0.154s] Level 1:colcon.colcon_core.package_identification:_identify(venv) by extensions ['colcon_meta']
[0.154s] Level 1:colcon.colcon_core.package_identification:_identify(venv) by extension 'colcon_meta'
[0.154s] Level 1:colcon.colcon_core.package_identification:_identify(venv) by extensions ['ros']
[0.154s] Level 1:colcon.colcon_core.package_identification:_identify(venv) by extension 'ros'
[0.154s] Level 1:colcon.colcon_core.package_identification:_identify(venv) by extensions ['cmake', 'python']
[0.155s] Level 1:colcon.colcon_core.package_identification:_identify(venv) by extension 'cmake'
[0.155s] Level 1:colcon.colcon_core.package_identification:_identify(venv) by extension 'python'
[0.155s] Level 1:colcon.colcon_core.package_identification:_identify(venv) by extensions ['python_setup_py']
[0.155s] Level 1:colcon.colcon_core.package_identification:_identify(venv) by extension 'python_setup_py'
[0.155s] Level 1:colcon.colcon_core.package_identification:_identify(venv/bin) by extensions ['ignore', 'ignore_ament_install']
[0.155s] Level 1:colcon.colcon_core.package_identification:_identify(venv/bin) by extension 'ignore'
[0.155s] Level 1:colcon.colcon_core.package_identification:_identify(venv/bin) by extension 'ignore_ament_install'
[0.155s] Level 1:colcon.colcon_core.package_identification:_identify(venv/bin) by extensions ['colcon_pkg']
[0.155s] Level 1:colcon.colcon_core.package_identification:_identify(venv/bin) by extension 'colcon_pkg'
[0.155s] Level 1:colcon.colcon_core.package_identification:_identify(venv/bin) by extensions ['colcon_meta']
[0.155s] Level 1:colcon.colcon_core.package_identification:_identify(venv/bin) by extension 'colcon_meta'
[0.155s] Level 1:colcon.colcon_core.package_identification:_identify(venv/bin) by extensions ['ros']
[0.155s] Level 1:colcon.colcon_core.package_identification:_identify(venv/bin) by extension 'ros'
[0.155s] Level 1:colcon.colcon_core.package_identification:_identify(venv/bin) by extensions ['cmake', 'python']
[0.155s] Level 1:colcon.colcon_core.package_identification:_identify(venv/bin) by extension 'cmake'
[0.155s] Level 1:colcon.colcon_core.package_identification:_identify(venv/bin) by extension 'python'
[0.155s] Level 1:colcon.colcon_core.package_identification:_identify(venv/bin) by extensions ['python_setup_py']
[0.155s] Level 1:colcon.colcon_core.package_identification:_identify(venv/bin) by extension 'python_setup_py'
[0.155s] Level 1:colcon.colcon_core.package_identification:_identify(venv/lib) by extensions ['ignore', 'ignore_ament_install']
[0.155s] Level 1:colcon.colcon_core.package_identification:_identify(venv/lib) by extension 'ignore'
[0.155s] Level 1:colcon.colcon_core.package_identification:_identify(venv/lib) by extension 'ignore_ament_install'
[0.156s] Level 1:colcon.colcon_core.package_identification:_identify(venv/lib) by extensions ['colcon_pkg']
[0.156s] Level 1:colcon.colcon_core.package_identification:_identify(venv/lib) by extension 'colcon_pkg'
[0.156s] Level 1:colcon.colcon_core.package_identification:_identify(venv/lib) by extensions ['colcon_meta']
[0.156s] Level 1:colcon.colcon_core.package_identification:_identify(venv/lib) by extension 'colcon_meta'
[0.156s] Level 1:colcon.colcon_core.package_identification:_identify(venv/lib) by extensions ['ros']
[0.156s] Level 1:colcon.colcon_core.package_identification:_identify(venv/lib) by extension 'ros'
[0.156s] Level 1:colcon.colcon_core.package_identification:_identify(venv/lib) by extensions ['cmake', 'python']
[0.156s] Level 1:colcon.colcon_core.package_identification:_identify(venv/lib) by extension 'cmake'
[0.156s] Level 1:colcon.colcon_core.package_identification:_identify(venv/lib) by extension 'python'
[0.156s] Level 1:colcon.colcon_core.package_identification:_identify(venv/lib) by extensions ['python_setup_py']
[0.156s] Level 1:colcon.colcon_core.package_identification:_identify(venv/lib) by extension 'python_setup_py'
[0.156s] Level 1:colcon.colcon_core.package_identification:_identify(venv/lib/python3.12) by extensions ['ignore', 'ignore_ament_install']
[0.156s] Level 1:colcon.colcon_core.package_identification:_identify(venv/lib/python3.12) by extension 'ignore'
[0.156s] Level 1:colcon.colcon_core.package_identification:_identify(venv/lib/python3.12) by extension 'ignore_ament_install'
[0.156s] Level 1:colcon.colcon_core.package_identification:_identify(venv/lib/python3.12) by extensions ['colcon_pkg']
[0.156s] Level 1:colcon.colcon_core.package_identification:_identify(venv/lib/python3.12) by extension 'colcon_pkg'
[0.156s] Level 1:colcon.colcon_core.package_identification:_identify(venv/lib/python3.12) by extensions ['colcon_meta']
[0.156s] Level 1:colcon.colcon_core.package_identification:_identify(venv/lib/python3.12) by extension 'colcon_meta'
[0.156s] Level 1:colcon.colcon_core.package_identification:_identify(venv/lib/python3.12) by extensions ['ros']
[0.156s] Level 1:colcon.colcon_core.package_identification:_identify(venv/lib/python3.12) by extension 'ros'
[0.156s] Level 1:colcon.colcon_core.package_identification:_identify(venv/lib/python3.12) by extensions ['cmake', 'python']
[0.156s] Level 1:colcon.colcon_core.package_identification:_identify(venv/lib/python3.12) by extension 'cmake'
[0.156s] Level 1:colcon.colcon_core.package_identification:_identify(venv/lib/python3.12) by extension 'python'
[0.157s] Level 1:colcon.colcon_core.package_identification:_identify(venv/lib/python3.12) by extensions ['python_setup_py']
[0.157s] Level 1:colcon.colcon_core.package_identification:_identify(venv/lib/python3.12) by extension 'python_setup_py'
[0.157s] Level 1:colcon.colcon_core.package_identification:_identify(venv/lib/python3.12/site-packages) by extensions ['ignore', 'ignore_ament_install']
[0.157s] Level 1:colcon.colcon_core.package_identification:_identify(venv/lib/python3.12/site-packages) by extension 'ignore'
[0.157s] Level 1:colcon.colcon_core.package_identification:_identify(venv/lib/python3.12/site-packages) by extension 'ignore_ament_install'
[0.157s] Level 1:colcon.colcon_core.package_identification:_identify(venv/lib/python3.12/site-packages) by extensions ['colcon_pkg']
[0.157s] Level 1:colcon.colcon_core.package_identification:_identify(venv/lib/python3.12/site-packages) by extension 'colcon_pkg'
[0.157s] Level 1:colcon.colcon_core.package_identification:_identify(venv/lib/python3.12/site-packages) by extensions ['colcon_meta']
[0.157s] Level 1:colcon.colcon_core.package_identification:_identify(venv/lib/python3.12/site-packages) by extension 'colcon_meta'
[0.157s] Level 1:colcon.colcon_core.package_identification:_identify(venv/lib/python3.12/site-packages) by extensions ['ros']
[0.157s] Level 1:colcon.colcon_core.package_identification:_identify(venv/lib/python3.12/site-packages) by extension 'ros'
[0.157s] Level 1:colcon.colcon_core.package_identification:_identify(venv/lib/python3.12/site-packages) by extensions ['cmake', 'python']
[0.157s] Level 1:colcon.colcon_core.package_identification:_identify(venv/lib/python3.12/site-packages) by extension 'cmake'
[0.157s] Level 1:colcon.colcon_core.package_identification:_identify(venv/lib/python3.12/site-packages) by extension 'python'
[0.157s] Level 1:colcon.colcon_core.package_identification:_identify(venv/lib/python3.12/site-packages) by extensions ['python_setup_py']
[0.157s] Level 1:colcon.colcon_core.package_identification:_identify(venv/lib/python3.12/site-packages) by extension 'python_setup_py'
[0.157s] Level 1:colcon.colcon_core.package_identification:_identify(venv/lib/python3.12/site-packages/__pycache__) by extensions ['ignore', 'ignore_ament_install']
[0.157s] Level 1:colcon.colcon_core.package_identification:_identify(venv/lib/python3.12/site-packages/__pycache__) by extension 'ignore'
[0.157s] Level 1:colcon.colcon_core.package_identification:_identify(venv/lib/python3.12/site-packages/__pycache__) by extension 'ignore_ament_install'
[0.158s] Level 1:colcon.colcon_core.package_identification:_identify(venv/lib/python3.12/site-packages/__pycache__) by extensions ['colcon_pkg']
[0.158s] Level 1:colcon.colcon_core.package_identification:_identify(venv/lib/python3.12/site-packages/__pycache__) by extension 'colcon_pkg'
[0.158s] Level 1:colcon.colcon_core.package_identification:_identify(venv/lib/python3.12/site-packages/__pycache__) by extensions ['colcon_meta']
[0.158s] Level 1:colcon.colcon_core.package_identification:_identify(venv/lib/python3.12/site-packages/__pycache__) by extension 'colcon_meta'
[0.158s] Level 1:colcon.colcon_core.package_identification:_identify(venv/lib/python3.12/site-packages/__pycache__) by extensions ['ros']
[0.158s] Level 1:colcon.colcon_core.package_identification:_identify(venv/lib/python3.12/site-packages/__pycache__) by extension 'ros'
[0.158s] Level 1:colcon.colcon_core.package_identification:_identify(venv/lib/python3.12/site-packages/__pycache__) by extensions ['cmake', 'python']
[0.158s] Level 1:colcon.colcon_core.package_identification:_identify(venv/lib/python3.12/site-packages/__pycache__) by extension 'cmake'
[0.158s] Level 1:colcon.colcon_core.package_identification:_identify(venv/lib/python3.12/site-packages/__pycache__) by extension 'python'
[0.158s] Level 1:colcon.colcon_core.package_identification:_identify(venv/lib/python3.12/site-packages/__pycache__) by extensions ['python_setup_py']
[0.158s] Level 1:colcon.colcon_core.package_identification:_identify(venv/lib/python3.12/site-packages/__pycache__) by extension 'python_setup_py'
[0.158s] Level 1:colcon.colcon_core.package_identification:_identify(venv/lib/python3.12/site-packages/_distutils_hack) by extensions ['ignore', 'ignore_ament_install']
[0.158s] Level 1:colcon.colcon_core.package_identification:_identify(venv/lib/python3.12/site-packages/_distutils_hack) by extension 'ignore'
[0.158s] Level 1:colcon.colcon_core.package_identification:_identify(venv/lib/python3.12/site-packages/_distutils_hack) by extension 'ignore_ament_install'
[0.158s] Level 1:colcon.colcon_core.package_identification:_identify(venv/lib/python3.12/site-packages/_distutils_hack) by extensions ['colcon_pkg']
[0.158s] Level 1:colcon.colcon_core.package_identification:_identify(venv/lib/python3.12/site-packages/_distutils_hack) by extension 'colcon_pkg'
[0.158s] Level 1:colcon.colcon_core.package_identification:_identify(venv/lib/python3.12/site-packages/_distutils_hack) by extensions ['colcon_meta']
[0.158s] Level 1:colcon.colcon_core.package_identification:_identify(venv/lib/python3.12/site-packages/_distutils_hack) by extension 'colcon_meta'
[0.158s] Level 1:colcon.colcon_core.package_identification:_identify(venv/lib/python3.12/site-packages/_distutils_hack) by extensions ['ros']
[0.158s] Level 1:colcon.colcon_core.package_identification:_identify(venv/lib/python3.12/site-packages/_distutils_hack) by extension 'ros'
[0.158s] Level 1:colcon.colcon_core.package_identification:_identify(venv/lib/python3.12/site-packages/_distutils_hack) by extensions ['cmake', 'python']
[0.158s] Level 1:colcon.colcon_core.package_identification:_identify(venv/lib/python3.12/site-packages/_distutils_hack) by extension 'cmake'
[0.159s] Level 1:colcon.colcon_core.package_identification:_identify(venv/lib/python3.12/site-packages/_distutils_hack) by extension 'python'
[0.159s] Level 1:colcon.colcon_core.package_identification:_identify(venv/lib/python3.12/site-packages/_distutils_hack) by extensions ['python_setup_py']
[0.159s] Level 1:colcon.colcon_core.package_identification:_identify(venv/lib/python3.12/site-packages/_distutils_hack) by extension 'python_setup_py'
[0.159s] Level 1:colcon.colcon_core.package_identification:_identify(venv/lib/python3.12/site-packages/_distutils_hack/__pycache__) by extensions ['ignore', 'ignore_ament_install']
[0.159s] Level 1:colcon.colcon_core.package_identification:_identify(venv/lib/python3.12/site-packages/_distutils_hack/__pycache__) by extension 'ignore'
[0.159s] Level 1:colcon.colcon_core.package_identification:_identify(venv/lib/python3.12/site-packages/_distutils_hack/__pycache__) by extension 'ignore_ament_install'
[0.159s] Level 1:colcon.colcon_core.package_identification:_identify(venv/lib/python3.12/site-packages/_distutils_hack/__pycache__) by extensions ['colcon_pkg']
[0.159s] Level 1:colcon.colcon_core.package_identification:_identify(venv/lib/python3.12/site-packages/_distutils_hack/__pycache__) by extension 'colcon_pkg'
[0.159s] Level 1:colcon.colcon_core.package_identification:_identify(venv/lib/python3.12/site-packages/_distutils_hack/__pycache__) by extensions ['colcon_meta']
[0.159s] Level 1:colcon.colcon_core.package_identification:_identify(venv/lib/python3.12/site-packages/_distutils_hack/__pycache__) by extension 'colcon_meta'
[0.159s] Level 1:colcon.colcon_core.package_identification:_identify(venv/lib/python3.12/site-packages/_distutils_hack/__pycache__) by extensions ['ros']
[0.159s] Level 1:colcon.colcon_core.package_identification:_identify(venv/lib/python3.12/site-packages/_distutils_hack/__pycache__) by extension 'ros'
[0.159s] Level 1:colcon.colcon_core.package_identification:_identify(venv/lib/python3.12/site-packages/_distutils_hack/__pycache__) by extensions ['cmake', 'python']
[0.159s] Level 1:colcon.colcon_core.package_identification:_identify(venv/lib/python3.12/site-packages/_distutils_hack/__pycache__) by extension 'cmake'
[0.159s] Level 1:colcon.colcon_core.package_identification:_identify(venv/lib/python3.12/site-packages/_distutils_hack/__pycache__) by extension 'python'
[0.159s] Level 1:colcon.colcon_core.package_identification:_identify(venv/lib/python3.12/site-packages/_distutils_hack/__pycache__) by extensions ['python_setup_py']
[0.159s] Level 1:colcon.colcon_core.package_identification:_identify(venv/lib/python3.12/site-packages/_distutils_hack/__pycache__) by extension 'python_setup_py'
[0.159s] Level 1:colcon.colcon_core.package_identification:_identify(venv/lib/python3.12/site-packages/_yaml) by extensions ['ignore', 'ignore_ament_install']
[0.159s] Level 1:colcon.colcon_core.package_identification:_identify(venv/lib/python3.12/site-packages/_yaml) by extension 'ignore'
[0.159s] Level 1:colcon.colcon_core.package_identification:_identify(venv/lib/python3.12/site-packages/_yaml) by extension 'ignore_ament_install'
[0.160s] Level 1:colcon.colcon_core.package_identification:_identify(venv/lib/python3.12/site-packages/_yaml) by extensions ['colcon_pkg']
[0.160s] Level 1:colcon.colcon_core.package_identification:_identify(venv/lib/python3.12/site-packages/_yaml) by extension 'colcon_pkg'
[0.160s] Level 1:colcon.colcon_core.package_identification:_identify(venv/lib/python3.12/site-packages/_yaml) by extensions ['colcon_meta']
[0.160s] Level 1:colcon.colcon_core.package_identification:_identify(venv/lib/python3.12/site-packages/_yaml) by extension 'colcon_meta'
[0.160s] Level 1:colcon.colcon_core.package_identification:_identify(venv/lib/python3.12/site-packages/_yaml) by extensions ['ros']
[0.160s] Level 1:colcon.colcon_core.package_identification:_identify(venv/lib/python3.12/site-packages/_yaml) by extension 'ros'
[0.160s] Level 1:colcon.colcon_core.package_identification:_identify(venv/lib/python3.12/site-packages/_yaml) by extensions ['cmake', 'python']
[0.160s] Level 1:colcon.colcon_core.package_identification:_identify(venv/lib/python3.12/site-packages/_yaml) by extension 'cmake'
[0.160s] Level 1:colcon.colcon_core.package_identification:_identify(venv/lib/python3.12/site-packages/_yaml) by extension 'python'
[0.160s] Level 1:colcon.colcon_core.package_identification:_identify(venv/lib/python3.12/site-packages/_yaml) by extensions ['python_setup_py']
[0.160s] Level 1:colcon.colcon_core.package_identification:_identify(venv/lib/python3.12/site-packages/_yaml) by extension 'python_setup_py'
[0.160s] Level 1:colcon.colcon_core.package_identification:_identify(venv/lib/python3.12/site-packages/_yaml/__pycache__) by extensions ['ignore', 'ignore_ament_install']
[0.160s] Level 1:colcon.colcon_core.package_identification:_identify(venv/lib/python3.12/site-packages/_yaml/__pycache__) by extension 'ignore'
[0.160s] Level 1:colcon.colcon_core.package_identification:_identify(venv/lib/python3.12/site-packages/_yaml/__pycache__) by extension 'ignore_ament_install'
[0.160s] Level 1:colcon.colcon_core.package_identification:_identify(venv/lib/python3.12/site-packages/_yaml/__pycache__) by extensions ['colcon_pkg']
[0.160s] Level 1:colcon.colcon_core.package_identification:_identify(venv/lib/python3.12/site-packages/_yaml/__pycache__) by extension 'colcon_pkg'
[0.160s] Level 1:colcon.colcon_core.package_identification:_identify(venv/lib/python3.12/site-packages/_yaml/__pycache__) by extensions ['colcon_meta']
[0.160s] Level 1:colcon.colcon_core.package_identification:_identify(venv/lib/python3.12/site-packages/_yaml/__pycache__) by extension 'colcon_meta'
[0.160s] Level 1:colcon.colcon_core.package_identification:_identify(venv/lib/python3.12/site-packages/_yaml/__pycache__) by extensions ['ros']
[0.160s] Level 1:colcon.colcon_core.package_identification:_identify(venv/lib/python3.12/site-packages/_yaml/__pycache__) by extension 'ros'
[0.160s] Level 1:colcon.colcon_core.package_identification:_identify(venv/lib/python3.12/site-packages/_yaml/__pycache__) by extensions ['cmake', 'python']
[0.160s] Level 1:colcon.colcon_core.package_identification:_identify(venv/lib/python3.12/site-packages/_yaml/__pycache__) by extension 'cmake'
[0.161s] Level 1:colcon.colcon_core.package_identification:_identify(venv/lib/python3.12/site-packages/_yaml/__pycache__) by extension 'python'
[0.161s] Level 1:colcon.colcon_core.package_identification:_identify(venv/lib/python3.12/site-packages/_yaml/__pycache__) by extensions ['python_setup_py']
[0.161s] Level 1:colcon.colcon_core.package_identification:_identify(venv/lib/python3.12/site-packages/_yaml/__pycache__) by extension 'python_setup_py'
[0.161s] Level 1:colcon.colcon_core.package_identification:_identify(venv/lib/python3.12/site-packages/catkin_pkg) by extensions ['ignore', 'ignore_ament_install']
[0.161s] Level 1:colcon.colcon_core.package_identification:_identify(venv/lib/python3.12/site-packages/catkin_pkg) by extension 'ignore'
[0.161s] Level 1:colcon.colcon_core.package_identification:_identify(venv/lib/python3.12/site-packages/catkin_pkg) by extension 'ignore_ament_install'
[0.161s] Level 1:colcon.colcon_core.package_identification:_identify(venv/lib/python3.12/site-packages/catkin_pkg) by extensions ['colcon_pkg']
[0.161s] Level 1:colcon.colcon_core.package_identification:_identify(venv/lib/python3.12/site-packages/catkin_pkg) by extension 'colcon_pkg'
[0.161s] Level 1:colcon.colcon_core.package_identification:_identify(venv/lib/python3.12/site-packages/catkin_pkg) by extensions ['colcon_meta']
[0.161s] Level 1:colcon.colcon_core.package_identification:_identify(venv/lib/python3.12/site-packages/catkin_pkg) by extension 'colcon_meta'
[0.161s] Level 1:colcon.colcon_core.package_identification:_identify(venv/lib/python3.12/site-packages/catkin_pkg) by extensions ['ros']
[0.161s] Level 1:colcon.colcon_core.package_identification:_identify(venv/lib/python3.12/site-packages/catkin_pkg) by extension 'ros'
[0.161s] Level 1:colcon.colcon_core.package_identification:_identify(venv/lib/python3.12/site-packages/catkin_pkg) by extensions ['cmake', 'python']
[0.161s] Level 1:colcon.colcon_core.package_identification:_identify(venv/lib/python3.12/site-packages/catkin_pkg) by extension 'cmake'
[0.161s] Level 1:colcon.colcon_core.package_identification:_identify(venv/lib/python3.12/site-packages/catkin_pkg) by extension 'python'
[0.161s] Level 1:colcon.colcon_core.package_identification:_identify(venv/lib/python3.12/site-packages/catkin_pkg) by extensions ['python_setup_py']
[0.161s] Level 1:colcon.colcon_core.package_identification:_identify(venv/lib/python3.12/site-packages/catkin_pkg) by extension 'python_setup_py'
[0.161s] Level 1:colcon.colcon_core.package_identification:_identify(venv/lib/python3.12/site-packages/catkin_pkg/__pycache__) by extensions ['ignore', 'ignore_ament_install']
[0.161s] Level 1:colcon.colcon_core.package_identification:_identify(venv/lib/python3.12/site-packages/catkin_pkg/__pycache__) by extension 'ignore'
[0.162s] Level 1:colcon.colcon_core.package_identification:_identify(venv/lib/python3.12/site-packages/catkin_pkg/__pycache__) by extension 'ignore_ament_install'
[0.162s] Level 1:colcon.colcon_core.package_identification:_identify(venv/lib/python3.12/site-packages/catkin_pkg/__pycache__) by extensions ['colcon_pkg']
[0.162s] Level 1:colcon.colcon_core.package_identification:_identify(venv/lib/python3.12/site-packages/catkin_pkg/__pycache__) by extension 'colcon_pkg'
[0.162s] Level 1:colcon.colcon_core.package_identification:_identify(venv/lib/python3.12/site-packages/catkin_pkg/__pycache__) by extensions ['colcon_meta']
[0.162s] Level 1:colcon.colcon_core.package_identification:_identify(venv/lib/python3.12/site-packages/catkin_pkg/__pycache__) by extension 'colcon_meta'
[0.162s] Level 1:colcon.colcon_core.package_identification:_identify(venv/lib/python3.12/site-packages/catkin_pkg/__pycache__) by extensions ['ros']
[0.162s] Level 1:colcon.colcon_core.package_identification:_identify(venv/lib/python3.12/site-packages/catkin_pkg/__pycache__) by extension 'ros'
[0.162s] Level 1:colcon.colcon_core.package_identification:_identify(venv/lib/python3.12/site-packages/catkin_pkg/__pycache__) by extensions ['cmake', 'python']
[0.162s] Level 1:colcon.colcon_core.package_identification:_identify(venv/lib/python3.12/site-packages/catkin_pkg/__pycache__) by extension 'cmake'
[0.162s] Level 1:colcon.colcon_core.package_identification:_identify(venv/lib/python3.12/site-packages/catkin_pkg/__pycache__) by extension 'python'
[0.162s] Level 1:colcon.colcon_core.package_identification:_identify(venv/lib/python3.12/site-packages/catkin_pkg/__pycache__) by extensions ['python_setup_py']
[0.162s] Level 1:colcon.colcon_core.package_identification:_identify(venv/lib/python3.12/site-packages/catkin_pkg/__pycache__) by extension 'python_setup_py'
[0.162s] Level 1:colcon.colcon_core.package_identification:_identify(venv/lib/python3.12/site-packages/catkin_pkg/cli) by extensions ['ignore', 'ignore_ament_install']
[0.162s] Level 1:colcon.colcon_core.package_identification:_identify(venv/lib/python3.12/site-packages/catkin_pkg/cli) by extension 'ignore'
[0.162s] Level 1:colcon.colcon_core.package_identification:_identify(venv/lib/python3.12/site-packages/catkin_pkg/cli) by extension 'ignore_ament_install'
[0.162s] Level 1:colcon.colcon_core.package_identification:_identify(venv/lib/python3.12/site-packages/catkin_pkg/cli) by extensions ['colcon_pkg']
[0.162s] Level 1:colcon.colcon_core.package_identification:_identify(venv/lib/python3.12/site-packages/catkin_pkg/cli) by extension 'colcon_pkg'
[0.162s] Level 1:colcon.colcon_core.package_identification:_identify(venv/lib/python3.12/site-packages/catkin_pkg/cli) by extensions ['colcon_meta']
[0.162s] Level 1:colcon.colcon_core.package_identification:_identify(venv/lib/python3.12/site-packages/catkin_pkg/cli) by extension 'colcon_meta'
[0.162s] Level 1:colcon.colcon_core.package_identification:_identify(venv/lib/python3.12/site-packages/catkin_pkg/cli) by extensions ['ros']
[0.162s] Level 1:colcon.colcon_core.package_identification:_identify(venv/lib/python3.12/site-packages/catkin_pkg/cli) by extension 'ros'
[0.163s] Level 1:colcon.colcon_core.package_identification:_identify(venv/lib/python3.12/site-packages/catkin_pkg/cli) by extensions ['cmake', 'python']
[0.163s] Level 1:colcon.colcon_core.package_identification:_identify(venv/lib/python3.12/site-packages/catkin_pkg/cli) by extension 'cmake'
[0.163s] Level 1:colcon.colcon_core.package_identification:_identify(venv/lib/python3.12/site-packages/catkin_pkg/cli) by extension 'python'
[0.163s] Level 1:colcon.colcon_core.package_identification:_identify(venv/lib/python3.12/site-packages/catkin_pkg/cli) by extensions ['python_setup_py']
[0.163s] Level 1:colcon.colcon_core.package_identification:_identify(venv/lib/python3.12/site-packages/catkin_pkg/cli) by extension 'python_setup_py'
[0.163s] Level 1:colcon.colcon_core.package_identification:_identify(venv/lib/python3.12/site-packages/catkin_pkg/cli/__pycache__) by extensions ['ignore', 'ignore_ament_install']
[0.163s] Level 1:colcon.colcon_core.package_identification:_identify(venv/lib/python3.12/site-packages/catkin_pkg/cli/__pycache__) by extension 'ignore'
[0.163s] Level 1:colcon.colcon_core.package_identification:_identify(venv/lib/python3.12/site-packages/catkin_pkg/cli/__pycache__) by extension 'ignore_ament_install'
[0.163s] Level 1:colcon.colcon_core.package_identification:_identify(venv/lib/python3.12/site-packages/catkin_pkg/cli/__pycache__) by extensions ['colcon_pkg']
[0.163s] Level 1:colcon.colcon_core.package_identification:_identify(venv/lib/python3.12/site-packages/catkin_pkg/cli/__pycache__) by extension 'colcon_pkg'
[0.163s] Level 1:colcon.colcon_core.package_identification:_identify(venv/lib/python3.12/site-packages/catkin_pkg/cli/__pycache__) by extensions ['colcon_meta']
[0.163s] Level 1:colcon.colcon_core.package_identification:_identify(venv/lib/python3.12/site-packages/catkin_pkg/cli/__pycache__) by extension 'colcon_meta'
[0.163s] Level 1:colcon.colcon_core.package_identification:_identify(venv/lib/python3.12/site-packages/catkin_pkg/cli/__pycache__) by extensions ['ros']
[0.163s] Level 1:colcon.colcon_core.package_identification:_identify(venv/lib/python3.12/site-packages/catkin_pkg/cli/__pycache__) by extension 'ros'
[0.163s] Level 1:colcon.colcon_core.package_identification:_identify(venv/lib/python3.12/site-packages/catkin_pkg/cli/__pycache__) by extensions ['cmake', 'python']
[0.163s] Level 1:colcon.colcon_core.package_identification:_identify(venv/lib/python3.12/site-packages/catkin_pkg/cli/__pycache__) by extension 'cmake'
[0.163s] Level 1:colcon.colcon_core.package_identification:_identify(venv/lib/python3.12/site-packages/catkin_pkg/cli/__pycache__) by extension 'python'
[0.163s] Level 1:colcon.colcon_core.package_identification:_identify(venv/lib/python3.12/site-packages/catkin_pkg/cli/__pycache__) by extensions ['python_setup_py']
[0.163s] Level 1:colcon.colcon_core.package_identification:_identify(venv/lib/python3.12/site-packages/catkin_pkg/cli/__pycache__) by extension 'python_setup_py'
[0.163s] Level 1:colcon.colcon_core.package_identification:_identify(venv/lib/python3.12/site-packages/catkin_pkg/templates) by extensions ['ignore', 'ignore_ament_install']
[0.164s] Level 1:colcon.colcon_core.package_identification:_identify(venv/lib/python3.12/site-packages/catkin_pkg/templates) by extension 'ignore'
[0.164s] Level 1:colcon.colcon_core.package_identification:_identify(venv/lib/python3.12/site-packages/catkin_pkg/templates) by extension 'ignore_ament_install'
[0.164s] Level 1:colcon.colcon_core.package_identification:_identify(venv/lib/python3.12/site-packages/catkin_pkg/templates) by extensions ['colcon_pkg']
[0.164s] Level 1:colcon.colcon_core.package_identification:_identify(venv/lib/python3.12/site-packages/catkin_pkg/templates) by extension 'colcon_pkg'
[0.164s] Level 1:colcon.colcon_core.package_identification:_identify(venv/lib/python3.12/site-packages/catkin_pkg/templates) by extensions ['colcon_meta']
[0.164s] Level 1:colcon.colcon_core.package_identification:_identify(venv/lib/python3.12/site-packages/catkin_pkg/templates) by extension 'colcon_meta'
[0.164s] Level 1:colcon.colcon_core.package_identification:_identify(venv/lib/python3.12/site-packages/catkin_pkg/templates) by extensions ['ros']
[0.164s] Level 1:colcon.colcon_core.package_identification:_identify(venv/lib/python3.12/site-packages/catkin_pkg/templates) by extension 'ros'
[0.164s] Level 1:colcon.colcon_core.package_identification:_identify(venv/lib/python3.12/site-packages/catkin_pkg/templates) by extensions ['cmake', 'python']
[0.164s] Level 1:colcon.colcon_core.package_identification:_identify(venv/lib/python3.12/site-packages/catkin_pkg/templates) by extension 'cmake'
[0.164s] Level 1:colcon.colcon_core.package_identification:_identify(venv/lib/python3.12/site-packages/catkin_pkg/templates) by extension 'python'
[0.164s] Level 1:colcon.colcon_core.package_identification:_identify(venv/lib/python3.12/site-packages/catkin_pkg/templates) by extensions ['python_setup_py']
[0.164s] Level 1:colcon.colcon_core.package_identification:_identify(venv/lib/python3.12/site-packages/catkin_pkg/templates) by extension 'python_setup_py'
[0.164s] Level 1:colcon.colcon_core.package_identification:_identify(venv/lib/python3.12/site-packages/catkin_pkg-1.1.0.dist-info) by extensions ['ignore', 'ignore_ament_install']
[0.164s] Level 1:colcon.colcon_core.package_identification:_identify(venv/lib/python3.12/site-packages/catkin_pkg-1.1.0.dist-info) by extension 'ignore'
[0.164s] Level 1:colcon.colcon_core.package_identification:_identify(venv/lib/python3.12/site-packages/catkin_pkg-1.1.0.dist-info) by extension 'ignore_ament_install'
[0.164s] Level 1:colcon.colcon_core.package_identification:_identify(venv/lib/python3.12/site-packages/catkin_pkg-1.1.0.dist-info) by extensions ['colcon_pkg']
[0.164s] Level 1:colcon.colcon_core.package_identification:_identify(venv/lib/python3.12/site-packages/catkin_pkg-1.1.0.dist-info) by extension 'colcon_pkg'
[0.164s] Level 1:colcon.colcon_core.package_identification:_identify(venv/lib/python3.12/site-packages/catkin_pkg-1.1.0.dist-info) by extensions ['colcon_meta']
[0.164s] Level 1:colcon.colcon_core.package_identification:_identify(venv/lib/python3.12/site-packages/catkin_pkg-1.1.0.dist-info) by extension 'colcon_meta'
[0.164s] Level 1:colcon.colcon_core.package_identification:_identify(venv/lib/python3.12/site-packages/catkin_pkg-1.1.0.dist-info) by extensions ['ros']
[0.165s] Level 1:colcon.colcon_core.package_identification:_identify(venv/lib/python3.12/site-packages/catkin_pkg-1.1.0.dist-info) by extension 'ros'
[0.165s] Level 1:colcon.colcon_core.package_identification:_identify(venv/lib/python3.12/site-packages/catkin_pkg-1.1.0.dist-info) by extensions ['cmake', 'python']
[0.165s] Level 1:colcon.colcon_core.package_identification:_identify(venv/lib/python3.12/site-packages/catkin_pkg-1.1.0.dist-info) by extension 'cmake'
[0.165s] Level 1:colcon.colcon_core.package_identification:_identify(venv/lib/python3.12/site-packages/catkin_pkg-1.1.0.dist-info) by extension 'python'
[0.165s] Level 1:colcon.colcon_core.package_identification:_identify(venv/lib/python3.12/site-packages/catkin_pkg-1.1.0.dist-info) by extensions ['python_setup_py']
[0.165s] Level 1:colcon.colcon_core.package_identification:_identify(venv/lib/python3.12/site-packages/catkin_pkg-1.1.0.dist-info) by extension 'python_setup_py'
[0.165s] Level 1:colcon.colcon_core.package_identification:_identify(venv/lib/python3.12/site-packages/cobs) by extensions ['ignore', 'ignore_ament_install']
[0.165s] Level 1:colcon.colcon_core.package_identification:_identify(venv/lib/python3.12/site-packages/cobs) by extension 'ignore'
[0.165s] Level 1:colcon.colcon_core.package_identification:_identify(venv/lib/python3.12/site-packages/cobs) by extension 'ignore_ament_install'
[0.165s] Level 1:colcon.colcon_core.package_identification:_identify(venv/lib/python3.12/site-packages/cobs) by extensions ['colcon_pkg']
[0.165s] Level 1:colcon.colcon_core.package_identification:_identify(venv/lib/python3.12/site-packages/cobs) by extension 'colcon_pkg'
[0.165s] Level 1:colcon.colcon_core.package_identification:_identify(venv/lib/python3.12/site-packages/cobs) by extensions ['colcon_meta']
[0.165s] Level 1:colcon.colcon_core.package_identification:_identify(venv/lib/python3.12/site-packages/cobs) by extension 'colcon_meta'
[0.165s] Level 1:colcon.colcon_core.package_identification:_identify(venv/lib/python3.12/site-packages/cobs) by extensions ['ros']
[0.165s] Level 1:colcon.colcon_core.package_identification:_identify(venv/lib/python3.12/site-packages/cobs) by extension 'ros'
[0.165s] Level 1:colcon.colcon_core.package_identification:_identify(venv/lib/python3.12/site-packages/cobs) by extensions ['cmake', 'python']
[0.165s] Level 1:colcon.colcon_core.package_identification:_identify(venv/lib/python3.12/site-packages/cobs) by extension 'cmake'
[0.165s] Level 1:colcon.colcon_core.package_identification:_identify(venv/lib/python3.12/site-packages/cobs) by extension 'python'
[0.165s] Level 1:colcon.colcon_core.package_identification:_identify(venv/lib/python3.12/site-packages/cobs) by extensions ['python_setup_py']
[0.165s] Level 1:colcon.colcon_core.package_identification:_identify(venv/lib/python3.12/site-packages/cobs) by extension 'python_setup_py'
[0.165s] Level 1:colcon.colcon_core.package_identification:_identify(venv/lib/python3.12/site-packages/cobs/__pycache__) by extensions ['ignore', 'ignore_ament_install']
[0.166s] Level 1:colcon.colcon_core.package_identification:_identify(venv/lib/python3.12/site-packages/cobs/__pycache__) by extension 'ignore'
[0.166s] Level 1:colcon.colcon_core.package_identification:_identify(venv/lib/python3.12/site-packages/cobs/__pycache__) by extension 'ignore_ament_install'
[0.166s] Level 1:colcon.colcon_core.package_identification:_identify(venv/lib/python3.12/site-packages/cobs/__pycache__) by extensions ['colcon_pkg']
[0.166s] Level 1:colcon.colcon_core.package_identification:_identify(venv/lib/python3.12/site-packages/cobs/__pycache__) by extension 'colcon_pkg'
[0.166s] Level 1:colcon.colcon_core.package_identification:_identify(venv/lib/python3.12/site-packages/cobs/__pycache__) by extensions ['colcon_meta']
[0.166s] Level 1:colcon.colcon_core.package_identification:_identify(venv/lib/python3.12/site-packages/cobs/__pycache__) by extension 'colcon_meta'
[0.166s] Level 1:colcon.colcon_core.package_identification:_identify(venv/lib/python3.12/site-packages/cobs/__pycache__) by extensions ['ros']
[0.166s] Level 1:colcon.colcon_core.package_identification:_identify(venv/lib/python3.12/site-packages/cobs/__pycache__) by extension 'ros'
[0.166s] Level 1:colcon.colcon_core.package_identification:_identify(venv/lib/python3.12/site-packages/cobs/__pycache__) by extensions ['cmake', 'python']
[0.166s] Level 1:colcon.colcon_core.package_identification:_identify(venv/lib/python3.12/site-packages/cobs/__pycache__) by extension 'cmake'
[0.166s] Level 1:colcon.colcon_core.package_identification:_identify(venv/lib/python3.12/site-packages/cobs/__pycache__) by extension 'python'
[0.166s] Level 1:colcon.colcon_core.package_identification:_identify(venv/lib/python3.12/site-packages/cobs/__pycache__) by extensions ['python_setup_py']
[0.166s] Level 1:colcon.colcon_core.package_identification:_identify(venv/lib/python3.12/site-packages/cobs/__pycache__) by extension 'python_setup_py'
[0.166s] Level 1:colcon.colcon_core.package_identification:_identify(venv/lib/python3.12/site-packages/cobs/_version) by extensions ['ignore', 'ignore_ament_install']
[0.166s] Level 1:colcon.colcon_core.package_identification:_identify(venv/lib/python3.12/site-packages/cobs/_version) by extension 'ignore'
[0.166s] Level 1:colcon.colcon_core.package_identification:_identify(venv/lib/python3.12/site-packages/cobs/_version) by extension 'ignore_ament_install'
[0.166s] Level 1:colcon.colcon_core.package_identification:_identify(venv/lib/python3.12/site-packages/cobs/_version) by extensions ['colcon_pkg']
[0.166s] Level 1:colcon.colcon_core.package_identification:_identify(venv/lib/python3.12/site-packages/cobs/_version) by extension 'colcon_pkg'
[0.166s] Level 1:colcon.colcon_core.package_identification:_identify(venv/lib/python3.12/site-packages/cobs/_version) by extensions ['colcon_meta']
[0.166s] Level 1:colcon.colcon_core.package_identification:_identify(venv/lib/python3.12/site-packages/cobs/_version) by extension 'colcon_meta'
[0.166s] Level 1:colcon.colcon_core.package_identification:_identify(venv/lib/python3.12/site-packages/cobs/_version) by extensions ['ros']
[0.166s] Level 1:colcon.colcon_core.package_identification:_identify(venv/lib/python3.12/site-packages/cobs/_version) by extension 'ros'
[0.167s] Level 1:colcon.colcon_core.package_identification:_identify(venv/lib/python3.12/site-packages/cobs/_version) by extensions ['cmake', 'python']
[0.167s] Level 1:colcon.colcon_core.package_identification:_identify(venv/lib/python3.12/site-packages/cobs/_version) by extension 'cmake'
[0.167s] Level 1:colcon.colcon_core.package_identification:_identify(venv/lib/python3.12/site-packages/cobs/_version) by extension 'python'
[0.167s] Level 1:colcon.colcon_core.package_identification:_identify(venv/lib/python3.12/site-packages/cobs/_version) by extensions ['python_setup_py']
[0.167s] Level 1:colcon.colcon_core.package_identification:_identify(venv/lib/python3.12/site-packages/cobs/_version) by extension 'python_setup_py'
[0.167s] Level 1:colcon.colcon_core.package_identification:_identify(venv/lib/python3.12/site-packages/cobs/_version/__pycache__) by extensions ['ignore', 'ignore_ament_install']
[0.167s] Level 1:colcon.colcon_core.package_identification:_identify(venv/lib/python3.12/site-packages/cobs/_version/__pycache__) by extension 'ignore'
[0.167s] Level 1:colcon.colcon_core.package_identification:_identify(venv/lib/python3.12/site-packages/cobs/_version/__pycache__) by extension 'ignore_ament_install'
[0.167s] Level 1:colcon.colcon_core.package_identification:_identify(venv/lib/python3.12/site-packages/cobs/_version/__pycache__) by extensions ['colcon_pkg']
[0.167s] Level 1:colcon.colcon_core.package_identification:_identify(venv/lib/python3.12/site-packages/cobs/_version/__pycache__) by extension 'colcon_pkg'
[0.167s] Level 1:colcon.colcon_core.package_identification:_identify(venv/lib/python3.12/site-packages/cobs/_version/__pycache__) by extensions ['colcon_meta']
[0.167s] Level 1:colcon.colcon_core.package_identification:_identify(venv/lib/python3.12/site-packages/cobs/_version/__pycache__) by extension 'colcon_meta'
[0.167s] Level 1:colcon.colcon_core.package_identification:_identify(venv/lib/python3.12/site-packages/cobs/_version/__pycache__) by extensions ['ros']
[0.167s] Level 1:colcon.colcon_core.package_identification:_identify(venv/lib/python3.12/site-packages/cobs/_version/__pycache__) by extension 'ros'
[0.167s] Level 1:colcon.colcon_core.package_identification:_identify(venv/lib/python3.12/site-packages/cobs/_version/__pycache__) by extensions ['cmake', 'python']
[0.167s] Level 1:colcon.colcon_core.package_identification:_identify(venv/lib/python3.12/site-packages/cobs/_version/__pycache__) by extension 'cmake'
[0.167s] Level 1:colcon.colcon_core.package_identification:_identify(venv/lib/python3.12/site-packages/cobs/_version/__pycache__) by extension 'python'
[0.167s] Level 1:colcon.colcon_core.package_identification:_identify(venv/lib/python3.12/site-packages/cobs/_version/__pycache__) by extensions ['python_setup_py']
[0.167s] Level 1:colcon.colcon_core.package_identification:_identify(venv/lib/python3.12/site-packages/cobs/_version/__pycache__) by extension 'python_setup_py'
[0.167s] Level 1:colcon.colcon_core.package_identification:_identify(venv/lib/python3.12/site-packages/cobs/cobs) by extensions ['ignore', 'ignore_ament_install']
[0.168s] Level 1:colcon.colcon_core.package_identification:_identify(venv/lib/python3.12/site-packages/cobs/cobs) by extension 'ignore'
[0.168s] Level 1:colcon.colcon_core.package_identification:_identify(venv/lib/python3.12/site-packages/cobs/cobs) by extension 'ignore_ament_install'
[0.168s] Level 1:colcon.colcon_core.package_identification:_identify(venv/lib/python3.12/site-packages/cobs/cobs) by extensions ['colcon_pkg']
[0.168s] Level 1:colcon.colcon_core.package_identification:_identify(venv/lib/python3.12/site-packages/cobs/cobs) by extension 'colcon_pkg'
[0.168s] Level 1:colcon.colcon_core.package_identification:_identify(venv/lib/python3.12/site-packages/cobs/cobs) by extensions ['colcon_meta']
[0.168s] Level 1:colcon.colcon_core.package_identification:_identify(venv/lib/python3.12/site-packages/cobs/cobs) by extension 'colcon_meta'
[0.168s] Level 1:colcon.colcon_core.package_identification:_identify(venv/lib/python3.12/site-packages/cobs/cobs) by extensions ['ros']
[0.168s] Level 1:colcon.colcon_core.package_identification:_identify(venv/lib/python3.12/site-packages/cobs/cobs) by extension 'ros'
[0.168s] Level 1:colcon.colcon_core.package_identification:_identify(venv/lib/python3.12/site-packages/cobs/cobs) by extensions ['cmake', 'python']
[0.168s] Level 1:colcon.colcon_core.package_identification:_identify(venv/lib/python3.12/site-packages/cobs/cobs) by extension 'cmake'
[0.168s] Level 1:colcon.colcon_core.package_identification:_identify(venv/lib/python3.12/site-packages/cobs/cobs) by extension 'python'
[0.168s] Level 1:colcon.colcon_core.package_identification:_identify(venv/lib/python3.12/site-packages/cobs/cobs) by extensions ['python_setup_py']
[0.168s] Level 1:colcon.colcon_core.package_identification:_identify(venv/lib/python3.12/site-packages/cobs/cobs) by extension 'python_setup_py'
[0.168s] Level 1:colcon.colcon_core.package_identification:_identify(venv/lib/python3.12/site-packages/cobs/cobs/__pycache__) by extensions ['ignore', 'ignore_ament_install']
[0.168s] Level 1:colcon.colcon_core.package_identification:_identify(venv/lib/python3.12/site-packages/cobs/cobs/__pycache__) by extension 'ignore'
[0.168s] Level 1:colcon.colcon_core.package_identification:_identify(venv/lib/python3.12/site-packages/cobs/cobs/__pycache__) by extension 'ignore_ament_install'
[0.168s] Level 1:colcon.colcon_core.package_identification:_identify(venv/lib/python3.12/site-packages/cobs/cobs/__pycache__) by extensions ['colcon_pkg']
[0.168s] Level 1:colcon.colcon_core.package_identification:_identify(venv/lib/python3.12/site-packages/cobs/cobs/__pycache__) by extension 'colcon_pkg'
[0.168s] Level 1:colcon.colcon_core.package_identification:_identify(venv/lib/python3.12/site-packages/cobs/cobs/__pycache__) by extensions ['colcon_meta']
[0.168s] Level 1:colcon.colcon_core.package_identification:_identify(venv/lib/python3.12/site-packages/cobs/cobs/__pycache__) by extension 'colcon_meta'
[0.168s] Level 1:colcon.colcon_core.package_identification:_identify(venv/lib/python3.12/site-packages/cobs/cobs/__pycache__) by extensions ['ros']
[0.169s] Level 1:colcon.colcon_core.package_identification:_identify(venv/lib/python3.12/site-packages/cobs/cobs/__pycache__) by extension 'ros'
[0.169s] Level 1:colcon.colcon_core.package_identification:_identify(venv/lib/python3.12/site-packages/cobs/cobs/__pycache__) by extensions ['cmake', 'python']
[0.169s] Level 1:colcon.colcon_core.package_identification:_identify(venv/lib/python3.12/site-packages/cobs/cobs/__pycache__) by extension 'cmake'
[0.169s] Level 1:colcon.colcon_core.package_identification:_identify(venv/lib/python3.12/site-packages/cobs/cobs/__pycache__) by extension 'python'
[0.169s] Level 1:colcon.colcon_core.package_identification:_identify(venv/lib/python3.12/site-packages/cobs/cobs/__pycache__) by extensions ['python_setup_py']
[0.169s] Level 1:colcon.colcon_core.package_identification:_identify(venv/lib/python3.12/site-packages/cobs/cobs/__pycache__) by extension 'python_setup_py'
[0.169s] Level 1:colcon.colcon_core.package_identification:_identify(venv/lib/python3.12/site-packages/cobs/cobsr) by extensions ['ignore', 'ignore_ament_install']
[0.169s] Level 1:colcon.colcon_core.package_identification:_identify(venv/lib/python3.12/site-packages/cobs/cobsr) by extension 'ignore'
[0.169s] Level 1:colcon.colcon_core.package_identification:_identify(venv/lib/python3.12/site-packages/cobs/cobsr) by extension 'ignore_ament_install'
[0.169s] Level 1:colcon.colcon_core.package_identification:_identify(venv/lib/python3.12/site-packages/cobs/cobsr) by extensions ['colcon_pkg']
[0.169s] Level 1:colcon.colcon_core.package_identification:_identify(venv/lib/python3.12/site-packages/cobs/cobsr) by extension 'colcon_pkg'
[0.169s] Level 1:colcon.colcon_core.package_identification:_identify(venv/lib/python3.12/site-packages/cobs/cobsr) by extensions ['colcon_meta']
[0.169s] Level 1:colcon.colcon_core.package_identification:_identify(venv/lib/python3.12/site-packages/cobs/cobsr) by extension 'colcon_meta'
[0.169s] Level 1:colcon.colcon_core.package_identification:_identify(venv/lib/python3.12/site-packages/cobs/cobsr) by extensions ['ros']
[0.169s] Level 1:colcon.colcon_core.package_identification:_identify(venv/lib/python3.12/site-packages/cobs/cobsr) by extension 'ros'
[0.169s] Level 1:colcon.colcon_core.package_identification:_identify(venv/lib/python3.12/site-packages/cobs/cobsr) by extensions ['cmake', 'python']
[0.169s] Level 1:colcon.colcon_core.package_identification:_identify(venv/lib/python3.12/site-packages/cobs/cobsr) by extension 'cmake'
[0.169s] Level 1:colcon.colcon_core.package_identification:_identify(venv/lib/python3.12/site-packages/cobs/cobsr) by extension 'python'
[0.169s] Level 1:colcon.colcon_core.package_identification:_identify(venv/lib/python3.12/site-packages/cobs/cobsr) by extensions ['python_setup_py']
[0.169s] Level 1:colcon.colcon_core.package_identification:_identify(venv/lib/python3.12/site-packages/cobs/cobsr) by extension 'python_setup_py'
[0.169s] Level 1:colcon.colcon_core.package_identification:_identify(venv/lib/python3.12/site-packages/cobs/cobsr/__pycache__) by extensions ['ignore', 'ignore_ament_install']
[0.170s] Level 1:colcon.colcon_core.package_identification:_identify(venv/lib/python3.12/site-packages/cobs/cobsr/__pycache__) by extension 'ignore'
[0.170s] Level 1:colcon.colcon_core.package_identification:_identify(venv/lib/python3.12/site-packages/cobs/cobsr/__pycache__) by extension 'ignore_ament_install'
[0.170s] Level 1:colcon.colcon_core.package_identification:_identify(venv/lib/python3.12/site-packages/cobs/cobsr/__pycache__) by extensions ['colcon_pkg']
[0.170s] Level 1:colcon.colcon_core.package_identification:_identify(venv/lib/python3.12/site-packages/cobs/cobsr/__pycache__) by extension 'colcon_pkg'
[0.170s] Level 1:colcon.colcon_core.package_identification:_identify(venv/lib/python3.12/site-packages/cobs/cobsr/__pycache__) by extensions ['colcon_meta']
[0.170s] Level 1:colcon.colcon_core.package_identification:_identify(venv/lib/python3.12/site-packages/cobs/cobsr/__pycache__) by extension 'colcon_meta'
[0.170s] Level 1:colcon.colcon_core.package_identification:_identify(venv/lib/python3.12/site-packages/cobs/cobsr/__pycache__) by extensions ['ros']
[0.170s] Level 1:colcon.colcon_core.package_identification:_identify(venv/lib/python3.12/site-packages/cobs/cobsr/__pycache__) by extension 'ros'
[0.170s] Level 1:colcon.colcon_core.package_identification:_identify(venv/lib/python3.12/site-packages/cobs/cobsr/__pycache__) by extensions ['cmake', 'python']
[0.170s] Level 1:colcon.colcon_core.package_identification:_identify(venv/lib/python3.12/site-packages/cobs/cobsr/__pycache__) by extension 'cmake'
[0.170s] Level 1:colcon.colcon_core.package_identification:_identify(venv/lib/python3.12/site-packages/cobs/cobsr/__pycache__) by extension 'python'
[0.170s] Level 1:colcon.colcon_core.package_identification:_identify(venv/lib/python3.12/site-packages/cobs/cobsr/__pycache__) by extensions ['python_setup_py']
[0.170s] Level 1:colcon.colcon_core.package_identification:_identify(venv/lib/python3.12/site-packages/cobs/cobsr/__pycache__) by extension 'python_setup_py'
[0.170s] Level 1:colcon.colcon_core.package_identification:_identify(venv/lib/python3.12/site-packages/cobs-1.2.2.dist-info) by extensions ['ignore', 'ignore_ament_install']
[0.170s] Level 1:colcon.colcon_core.package_identification:_identify(venv/lib/python3.12/site-packages/cobs-1.2.2.dist-info) by extension 'ignore'
[0.170s] Level 1:colcon.colcon_core.package_identification:_identify(venv/lib/python3.12/site-packages/cobs-1.2.2.dist-info) by extension 'ignore_ament_install'
[0.170s] Level 1:colcon.colcon_core.package_identification:_identify(venv/lib/python3.12/site-packages/cobs-1.2.2.dist-info) by extensions ['colcon_pkg']
[0.170s] Level 1:colcon.colcon_core.package_identification:_identify(venv/lib/python3.12/site-packages/cobs-1.2.2.dist-info) by extension 'colcon_pkg'
[0.170s] Level 1:colcon.colcon_core.package_identification:_identify(venv/lib/python3.12/site-packages/cobs-1.2.2.dist-info) by extensions ['colcon_meta']
[0.170s] Level 1:colcon.colcon_core.package_identification:_identify(venv/lib/python3.12/site-packages/cobs-1.2.2.dist-info) by extension 'colcon_meta'
[0.170s] Level 1:colcon.colcon_core.package_identification:_identify(venv/lib/python3.12/site-packages/cobs-1.2.2.dist-info) by extensions ['ros']
[0.171s] Level 1:colcon.colcon_core.package_identification:_identify(venv/lib/python3.12/site-packages/cobs-1.2.2.dist-info) by extension 'ros'
[0.171s] Level 1:colcon.colcon_core.package_identification:_identify(venv/lib/python3.12/site-packages/cobs-1.2.2.dist-info) by extensions ['cmake', 'python']
[0.171s] Level 1:colcon.colcon_core.package_identification:_identify(venv/lib/python3.12/site-packages/cobs-1.2.2.dist-info) by extension 'cmake'
[0.171s] Level 1:colcon.colcon_core.package_identification:_identify(venv/lib/python3.12/site-packages/cobs-1.2.2.dist-info) by extension 'python'
[0.171s] Level 1:colcon.colcon_core.package_identification:_identify(venv/lib/python3.12/site-packages/cobs-1.2.2.dist-info) by extensions ['python_setup_py']
[0.171s] Level 1:colcon.colcon_core.package_identification:_identify(venv/lib/python3.12/site-packages/cobs-1.2.2.dist-info) by extension 'python_setup_py'
[0.171s] Level 1:colcon.colcon_core.package_identification:_identify(venv/lib/python3.12/site-packages/cobs-1.2.2.dist-info/licenses) by extensions ['ignore', 'ignore_ament_install']
[0.171s] Level 1:colcon.colcon_core.package_identification:_identify(venv/lib/python3.12/site-packages/cobs-1.2.2.dist-info/licenses) by extension 'ignore'
[0.171s] Level 1:colcon.colcon_core.package_identification:_identify(venv/lib/python3.12/site-packages/cobs-1.2.2.dist-info/licenses) by extension 'ignore_ament_install'
[0.171s] Level 1:colcon.colcon_core.package_identification:_identify(venv/lib/python3.12/site-packages/cobs-1.2.2.dist-info/licenses) by extensions ['colcon_pkg']
[0.171s] Level 1:colcon.colcon_core.package_identification:_identify(venv/lib/python3.12/site-packages/cobs-1.2.2.dist-info/licenses) by extension 'colcon_pkg'
[0.171s] Level 1:colcon.colcon_core.package_identification:_identify(venv/lib/python3.12/site-packages/cobs-1.2.2.dist-info/licenses) by extensions ['colcon_meta']
[0.171s] Level 1:colcon.colcon_core.package_identification:_identify(venv/lib/python3.12/site-packages/cobs-1.2.2.dist-info/licenses) by extension 'colcon_meta'
[0.171s] Level 1:colcon.colcon_core.package_identification:_identify(venv/lib/python3.12/site-packages/cobs-1.2.2.dist-info/licenses) by extensions ['ros']
[0.171s] Level 1:colcon.colcon_core.package_identification:_identify(venv/lib/python3.12/site-packages/cobs-1.2.2.dist-info/licenses) by extension 'ros'
[0.171s] Level 1:colcon.colcon_core.package_identification:_identify(venv/lib/python3.12/site-packages/cobs-1.2.2.dist-info/licenses) by extensions ['cmake', 'python']
[0.171s] Level 1:colcon.colcon_core.package_identification:_identify(venv/lib/python3.12/site-packages/cobs-1.2.2.dist-info/licenses) by extension 'cmake'
[0.171s] Level 1:colcon.colcon_core.package_identification:_identify(venv/lib/python3.12/site-packages/cobs-1.2.2.dist-info/licenses) by extension 'python'
[0.171s] Level 1:colcon.colcon_core.package_identification:_identify(venv/lib/python3.12/site-packages/cobs-1.2.2.dist-info/licenses) by extensions ['python_setup_py']
[0.171s] Level 1:colcon.colcon_core.package_identification:_identify(venv/lib/python3.12/site-packages/cobs-1.2.2.dist-info/licenses) by extension 'python_setup_py'
[0.171s] Level 1:colcon.colcon_core.package_identification:_identify(venv/lib/python3.12/site-packages/dateutil) by extensions ['ignore', 'ignore_ament_install']
[0.172s] Level 1:colcon.colcon_core.package_identification:_identify(venv/lib/python3.12/site-packages/dateutil) by extension 'ignore'
[0.172s] Level 1:colcon.colcon_core.package_identification:_identify(venv/lib/python3.12/site-packages/dateutil) by extension 'ignore_ament_install'
[0.172s] Level 1:colcon.colcon_core.package_identification:_identify(venv/lib/python3.12/site-packages/dateutil) by extensions ['colcon_pkg']
[0.172s] Level 1:colcon.colcon_core.package_identification:_identify(venv/lib/python3.12/site-packages/dateutil) by extension 'colcon_pkg'
[0.172s] Level 1:colcon.colcon_core.package_identification:_identify(venv/lib/python3.12/site-packages/dateutil) by extensions ['colcon_meta']
[0.172s] Level 1:colcon.colcon_core.package_identification:_identify(venv/lib/python3.12/site-packages/dateutil) by extension 'colcon_meta'
[0.172s] Level 1:colcon.colcon_core.package_identification:_identify(venv/lib/python3.12/site-packages/dateutil) by extensions ['ros']
[0.172s] Level 1:colcon.colcon_core.package_identification:_identify(venv/lib/python3.12/site-packages/dateutil) by extension 'ros'
[0.172s] Level 1:colcon.colcon_core.package_identification:_identify(venv/lib/python3.12/site-packages/dateutil) by extensions ['cmake', 'python']
[0.172s] Level 1:colcon.colcon_core.package_identification:_identify(venv/lib/python3.12/site-packages/dateutil) by extension 'cmake'
[0.172s] Level 1:colcon.colcon_core.package_identification:_identify(venv/lib/python3.12/site-packages/dateutil) by extension 'python'
[0.172s] Level 1:colcon.colcon_core.package_identification:_identify(venv/lib/python3.12/site-packages/dateutil) by extensions ['python_setup_py']
[0.172s] Level 1:colcon.colcon_core.package_identification:_identify(venv/lib/python3.12/site-packages/dateutil) by extension 'python_setup_py'
[0.172s] Level 1:colcon.colcon_core.package_identification:_identify(venv/lib/python3.12/site-packages/dateutil/__pycache__) by extensions ['ignore', 'ignore_ament_install']
[0.172s] Level 1:colcon.colcon_core.package_identification:_identify(venv/lib/python3.12/site-packages/dateutil/__pycache__) by extension 'ignore'
[0.172s] Level 1:colcon.colcon_core.package_identification:_identify(venv/lib/python3.12/site-packages/dateutil/__pycache__) by extension 'ignore_ament_install'
[0.172s] Level 1:colcon.colcon_core.package_identification:_identify(venv/lib/python3.12/site-packages/dateutil/__pycache__) by extensions ['colcon_pkg']
[0.172s] Level 1:colcon.colcon_core.package_identification:_identify(venv/lib/python3.12/site-packages/dateutil/__pycache__) by extension 'colcon_pkg'
[0.172s] Level 1:colcon.colcon_core.package_identification:_identify(venv/lib/python3.12/site-packages/dateutil/__pycache__) by extensions ['colcon_meta']
[0.172s] Level 1:colcon.colcon_core.package_identification:_identify(venv/lib/python3.12/site-packages/dateutil/__pycache__) by extension 'colcon_meta'
[0.173s] Level 1:colcon.colcon_core.package_identification:_identify(venv/lib/python3.12/site-packages/dateutil/__pycache__) by extensions ['ros']
[0.173s] Level 1:colcon.colcon_core.package_identification:_identify(venv/lib/python3.12/site-packages/dateutil/__pycache__) by extension 'ros'
[0.173s] Level 1:colcon.colcon_core.package_identification:_identify(venv/lib/python3.12/site-packages/dateutil/__pycache__) by extensions ['cmake', 'python']
[0.173s] Level 1:colcon.colcon_core.package_identification:_identify(venv/lib/python3.12/site-packages/dateutil/__pycache__) by extension 'cmake'
[0.173s] Level 1:colcon.colcon_core.package_identification:_identify(venv/lib/python3.12/site-packages/dateutil/__pycache__) by extension 'python'
[0.173s] Level 1:colcon.colcon_core.package_identification:_identify(venv/lib/python3.12/site-packages/dateutil/__pycache__) by extensions ['python_setup_py']
[0.173s] Level 1:colcon.colcon_core.package_identification:_identify(venv/lib/python3.12/site-packages/dateutil/__pycache__) by extension 'python_setup_py'
[0.173s] Level 1:colcon.colcon_core.package_identification:_identify(venv/lib/python3.12/site-packages/dateutil/parser) by extensions ['ignore', 'ignore_ament_install']
[0.173s] Level 1:colcon.colcon_core.package_identification:_identify(venv/lib/python3.12/site-packages/dateutil/parser) by extension 'ignore'
[0.173s] Level 1:colcon.colcon_core.package_identification:_identify(venv/lib/python3.12/site-packages/dateutil/parser) by extension 'ignore_ament_install'
[0.173s] Level 1:colcon.colcon_core.package_identification:_identify(venv/lib/python3.12/site-packages/dateutil/parser) by extensions ['colcon_pkg']
[0.173s] Level 1:colcon.colcon_core.package_identification:_identify(venv/lib/python3.12/site-packages/dateutil/parser) by extension 'colcon_pkg'
[0.173s] Level 1:colcon.colcon_core.package_identification:_identify(venv/lib/python3.12/site-packages/dateutil/parser) by extensions ['colcon_meta']
[0.173s] Level 1:colcon.colcon_core.package_identification:_identify(venv/lib/python3.12/site-packages/dateutil/parser) by extension 'colcon_meta'
[0.173s] Level 1:colcon.colcon_core.package_identification:_identify(venv/lib/python3.12/site-packages/dateutil/parser) by extensions ['ros']
[0.173s] Level 1:colcon.colcon_core.package_identification:_identify(venv/lib/python3.12/site-packages/dateutil/parser) by extension 'ros'
[0.173s] Level 1:colcon.colcon_core.package_identification:_identify(venv/lib/python3.12/site-packages/dateutil/parser) by extensions ['cmake', 'python']
[0.173s] Level 1:colcon.colcon_core.package_identification:_identify(venv/lib/python3.12/site-packages/dateutil/parser) by extension 'cmake'
[0.173s] Level 1:colcon.colcon_core.package_identification:_identify(venv/lib/python3.12/site-packages/dateutil/parser) by extension 'python'
[0.173s] Level 1:colcon.colcon_core.package_identification:_identify(venv/lib/python3.12/site-packages/dateutil/parser) by extensions ['python_setup_py']
[0.173s] Level 1:colcon.colcon_core.package_identification:_identify(venv/lib/python3.12/site-packages/dateutil/parser) by extension 'python_setup_py'
[0.174s] Level 1:colcon.colcon_core.package_identification:_identify(venv/lib/python3.12/site-packages/dateutil/parser/__pycache__) by extensions ['ignore', 'ignore_ament_install']
[0.174s] Level 1:colcon.colcon_core.package_identification:_identify(venv/lib/python3.12/site-packages/dateutil/parser/__pycache__) by extension 'ignore'
[0.174s] Level 1:colcon.colcon_core.package_identification:_identify(venv/lib/python3.12/site-packages/dateutil/parser/__pycache__) by extension 'ignore_ament_install'
[0.174s] Level 1:colcon.colcon_core.package_identification:_identify(venv/lib/python3.12/site-packages/dateutil/parser/__pycache__) by extensions ['colcon_pkg']
[0.174s] Level 1:colcon.colcon_core.package_identification:_identify(venv/lib/python3.12/site-packages/dateutil/parser/__pycache__) by extension 'colcon_pkg'
[0.174s] Level 1:colcon.colcon_core.package_identification:_identify(venv/lib/python3.12/site-packages/dateutil/parser/__pycache__) by extensions ['colcon_meta']
[0.174s] Level 1:colcon.colcon_core.package_identification:_identify(venv/lib/python3.12/site-packages/dateutil/parser/__pycache__) by extension 'colcon_meta'
[0.174s] Level 1:colcon.colcon_core.package_identification:_identify(venv/lib/python3.12/site-packages/dateutil/parser/__pycache__) by extensions ['ros']
[0.174s] Level 1:colcon.colcon_core.package_identification:_identify(venv/lib/python3.12/site-packages/dateutil/parser/__pycache__) by extension 'ros'
[0.174s] Level 1:colcon.colcon_core.package_identification:_identify(venv/lib/python3.12/site-packages/dateutil/parser/__pycache__) by extensions ['cmake', 'python']
[0.174s] Level 1:colcon.colcon_core.package_identification:_identify(venv/lib/python3.12/site-packages/dateutil/parser/__pycache__) by extension 'cmake'
[0.174s] Level 1:colcon.colcon_core.package_identification:_identify(venv/lib/python3.12/site-packages/dateutil/parser/__pycache__) by extension 'python'
[0.174s] Level 1:colcon.colcon_core.package_identification:_identify(venv/lib/python3.12/site-packages/dateutil/parser/__pycache__) by extensions ['python_setup_py']
[0.174s] Level 1:colcon.colcon_core.package_identification:_identify(venv/lib/python3.12/site-packages/dateutil/parser/__pycache__) by extension 'python_setup_py'
[0.174s] Level 1:colcon.colcon_core.package_identification:_identify(venv/lib/python3.12/site-packages/dateutil/tz) by extensions ['ignore', 'ignore_ament_install']
[0.174s] Level 1:colcon.colcon_core.package_identification:_identify(venv/lib/python3.12/site-packages/dateutil/tz) by extension 'ignore'
[0.174s] Level 1:colcon.colcon_core.package_identification:_identify(venv/lib/python3.12/site-packages/dateutil/tz) by extension 'ignore_ament_install'
[0.174s] Level 1:colcon.colcon_core.package_identification:_identify(venv/lib/python3.12/site-packages/dateutil/tz) by extensions ['colcon_pkg']
[0.174s] Level 1:colcon.colcon_core.package_identification:_identify(venv/lib/python3.12/site-packages/dateutil/tz) by extension 'colcon_pkg'
[0.175s] Level 1:colcon.colcon_core.package_identification:_identify(venv/lib/python3.12/site-packages/dateutil/tz) by extensions ['colcon_meta']
[0.175s] Level 1:colcon.colcon_core.package_identification:_identify(venv/lib/python3.12/site-packages/dateutil/tz) by extension 'colcon_meta'
[0.175s] Level 1:colcon.colcon_core.package_identification:_identify(venv/lib/python3.12/site-packages/dateutil/tz) by extensions ['ros']
[0.175s] Level 1:colcon.colcon_core.package_identification:_identify(venv/lib/python3.12/site-packages/dateutil/tz) by extension 'ros'
[0.175s] Level 1:colcon.colcon_core.package_identification:_identify(venv/lib/python3.12/site-packages/dateutil/tz) by extensions ['cmake', 'python']
[0.175s] Level 1:colcon.colcon_core.package_identification:_identify(venv/lib/python3.12/site-packages/dateutil/tz) by extension 'cmake'
[0.175s] Level 1:colcon.colcon_core.package_identification:_identify(venv/lib/python3.12/site-packages/dateutil/tz) by extension 'python'
[0.175s] Level 1:colcon.colcon_core.package_identification:_identify(venv/lib/python3.12/site-packages/dateutil/tz) by extensions ['python_setup_py']
[0.175s] Level 1:colcon.colcon_core.package_identification:_identify(venv/lib/python3.12/site-packages/dateutil/tz) by extension 'python_setup_py'
[0.175s] Level 1:colcon.colcon_core.package_identification:_identify(venv/lib/python3.12/site-packages/dateutil/tz/__pycache__) by extensions ['ignore', 'ignore_ament_install']
[0.175s] Level 1:colcon.colcon_core.package_identification:_identify(venv/lib/python3.12/site-packages/dateutil/tz/__pycache__) by extension 'ignore'
[0.175s] Level 1:colcon.colcon_core.package_identification:_identify(venv/lib/python3.12/site-packages/dateutil/tz/__pycache__) by extension 'ignore_ament_install'
[0.175s] Level 1:colcon.colcon_core.package_identification:_identify(venv/lib/python3.12/site-packages/dateutil/tz/__pycache__) by extensions ['colcon_pkg']
[0.175s] Level 1:colcon.colcon_core.package_identification:_identify(venv/lib/python3.12/site-packages/dateutil/tz/__pycache__) by extension 'colcon_pkg'
[0.175s] Level 1:colcon.colcon_core.package_identification:_identify(venv/lib/python3.12/site-packages/dateutil/tz/__pycache__) by extensions ['colcon_meta']
[0.175s] Level 1:colcon.colcon_core.package_identification:_identify(venv/lib/python3.12/site-packages/dateutil/tz/__pycache__) by extension 'colcon_meta'
[0.175s] Level 1:colcon.colcon_core.package_identification:_identify(venv/lib/python3.12/site-packages/dateutil/tz/__pycache__) by extensions ['ros']
[0.175s] Level 1:colcon.colcon_core.package_identification:_identify(venv/lib/python3.12/site-packages/dateutil/tz/__pycache__) by extension 'ros'
[0.175s] Level 1:colcon.colcon_core.package_identification:_identify(venv/lib/python3.12/site-packages/dateutil/tz/__pycache__) by extensions ['cmake', 'python']
[0.175s] Level 1:colcon.colcon_core.package_identification:_identify(venv/lib/python3.12/site-packages/dateutil/tz/__pycache__) by extension 'cmake'
[0.175s] Level 1:colcon.colcon_core.package_identification:_identify(venv/lib/python3.12/site-packages/dateutil/tz/__pycache__) by extension 'python'
[0.176s] Level 1:colcon.colcon_core.package_identification:_identify(venv/lib/python3.12/site-packages/dateutil/tz/__pycache__) by extensions ['python_setup_py']
[0.176s] Level 1:colcon.colcon_core.package_identification:_identify(venv/lib/python3.12/site-packages/dateutil/tz/__pycache__) by extension 'python_setup_py'
[0.176s] Level 1:colcon.colcon_core.package_identification:_identify(venv/lib/python3.12/site-packages/dateutil/zoneinfo) by extensions ['ignore', 'ignore_ament_install']
[0.176s] Level 1:colcon.colcon_core.package_identification:_identify(venv/lib/python3.12/site-packages/dateutil/zoneinfo) by extension 'ignore'
[0.176s] Level 1:colcon.colcon_core.package_identification:_identify(venv/lib/python3.12/site-packages/dateutil/zoneinfo) by extension 'ignore_ament_install'
[0.176s] Level 1:colcon.colcon_core.package_identification:_identify(venv/lib/python3.12/site-packages/dateutil/zoneinfo) by extensions ['colcon_pkg']
[0.176s] Level 1:colcon.colcon_core.package_identification:_identify(venv/lib/python3.12/site-packages/dateutil/zoneinfo) by extension 'colcon_pkg'
[0.176s] Level 1:colcon.colcon_core.package_identification:_identify(venv/lib/python3.12/site-packages/dateutil/zoneinfo) by extensions ['colcon_meta']
[0.176s] Level 1:colcon.colcon_core.package_identification:_identify(venv/lib/python3.12/site-packages/dateutil/zoneinfo) by extension 'colcon_meta'
[0.176s] Level 1:colcon.colcon_core.package_identification:_identify(venv/lib/python3.12/site-packages/dateutil/zoneinfo) by extensions ['ros']
[0.176s] Level 1:colcon.colcon_core.package_identification:_identify(venv/lib/python3.12/site-packages/dateutil/zoneinfo) by extension 'ros'
[0.176s] Level 1:colcon.colcon_core.package_identification:_identify(venv/lib/python3.12/site-packages/dateutil/zoneinfo) by extensions ['cmake', 'python']
[0.176s] Level 1:colcon.colcon_core.package_identification:_identify(venv/lib/python3.12/site-packages/dateutil/zoneinfo) by extension 'cmake'
[0.176s] Level 1:colcon.colcon_core.package_identification:_identify(venv/lib/python3.12/site-packages/dateutil/zoneinfo) by extension 'python'
[0.176s] Level 1:colcon.colcon_core.package_identification:_identify(venv/lib/python3.12/site-packages/dateutil/zoneinfo) by extensions ['python_setup_py']
[0.176s] Level 1:colcon.colcon_core.package_identification:_identify(venv/lib/python3.12/site-packages/dateutil/zoneinfo) by extension 'python_setup_py'
[0.176s] Level 1:colcon.colcon_core.package_identification:_identify(venv/lib/python3.12/site-packages/dateutil/zoneinfo/__pycache__) by extensions ['ignore', 'ignore_ament_install']
[0.176s] Level 1:colcon.colcon_core.package_identification:_identify(venv/lib/python3.12/site-packages/dateutil/zoneinfo/__pycache__) by extension 'ignore'
[0.176s] Level 1:colcon.colcon_core.package_identification:_identify(venv/lib/python3.12/site-packages/dateutil/zoneinfo/__pycache__) by extension 'ignore_ament_install'
[0.177s] Level 1:colcon.colcon_core.package_identification:_identify(venv/lib/python3.12/site-packages/dateutil/zoneinfo/__pycache__) by extensions ['colcon_pkg']
[0.177s] Level 1:colcon.colcon_core.package_identification:_identify(venv/lib/python3.12/site-packages/dateutil/zoneinfo/__pycache__) by extension 'colcon_pkg'
[0.177s] Level 1:colcon.colcon_core.package_identification:_identify(venv/lib/python3.12/site-packages/dateutil/zoneinfo/__pycache__) by extensions ['colcon_meta']
[0.177s] Level 1:colcon.colcon_core.package_identification:_identify(venv/lib/python3.12/site-packages/dateutil/zoneinfo/__pycache__) by extension 'colcon_meta'
[0.177s] Level 1:colcon.colcon_core.package_identification:_identify(venv/lib/python3.12/site-packages/dateutil/zoneinfo/__pycache__) by extensions ['ros']
[0.177s] Level 1:colcon.colcon_core.package_identification:_identify(venv/lib/python3.12/site-packages/dateutil/zoneinfo/__pycache__) by extension 'ros'
[0.177s] Level 1:colcon.colcon_core.package_identification:_identify(venv/lib/python3.12/site-packages/dateutil/zoneinfo/__pycache__) by extensions ['cmake', 'python']
[0.177s] Level 1:colcon.colcon_core.package_identification:_identify(venv/lib/python3.12/site-packages/dateutil/zoneinfo/__pycache__) by extension 'cmake'
[0.177s] Level 1:colcon.colcon_core.package_identification:_identify(venv/lib/python3.12/site-packages/dateutil/zoneinfo/__pycache__) by extension 'python'
[0.177s] Level 1:colcon.colcon_core.package_identification:_identify(venv/lib/python3.12/site-packages/dateutil/zoneinfo/__pycache__) by extensions ['python_setup_py']
[0.177s] Level 1:colcon.colcon_core.package_identification:_identify(venv/lib/python3.12/site-packages/dateutil/zoneinfo/__pycache__) by extension 'python_setup_py'
[0.177s] Level 1:colcon.colcon_core.package_identification:_identify(venv/lib/python3.12/site-packages/docutils) by extensions ['ignore', 'ignore_ament_install']
[0.177s] Level 1:colcon.colcon_core.package_identification:_identify(venv/lib/python3.12/site-packages/docutils) by extension 'ignore'
[0.177s] Level 1:colcon.colcon_core.package_identification:_identify(venv/lib/python3.12/site-packages/docutils) by extension 'ignore_ament_install'
[0.177s] Level 1:colcon.colcon_core.package_identification:_identify(venv/lib/python3.12/site-packages/docutils) by extensions ['colcon_pkg']
[0.177s] Level 1:colcon.colcon_core.package_identification:_identify(venv/lib/python3.12/site-packages/docutils) by extension 'colcon_pkg'
[0.177s] Level 1:colcon.colcon_core.package_identification:_identify(venv/lib/python3.12/site-packages/docutils) by extensions ['colcon_meta']
[0.177s] Level 1:colcon.colcon_core.package_identification:_identify(venv/lib/python3.12/site-packages/docutils) by extension 'colcon_meta'
[0.177s] Level 1:colcon.colcon_core.package_identification:_identify(venv/lib/python3.12/site-packages/docutils) by extensions ['ros']
[0.177s] Level 1:colcon.colcon_core.package_identification:_identify(venv/lib/python3.12/site-packages/docutils) by extension 'ros'
[0.177s] Level 1:colcon.colcon_core.package_identification:_identify(venv/lib/python3.12/site-packages/docutils) by extensions ['cmake', 'python']
[0.177s] Level 1:colcon.colcon_core.package_identification:_identify(venv/lib/python3.12/site-packages/docutils) by extension 'cmake'
[0.177s] Level 1:colcon.colcon_core.package_identification:_identify(venv/lib/python3.12/site-packages/docutils) by extension 'python'
[0.178s] Level 1:colcon.colcon_core.package_identification:_identify(venv/lib/python3.12/site-packages/docutils) by extensions ['python_setup_py']
[0.178s] Level 1:colcon.colcon_core.package_identification:_identify(venv/lib/python3.12/site-packages/docutils) by extension 'python_setup_py'
[0.178s] Level 1:colcon.colcon_core.package_identification:_identify(venv/lib/python3.12/site-packages/docutils/__pycache__) by extensions ['ignore', 'ignore_ament_install']
[0.178s] Level 1:colcon.colcon_core.package_identification:_identify(venv/lib/python3.12/site-packages/docutils/__pycache__) by extension 'ignore'
[0.178s] Level 1:colcon.colcon_core.package_identification:_identify(venv/lib/python3.12/site-packages/docutils/__pycache__) by extension 'ignore_ament_install'
[0.178s] Level 1:colcon.colcon_core.package_identification:_identify(venv/lib/python3.12/site-packages/docutils/__pycache__) by extensions ['colcon_pkg']
[0.178s] Level 1:colcon.colcon_core.package_identification:_identify(venv/lib/python3.12/site-packages/docutils/__pycache__) by extension 'colcon_pkg'
[0.178s] Level 1:colcon.colcon_core.package_identification:_identify(venv/lib/python3.12/site-packages/docutils/__pycache__) by extensions ['colcon_meta']
[0.178s] Level 1:colcon.colcon_core.package_identification:_identify(venv/lib/python3.12/site-packages/docutils/__pycache__) by extension 'colcon_meta'
[0.178s] Level 1:colcon.colcon_core.package_identification:_identify(venv/lib/python3.12/site-packages/docutils/__pycache__) by extensions ['ros']
[0.178s] Level 1:colcon.colcon_core.package_identification:_identify(venv/lib/python3.12/site-packages/docutils/__pycache__) by extension 'ros'
[0.178s] Level 1:colcon.colcon_core.package_identification:_identify(venv/lib/python3.12/site-packages/docutils/__pycache__) by extensions ['cmake', 'python']
[0.178s] Level 1:colcon.colcon_core.package_identification:_identify(venv/lib/python3.12/site-packages/docutils/__pycache__) by extension 'cmake'
[0.178s] Level 1:colcon.colcon_core.package_identification:_identify(venv/lib/python3.12/site-packages/docutils/__pycache__) by extension 'python'
[0.178s] Level 1:colcon.colcon_core.package_identification:_identify(venv/lib/python3.12/site-packages/docutils/__pycache__) by extensions ['python_setup_py']
[0.178s] Level 1:colcon.colcon_core.package_identification:_identify(venv/lib/python3.12/site-packages/docutils/__pycache__) by extension 'python_setup_py'
[0.178s] Level 1:colcon.colcon_core.package_identification:_identify(venv/lib/python3.12/site-packages/docutils/languages) by extensions ['ignore', 'ignore_ament_install']
[0.178s] Level 1:colcon.colcon_core.package_identification:_identify(venv/lib/python3.12/site-packages/docutils/languages) by extension 'ignore'
[0.178s] Level 1:colcon.colcon_core.package_identification:_identify(venv/lib/python3.12/site-packages/docutils/languages) by extension 'ignore_ament_install'
[0.179s] Level 1:colcon.colcon_core.package_identification:_identify(venv/lib/python3.12/site-packages/docutils/languages) by extensions ['colcon_pkg']
[0.179s] Level 1:colcon.colcon_core.package_identification:_identify(venv/lib/python3.12/site-packages/docutils/languages) by extension 'colcon_pkg'
[0.179s] Level 1:colcon.colcon_core.package_identification:_identify(venv/lib/python3.12/site-packages/docutils/languages) by extensions ['colcon_meta']
[0.179s] Level 1:colcon.colcon_core.package_identification:_identify(venv/lib/python3.12/site-packages/docutils/languages) by extension 'colcon_meta'
[0.179s] Level 1:colcon.colcon_core.package_identification:_identify(venv/lib/python3.12/site-packages/docutils/languages) by extensions ['ros']
[0.179s] Level 1:colcon.colcon_core.package_identification:_identify(venv/lib/python3.12/site-packages/docutils/languages) by extension 'ros'
[0.179s] Level 1:colcon.colcon_core.package_identification:_identify(venv/lib/python3.12/site-packages/docutils/languages) by extensions ['cmake', 'python']
[0.179s] Level 1:colcon.colcon_core.package_identification:_identify(venv/lib/python3.12/site-packages/docutils/languages) by extension 'cmake'
[0.179s] Level 1:colcon.colcon_core.package_identification:_identify(venv/lib/python3.12/site-packages/docutils/languages) by extension 'python'
[0.179s] Level 1:colcon.colcon_core.package_identification:_identify(venv/lib/python3.12/site-packages/docutils/languages) by extensions ['python_setup_py']
[0.179s] Level 1:colcon.colcon_core.package_identification:_identify(venv/lib/python3.12/site-packages/docutils/languages) by extension 'python_setup_py'
[0.179s] Level 1:colcon.colcon_core.package_identification:_identify(venv/lib/python3.12/site-packages/docutils/languages/__pycache__) by extensions ['ignore', 'ignore_ament_install']
[0.179s] Level 1:colcon.colcon_core.package_identification:_identify(venv/lib/python3.12/site-packages/docutils/languages/__pycache__) by extension 'ignore'
[0.179s] Level 1:colcon.colcon_core.package_identification:_identify(venv/lib/python3.12/site-packages/docutils/languages/__pycache__) by extension 'ignore_ament_install'
[0.179s] Level 1:colcon.colcon_core.package_identification:_identify(venv/lib/python3.12/site-packages/docutils/languages/__pycache__) by extensions ['colcon_pkg']
[0.179s] Level 1:colcon.colcon_core.package_identification:_identify(venv/lib/python3.12/site-packages/docutils/languages/__pycache__) by extension 'colcon_pkg'
[0.179s] Level 1:colcon.colcon_core.package_identification:_identify(venv/lib/python3.12/site-packages/docutils/languages/__pycache__) by extensions ['colcon_meta']
[0.179s] Level 1:colcon.colcon_core.package_identification:_identify(venv/lib/python3.12/site-packages/docutils/languages/__pycache__) by extension 'colcon_meta'
[0.179s] Level 1:colcon.colcon_core.package_identification:_identify(venv/lib/python3.12/site-packages/docutils/languages/__pycache__) by extensions ['ros']
[0.179s] Level 1:colcon.colcon_core.package_identification:_identify(venv/lib/python3.12/site-packages/docutils/languages/__pycache__) by extension 'ros'
[0.179s] Level 1:colcon.colcon_core.package_identification:_identify(venv/lib/python3.12/site-packages/docutils/languages/__pycache__) by extensions ['cmake', 'python']
[0.179s] Level 1:colcon.colcon_core.package_identification:_identify(venv/lib/python3.12/site-packages/docutils/languages/__pycache__) by extension 'cmake'
[0.180s] Level 1:colcon.colcon_core.package_identification:_identify(venv/lib/python3.12/site-packages/docutils/languages/__pycache__) by extension 'python'
[0.180s] Level 1:colcon.colcon_core.package_identification:_identify(venv/lib/python3.12/site-packages/docutils/languages/__pycache__) by extensions ['python_setup_py']
[0.180s] Level 1:colcon.colcon_core.package_identification:_identify(venv/lib/python3.12/site-packages/docutils/languages/__pycache__) by extension 'python_setup_py'
[0.180s] Level 1:colcon.colcon_core.package_identification:_identify(venv/lib/python3.12/site-packages/docutils/parsers) by extensions ['ignore', 'ignore_ament_install']
[0.180s] Level 1:colcon.colcon_core.package_identification:_identify(venv/lib/python3.12/site-packages/docutils/parsers) by extension 'ignore'
[0.180s] Level 1:colcon.colcon_core.package_identification:_identify(venv/lib/python3.12/site-packages/docutils/parsers) by extension 'ignore_ament_install'
[0.180s] Level 1:colcon.colcon_core.package_identification:_identify(venv/lib/python3.12/site-packages/docutils/parsers) by extensions ['colcon_pkg']
[0.180s] Level 1:colcon.colcon_core.package_identification:_identify(venv/lib/python3.12/site-packages/docutils/parsers) by extension 'colcon_pkg'
[0.180s] Level 1:colcon.colcon_core.package_identification:_identify(venv/lib/python3.12/site-packages/docutils/parsers) by extensions ['colcon_meta']
[0.180s] Level 1:colcon.colcon_core.package_identification:_identify(venv/lib/python3.12/site-packages/docutils/parsers) by extension 'colcon_meta'
[0.180s] Level 1:colcon.colcon_core.package_identification:_identify(venv/lib/python3.12/site-packages/docutils/parsers) by extensions ['ros']
[0.180s] Level 1:colcon.colcon_core.package_identification:_identify(venv/lib/python3.12/site-packages/docutils/parsers) by extension 'ros'
[0.180s] Level 1:colcon.colcon_core.package_identification:_identify(venv/lib/python3.12/site-packages/docutils/parsers) by extensions ['cmake', 'python']
[0.180s] Level 1:colcon.colcon_core.package_identification:_identify(venv/lib/python3.12/site-packages/docutils/parsers) by extension 'cmake'
[0.180s] Level 1:colcon.colcon_core.package_identification:_identify(venv/lib/python3.12/site-packages/docutils/parsers) by extension 'python'
[0.180s] Level 1:colcon.colcon_core.package_identification:_identify(venv/lib/python3.12/site-packages/docutils/parsers) by extensions ['python_setup_py']
[0.180s] Level 1:colcon.colcon_core.package_identification:_identify(venv/lib/python3.12/site-packages/docutils/parsers) by extension 'python_setup_py'
[0.180s] Level 1:colcon.colcon_core.package_identification:_identify(venv/lib/python3.12/site-packages/docutils/parsers/__pycache__) by extensions ['ignore', 'ignore_ament_install']
[0.180s] Level 1:colcon.colcon_core.package_identification:_identify(venv/lib/python3.12/site-packages/docutils/parsers/__pycache__) by extension 'ignore'
[0.180s] Level 1:colcon.colcon_core.package_identification:_identify(venv/lib/python3.12/site-packages/docutils/parsers/__pycache__) by extension 'ignore_ament_install'
[0.181s] Level 1:colcon.colcon_core.package_identification:_identify(venv/lib/python3.12/site-packages/docutils/parsers/__pycache__) by extensions ['colcon_pkg']
[0.181s] Level 1:colcon.colcon_core.package_identification:_identify(venv/lib/python3.12/site-packages/docutils/parsers/__pycache__) by extension 'colcon_pkg'
[0.181s] Level 1:colcon.colcon_core.package_identification:_identify(venv/lib/python3.12/site-packages/docutils/parsers/__pycache__) by extensions ['colcon_meta']
[0.181s] Level 1:colcon.colcon_core.package_identification:_identify(venv/lib/python3.12/site-packages/docutils/parsers/__pycache__) by extension 'colcon_meta'
[0.181s] Level 1:colcon.colcon_core.package_identification:_identify(venv/lib/python3.12/site-packages/docutils/parsers/__pycache__) by extensions ['ros']
[0.181s] Level 1:colcon.colcon_core.package_identification:_identify(venv/lib/python3.12/site-packages/docutils/parsers/__pycache__) by extension 'ros'
[0.181s] Level 1:colcon.colcon_core.package_identification:_identify(venv/lib/python3.12/site-packages/docutils/parsers/__pycache__) by extensions ['cmake', 'python']
[0.181s] Level 1:colcon.colcon_core.package_identification:_identify(venv/lib/python3.12/site-packages/docutils/parsers/__pycache__) by extension 'cmake'
[0.181s] Level 1:colcon.colcon_core.package_identification:_identify(venv/lib/python3.12/site-packages/docutils/parsers/__pycache__) by extension 'python'
[0.181s] Level 1:colcon.colcon_core.package_identification:_identify(venv/lib/python3.12/site-packages/docutils/parsers/__pycache__) by extensions ['python_setup_py']
[0.181s] Level 1:colcon.colcon_core.package_identification:_identify(venv/lib/python3.12/site-packages/docutils/parsers/__pycache__) by extension 'python_setup_py'
[0.181s] Level 1:colcon.colcon_core.package_identification:_identify(venv/lib/python3.12/site-packages/docutils/parsers/rst) by extensions ['ignore', 'ignore_ament_install']
[0.181s] Level 1:colcon.colcon_core.package_identification:_identify(venv/lib/python3.12/site-packages/docutils/parsers/rst) by extension 'ignore'
[0.181s] Level 1:colcon.colcon_core.package_identification:_identify(venv/lib/python3.12/site-packages/docutils/parsers/rst) by extension 'ignore_ament_install'
[0.181s] Level 1:colcon.colcon_core.package_identification:_identify(venv/lib/python3.12/site-packages/docutils/parsers/rst) by extensions ['colcon_pkg']
[0.181s] Level 1:colcon.colcon_core.package_identification:_identify(venv/lib/python3.12/site-packages/docutils/parsers/rst) by extension 'colcon_pkg'
[0.181s] Level 1:colcon.colcon_core.package_identification:_identify(venv/lib/python3.12/site-packages/docutils/parsers/rst) by extensions ['colcon_meta']
[0.181s] Level 1:colcon.colcon_core.package_identification:_identify(venv/lib/python3.12/site-packages/docutils/parsers/rst) by extension 'colcon_meta'
[0.181s] Level 1:colcon.colcon_core.package_identification:_identify(venv/lib/python3.12/site-packages/docutils/parsers/rst) by extensions ['ros']
[0.181s] Level 1:colcon.colcon_core.package_identification:_identify(venv/lib/python3.12/site-packages/docutils/parsers/rst) by extension 'ros'
[0.181s] Level 1:colcon.colcon_core.package_identification:_identify(venv/lib/python3.12/site-packages/docutils/parsers/rst) by extensions ['cmake', 'python']
[0.181s] Level 1:colcon.colcon_core.package_identification:_identify(venv/lib/python3.12/site-packages/docutils/parsers/rst) by extension 'cmake'
[0.182s] Level 1:colcon.colcon_core.package_identification:_identify(venv/lib/python3.12/site-packages/docutils/parsers/rst) by extension 'python'
[0.182s] Level 1:colcon.colcon_core.package_identification:_identify(venv/lib/python3.12/site-packages/docutils/parsers/rst) by extensions ['python_setup_py']
[0.182s] Level 1:colcon.colcon_core.package_identification:_identify(venv/lib/python3.12/site-packages/docutils/parsers/rst) by extension 'python_setup_py'
[0.182s] Level 1:colcon.colcon_core.package_identification:_identify(venv/lib/python3.12/site-packages/docutils/parsers/rst/__pycache__) by extensions ['ignore', 'ignore_ament_install']
[0.182s] Level 1:colcon.colcon_core.package_identification:_identify(venv/lib/python3.12/site-packages/docutils/parsers/rst/__pycache__) by extension 'ignore'
[0.182s] Level 1:colcon.colcon_core.package_identification:_identify(venv/lib/python3.12/site-packages/docutils/parsers/rst/__pycache__) by extension 'ignore_ament_install'
[0.182s] Level 1:colcon.colcon_core.package_identification:_identify(venv/lib/python3.12/site-packages/docutils/parsers/rst/__pycache__) by extensions ['colcon_pkg']
[0.182s] Level 1:colcon.colcon_core.package_identification:_identify(venv/lib/python3.12/site-packages/docutils/parsers/rst/__pycache__) by extension 'colcon_pkg'
[0.182s] Level 1:colcon.colcon_core.package_identification:_identify(venv/lib/python3.12/site-packages/docutils/parsers/rst/__pycache__) by extensions ['colcon_meta']
[0.182s] Level 1:colcon.colcon_core.package_identification:_identify(venv/lib/python3.12/site-packages/docutils/parsers/rst/__pycache__) by extension 'colcon_meta'
[0.182s] Level 1:colcon.colcon_core.package_identification:_identify(venv/lib/python3.12/site-packages/docutils/parsers/rst/__pycache__) by extensions ['ros']
[0.182s] Level 1:colcon.colcon_core.package_identification:_identify(venv/lib/python3.12/site-packages/docutils/parsers/rst/__pycache__) by extension 'ros'
[0.182s] Level 1:colcon.colcon_core.package_identification:_identify(venv/lib/python3.12/site-packages/docutils/parsers/rst/__pycache__) by extensions ['cmake', 'python']
[0.182s] Level 1:colcon.colcon_core.package_identification:_identify(venv/lib/python3.12/site-packages/docutils/parsers/rst/__pycache__) by extension 'cmake'
[0.182s] Level 1:colcon.colcon_core.package_identification:_identify(venv/lib/python3.12/site-packages/docutils/parsers/rst/__pycache__) by extension 'python'
[0.182s] Level 1:colcon.colcon_core.package_identification:_identify(venv/lib/python3.12/site-packages/docutils/parsers/rst/__pycache__) by extensions ['python_setup_py']
[0.182s] Level 1:colcon.colcon_core.package_identification:_identify(venv/lib/python3.12/site-packages/docutils/parsers/rst/__pycache__) by extension 'python_setup_py'
[0.182s] Level 1:colcon.colcon_core.package_identification:_identify(venv/lib/python3.12/site-packages/docutils/parsers/rst/directives) by extensions ['ignore', 'ignore_ament_install']
[0.182s] Level 1:colcon.colcon_core.package_identification:_identify(venv/lib/python3.12/site-packages/docutils/parsers/rst/directives) by extension 'ignore'
[0.183s] Level 1:colcon.colcon_core.package_identification:_identify(venv/lib/python3.12/site-packages/docutils/parsers/rst/directives) by extension 'ignore_ament_install'
[0.183s] Level 1:colcon.colcon_core.package_identification:_identify(venv/lib/python3.12/site-packages/docutils/parsers/rst/directives) by extensions ['colcon_pkg']
[0.183s] Level 1:colcon.colcon_core.package_identification:_identify(venv/lib/python3.12/site-packages/docutils/parsers/rst/directives) by extension 'colcon_pkg'
[0.183s] Level 1:colcon.colcon_core.package_identification:_identify(venv/lib/python3.12/site-packages/docutils/parsers/rst/directives) by extensions ['colcon_meta']
[0.183s] Level 1:colcon.colcon_core.package_identification:_identify(venv/lib/python3.12/site-packages/docutils/parsers/rst/directives) by extension 'colcon_meta'
[0.183s] Level 1:colcon.colcon_core.package_identification:_identify(venv/lib/python3.12/site-packages/docutils/parsers/rst/directives) by extensions ['ros']
[0.183s] Level 1:colcon.colcon_core.package_identification:_identify(venv/lib/python3.12/site-packages/docutils/parsers/rst/directives) by extension 'ros'
[0.183s] Level 1:colcon.colcon_core.package_identification:_identify(venv/lib/python3.12/site-packages/docutils/parsers/rst/directives) by extensions ['cmake', 'python']
[0.183s] Level 1:colcon.colcon_core.package_identification:_identify(venv/lib/python3.12/site-packages/docutils/parsers/rst/directives) by extension 'cmake'
[0.183s] Level 1:colcon.colcon_core.package_identification:_identify(venv/lib/python3.12/site-packages/docutils/parsers/rst/directives) by extension 'python'
[0.183s] Level 1:colcon.colcon_core.package_identification:_identify(venv/lib/python3.12/site-packages/docutils/parsers/rst/directives) by extensions ['python_setup_py']
[0.183s] Level 1:colcon.colcon_core.package_identification:_identify(venv/lib/python3.12/site-packages/docutils/parsers/rst/directives) by extension 'python_setup_py'
[0.183s] Level 1:colcon.colcon_core.package_identification:_identify(venv/lib/python3.12/site-packages/docutils/parsers/rst/directives/__pycache__) by extensions ['ignore', 'ignore_ament_install']
[0.183s] Level 1:colcon.colcon_core.package_identification:_identify(venv/lib/python3.12/site-packages/docutils/parsers/rst/directives/__pycache__) by extension 'ignore'
[0.183s] Level 1:colcon.colcon_core.package_identification:_identify(venv/lib/python3.12/site-packages/docutils/parsers/rst/directives/__pycache__) by extension 'ignore_ament_install'
[0.183s] Level 1:colcon.colcon_core.package_identification:_identify(venv/lib/python3.12/site-packages/docutils/parsers/rst/directives/__pycache__) by extensions ['colcon_pkg']
[0.183s] Level 1:colcon.colcon_core.package_identification:_identify(venv/lib/python3.12/site-packages/docutils/parsers/rst/directives/__pycache__) by extension 'colcon_pkg'
[0.183s] Level 1:colcon.colcon_core.package_identification:_identify(venv/lib/python3.12/site-packages/docutils/parsers/rst/directives/__pycache__) by extensions ['colcon_meta']
[0.183s] Level 1:colcon.colcon_core.package_identification:_identify(venv/lib/python3.12/site-packages/docutils/parsers/rst/directives/__pycache__) by extension 'colcon_meta'
[0.183s] Level 1:colcon.colcon_core.package_identification:_identify(venv/lib/python3.12/site-packages/docutils/parsers/rst/directives/__pycache__) by extensions ['ros']
[0.183s] Level 1:colcon.colcon_core.package_identification:_identify(venv/lib/python3.12/site-packages/docutils/parsers/rst/directives/__pycache__) by extension 'ros'
[0.184s] Level 1:colcon.colcon_core.package_identification:_identify(venv/lib/python3.12/site-packages/docutils/parsers/rst/directives/__pycache__) by extensions ['cmake', 'python']
[0.184s] Level 1:colcon.colcon_core.package_identification:_identify(venv/lib/python3.12/site-packages/docutils/parsers/rst/directives/__pycache__) by extension 'cmake'
[0.184s] Level 1:colcon.colcon_core.package_identification:_identify(venv/lib/python3.12/site-packages/docutils/parsers/rst/directives/__pycache__) by extension 'python'
[0.184s] Level 1:colcon.colcon_core.package_identification:_identify(venv/lib/python3.12/site-packages/docutils/parsers/rst/directives/__pycache__) by extensions ['python_setup_py']
[0.184s] Level 1:colcon.colcon_core.package_identification:_identify(venv/lib/python3.12/site-packages/docutils/parsers/rst/directives/__pycache__) by extension 'python_setup_py'
[0.184s] Level 1:colcon.colcon_core.package_identification:_identify(venv/lib/python3.12/site-packages/docutils/parsers/rst/include) by extensions ['ignore', 'ignore_ament_install']
[0.184s] Level 1:colcon.colcon_core.package_identification:_identify(venv/lib/python3.12/site-packages/docutils/parsers/rst/include) by extension 'ignore'
[0.184s] Level 1:colcon.colcon_core.package_identification:_identify(venv/lib/python3.12/site-packages/docutils/parsers/rst/include) by extension 'ignore_ament_install'
[0.184s] Level 1:colcon.colcon_core.package_identification:_identify(venv/lib/python3.12/site-packages/docutils/parsers/rst/include) by extensions ['colcon_pkg']
[0.184s] Level 1:colcon.colcon_core.package_identification:_identify(venv/lib/python3.12/site-packages/docutils/parsers/rst/include) by extension 'colcon_pkg'
[0.184s] Level 1:colcon.colcon_core.package_identification:_identify(venv/lib/python3.12/site-packages/docutils/parsers/rst/include) by extensions ['colcon_meta']
[0.184s] Level 1:colcon.colcon_core.package_identification:_identify(venv/lib/python3.12/site-packages/docutils/parsers/rst/include) by extension 'colcon_meta'
[0.184s] Level 1:colcon.colcon_core.package_identification:_identify(venv/lib/python3.12/site-packages/docutils/parsers/rst/include) by extensions ['ros']
[0.184s] Level 1:colcon.colcon_core.package_identification:_identify(venv/lib/python3.12/site-packages/docutils/parsers/rst/include) by extension 'ros'
[0.184s] Level 1:colcon.colcon_core.package_identification:_identify(venv/lib/python3.12/site-packages/docutils/parsers/rst/include) by extensions ['cmake', 'python']
[0.184s] Level 1:colcon.colcon_core.package_identification:_identify(venv/lib/python3.12/site-packages/docutils/parsers/rst/include) by extension 'cmake'
[0.184s] Level 1:colcon.colcon_core.package_identification:_identify(venv/lib/python3.12/site-packages/docutils/parsers/rst/include) by extension 'python'
[0.184s] Level 1:colcon.colcon_core.package_identification:_identify(venv/lib/python3.12/site-packages/docutils/parsers/rst/include) by extensions ['python_setup_py']
[0.185s] Level 1:colcon.colcon_core.package_identification:_identify(venv/lib/python3.12/site-packages/docutils/parsers/rst/include) by extension 'python_setup_py'
[0.185s] Level 1:colcon.colcon_core.package_identification:_identify(venv/lib/python3.12/site-packages/docutils/parsers/rst/languages) by extensions ['ignore', 'ignore_ament_install']
[0.185s] Level 1:colcon.colcon_core.package_identification:_identify(venv/lib/python3.12/site-packages/docutils/parsers/rst/languages) by extension 'ignore'
[0.185s] Level 1:colcon.colcon_core.package_identification:_identify(venv/lib/python3.12/site-packages/docutils/parsers/rst/languages) by extension 'ignore_ament_install'
[0.185s] Level 1:colcon.colcon_core.package_identification:_identify(venv/lib/python3.12/site-packages/docutils/parsers/rst/languages) by extensions ['colcon_pkg']
[0.185s] Level 1:colcon.colcon_core.package_identification:_identify(venv/lib/python3.12/site-packages/docutils/parsers/rst/languages) by extension 'colcon_pkg'
[0.185s] Level 1:colcon.colcon_core.package_identification:_identify(venv/lib/python3.12/site-packages/docutils/parsers/rst/languages) by extensions ['colcon_meta']
[0.185s] Level 1:colcon.colcon_core.package_identification:_identify(venv/lib/python3.12/site-packages/docutils/parsers/rst/languages) by extension 'colcon_meta'
[0.185s] Level 1:colcon.colcon_core.package_identification:_identify(venv/lib/python3.12/site-packages/docutils/parsers/rst/languages) by extensions ['ros']
[0.185s] Level 1:colcon.colcon_core.package_identification:_identify(venv/lib/python3.12/site-packages/docutils/parsers/rst/languages) by extension 'ros'
[0.185s] Level 1:colcon.colcon_core.package_identification:_identify(venv/lib/python3.12/site-packages/docutils/parsers/rst/languages) by extensions ['cmake', 'python']
[0.185s] Level 1:colcon.colcon_core.package_identification:_identify(venv/lib/python3.12/site-packages/docutils/parsers/rst/languages) by extension 'cmake'
[0.185s] Level 1:colcon.colcon_core.package_identification:_identify(venv/lib/python3.12/site-packages/docutils/parsers/rst/languages) by extension 'python'
[0.185s] Level 1:colcon.colcon_core.package_identification:_identify(venv/lib/python3.12/site-packages/docutils/parsers/rst/languages) by extensions ['python_setup_py']
[0.185s] Level 1:colcon.colcon_core.package_identification:_identify(venv/lib/python3.12/site-packages/docutils/parsers/rst/languages) by extension 'python_setup_py'
[0.185s] Level 1:colcon.colcon_core.package_identification:_identify(venv/lib/python3.12/site-packages/docutils/parsers/rst/languages/__pycache__) by extensions ['ignore', 'ignore_ament_install']
[0.185s] Level 1:colcon.colcon_core.package_identification:_identify(venv/lib/python3.12/site-packages/docutils/parsers/rst/languages/__pycache__) by extension 'ignore'
[0.186s] Level 1:colcon.colcon_core.package_identification:_identify(venv/lib/python3.12/site-packages/docutils/parsers/rst/languages/__pycache__) by extension 'ignore_ament_install'
[0.186s] Level 1:colcon.colcon_core.package_identification:_identify(venv/lib/python3.12/site-packages/docutils/parsers/rst/languages/__pycache__) by extensions ['colcon_pkg']
[0.186s] Level 1:colcon.colcon_core.package_identification:_identify(venv/lib/python3.12/site-packages/docutils/parsers/rst/languages/__pycache__) by extension 'colcon_pkg'
[0.186s] Level 1:colcon.colcon_core.package_identification:_identify(venv/lib/python3.12/site-packages/docutils/parsers/rst/languages/__pycache__) by extensions ['colcon_meta']
[0.186s] Level 1:colcon.colcon_core.package_identification:_identify(venv/lib/python3.12/site-packages/docutils/parsers/rst/languages/__pycache__) by extension 'colcon_meta'
[0.186s] Level 1:colcon.colcon_core.package_identification:_identify(venv/lib/python3.12/site-packages/docutils/parsers/rst/languages/__pycache__) by extensions ['ros']
[0.186s] Level 1:colcon.colcon_core.package_identification:_identify(venv/lib/python3.12/site-packages/docutils/parsers/rst/languages/__pycache__) by extension 'ros'
[0.186s] Level 1:colcon.colcon_core.package_identification:_identify(venv/lib/python3.12/site-packages/docutils/parsers/rst/languages/__pycache__) by extensions ['cmake', 'python']
[0.186s] Level 1:colcon.colcon_core.package_identification:_identify(venv/lib/python3.12/site-packages/docutils/parsers/rst/languages/__pycache__) by extension 'cmake'
[0.186s] Level 1:colcon.colcon_core.package_identification:_identify(venv/lib/python3.12/site-packages/docutils/parsers/rst/languages/__pycache__) by extension 'python'
[0.186s] Level 1:colcon.colcon_core.package_identification:_identify(venv/lib/python3.12/site-packages/docutils/parsers/rst/languages/__pycache__) by extensions ['python_setup_py']
[0.186s] Level 1:colcon.colcon_core.package_identification:_identify(venv/lib/python3.12/site-packages/docutils/parsers/rst/languages/__pycache__) by extension 'python_setup_py'
[0.186s] Level 1:colcon.colcon_core.package_identification:_identify(venv/lib/python3.12/site-packages/docutils/readers) by extensions ['ignore', 'ignore_ament_install']
[0.186s] Level 1:colcon.colcon_core.package_identification:_identify(venv/lib/python3.12/site-packages/docutils/readers) by extension 'ignore'
[0.186s] Level 1:colcon.colcon_core.package_identification:_identify(venv/lib/python3.12/site-packages/docutils/readers) by extension 'ignore_ament_install'
[0.186s] Level 1:colcon.colcon_core.package_identification:_identify(venv/lib/python3.12/site-packages/docutils/readers) by extensions ['colcon_pkg']
[0.186s] Level 1:colcon.colcon_core.package_identification:_identify(venv/lib/python3.12/site-packages/docutils/readers) by extension 'colcon_pkg'
[0.186s] Level 1:colcon.colcon_core.package_identification:_identify(venv/lib/python3.12/site-packages/docutils/readers) by extensions ['colcon_meta']
[0.186s] Level 1:colcon.colcon_core.package_identification:_identify(venv/lib/python3.12/site-packages/docutils/readers) by extension 'colcon_meta'
[0.186s] Level 1:colcon.colcon_core.package_identification:_identify(venv/lib/python3.12/site-packages/docutils/readers) by extensions ['ros']
[0.187s] Level 1:colcon.colcon_core.package_identification:_identify(venv/lib/python3.12/site-packages/docutils/readers) by extension 'ros'
[0.187s] Level 1:colcon.colcon_core.package_identification:_identify(venv/lib/python3.12/site-packages/docutils/readers) by extensions ['cmake', 'python']
[0.187s] Level 1:colcon.colcon_core.package_identification:_identify(venv/lib/python3.12/site-packages/docutils/readers) by extension 'cmake'
[0.187s] Level 1:colcon.colcon_core.package_identification:_identify(venv/lib/python3.12/site-packages/docutils/readers) by extension 'python'
[0.187s] Level 1:colcon.colcon_core.package_identification:_identify(venv/lib/python3.12/site-packages/docutils/readers) by extensions ['python_setup_py']
[0.187s] Level 1:colcon.colcon_core.package_identification:_identify(venv/lib/python3.12/site-packages/docutils/readers) by extension 'python_setup_py'
[0.187s] Level 1:colcon.colcon_core.package_identification:_identify(venv/lib/python3.12/site-packages/docutils/readers/__pycache__) by extensions ['ignore', 'ignore_ament_install']
[0.187s] Level 1:colcon.colcon_core.package_identification:_identify(venv/lib/python3.12/site-packages/docutils/readers/__pycache__) by extension 'ignore'
[0.187s] Level 1:colcon.colcon_core.package_identification:_identify(venv/lib/python3.12/site-packages/docutils/readers/__pycache__) by extension 'ignore_ament_install'
[0.187s] Level 1:colcon.colcon_core.package_identification:_identify(venv/lib/python3.12/site-packages/docutils/readers/__pycache__) by extensions ['colcon_pkg']
[0.187s] Level 1:colcon.colcon_core.package_identification:_identify(venv/lib/python3.12/site-packages/docutils/readers/__pycache__) by extension 'colcon_pkg'
[0.187s] Level 1:colcon.colcon_core.package_identification:_identify(venv/lib/python3.12/site-packages/docutils/readers/__pycache__) by extensions ['colcon_meta']
[0.187s] Level 1:colcon.colcon_core.package_identification:_identify(venv/lib/python3.12/site-packages/docutils/readers/__pycache__) by extension 'colcon_meta'
[0.187s] Level 1:colcon.colcon_core.package_identification:_identify(venv/lib/python3.12/site-packages/docutils/readers/__pycache__) by extensions ['ros']
[0.187s] Level 1:colcon.colcon_core.package_identification:_identify(venv/lib/python3.12/site-packages/docutils/readers/__pycache__) by extension 'ros'
[0.187s] Level 1:colcon.colcon_core.package_identification:_identify(venv/lib/python3.12/site-packages/docutils/readers/__pycache__) by extensions ['cmake', 'python']
[0.187s] Level 1:colcon.colcon_core.package_identification:_identify(venv/lib/python3.12/site-packages/docutils/readers/__pycache__) by extension 'cmake'
[0.187s] Level 1:colcon.colcon_core.package_identification:_identify(venv/lib/python3.12/site-packages/docutils/readers/__pycache__) by extension 'python'
[0.187s] Level 1:colcon.colcon_core.package_identification:_identify(venv/lib/python3.12/site-packages/docutils/readers/__pycache__) by extensions ['python_setup_py']
[0.187s] Level 1:colcon.colcon_core.package_identification:_identify(venv/lib/python3.12/site-packages/docutils/readers/__pycache__) by extension 'python_setup_py'
[0.188s] Level 1:colcon.colcon_core.package_identification:_identify(venv/lib/python3.12/site-packages/docutils/transforms) by extensions ['ignore', 'ignore_ament_install']
[0.188s] Level 1:colcon.colcon_core.package_identification:_identify(venv/lib/python3.12/site-packages/docutils/transforms) by extension 'ignore'
[0.188s] Level 1:colcon.colcon_core.package_identification:_identify(venv/lib/python3.12/site-packages/docutils/transforms) by extension 'ignore_ament_install'
[0.188s] Level 1:colcon.colcon_core.package_identification:_identify(venv/lib/python3.12/site-packages/docutils/transforms) by extensions ['colcon_pkg']
[0.188s] Level 1:colcon.colcon_core.package_identification:_identify(venv/lib/python3.12/site-packages/docutils/transforms) by extension 'colcon_pkg'
[0.188s] Level 1:colcon.colcon_core.package_identification:_identify(venv/lib/python3.12/site-packages/docutils/transforms) by extensions ['colcon_meta']
[0.188s] Level 1:colcon.colcon_core.package_identification:_identify(venv/lib/python3.12/site-packages/docutils/transforms) by extension 'colcon_meta'
[0.188s] Level 1:colcon.colcon_core.package_identification:_identify(venv/lib/python3.12/site-packages/docutils/transforms) by extensions ['ros']
[0.188s] Level 1:colcon.colcon_core.package_identification:_identify(venv/lib/python3.12/site-packages/docutils/transforms) by extension 'ros'
[0.188s] Level 1:colcon.colcon_core.package_identification:_identify(venv/lib/python3.12/site-packages/docutils/transforms) by extensions ['cmake', 'python']
[0.188s] Level 1:colcon.colcon_core.package_identification:_identify(venv/lib/python3.12/site-packages/docutils/transforms) by extension 'cmake'
[0.188s] Level 1:colcon.colcon_core.package_identification:_identify(venv/lib/python3.12/site-packages/docutils/transforms) by extension 'python'
[0.188s] Level 1:colcon.colcon_core.package_identification:_identify(venv/lib/python3.12/site-packages/docutils/transforms) by extensions ['python_setup_py']
[0.188s] Level 1:colcon.colcon_core.package_identification:_identify(venv/lib/python3.12/site-packages/docutils/transforms) by extension 'python_setup_py'
[0.188s] Level 1:colcon.colcon_core.package_identification:_identify(venv/lib/python3.12/site-packages/docutils/transforms/__pycache__) by extensions ['ignore', 'ignore_ament_install']
[0.188s] Level 1:colcon.colcon_core.package_identification:_identify(venv/lib/python3.12/site-packages/docutils/transforms/__pycache__) by extension 'ignore'
[0.188s] Level 1:colcon.colcon_core.package_identification:_identify(venv/lib/python3.12/site-packages/docutils/transforms/__pycache__) by extension 'ignore_ament_install'
[0.188s] Level 1:colcon.colcon_core.package_identification:_identify(venv/lib/python3.12/site-packages/docutils/transforms/__pycache__) by extensions ['colcon_pkg']
[0.188s] Level 1:colcon.colcon_core.package_identification:_identify(venv/lib/python3.12/site-packages/docutils/transforms/__pycache__) by extension 'colcon_pkg'
[0.188s] Level 1:colcon.colcon_core.package_identification:_identify(venv/lib/python3.12/site-packages/docutils/transforms/__pycache__) by extensions ['colcon_meta']
[0.188s] Level 1:colcon.colcon_core.package_identification:_identify(venv/lib/python3.12/site-packages/docutils/transforms/__pycache__) by extension 'colcon_meta'
[0.189s] Level 1:colcon.colcon_core.package_identification:_identify(venv/lib/python3.12/site-packages/docutils/transforms/__pycache__) by extensions ['ros']
[0.189s] Level 1:colcon.colcon_core.package_identification:_identify(venv/lib/python3.12/site-packages/docutils/transforms/__pycache__) by extension 'ros'
[0.189s] Level 1:colcon.colcon_core.package_identification:_identify(venv/lib/python3.12/site-packages/docutils/transforms/__pycache__) by extensions ['cmake', 'python']
[0.189s] Level 1:colcon.colcon_core.package_identification:_identify(venv/lib/python3.12/site-packages/docutils/transforms/__pycache__) by extension 'cmake'
[0.189s] Level 1:colcon.colcon_core.package_identification:_identify(venv/lib/python3.12/site-packages/docutils/transforms/__pycache__) by extension 'python'
[0.189s] Level 1:colcon.colcon_core.package_identification:_identify(venv/lib/python3.12/site-packages/docutils/transforms/__pycache__) by extensions ['python_setup_py']
[0.189s] Level 1:colcon.colcon_core.package_identification:_identify(venv/lib/python3.12/site-packages/docutils/transforms/__pycache__) by extension 'python_setup_py'
[0.189s] Level 1:colcon.colcon_core.package_identification:_identify(venv/lib/python3.12/site-packages/docutils/utils) by extensions ['ignore', 'ignore_ament_install']
[0.189s] Level 1:colcon.colcon_core.package_identification:_identify(venv/lib/python3.12/site-packages/docutils/utils) by extension 'ignore'
[0.189s] Level 1:colcon.colcon_core.package_identification:_identify(venv/lib/python3.12/site-packages/docutils/utils) by extension 'ignore_ament_install'
[0.189s] Level 1:colcon.colcon_core.package_identification:_identify(venv/lib/python3.12/site-packages/docutils/utils) by extensions ['colcon_pkg']
[0.189s] Level 1:colcon.colcon_core.package_identification:_identify(venv/lib/python3.12/site-packages/docutils/utils) by extension 'colcon_pkg'
[0.189s] Level 1:colcon.colcon_core.package_identification:_identify(venv/lib/python3.12/site-packages/docutils/utils) by extensions ['colcon_meta']
[0.189s] Level 1:colcon.colcon_core.package_identification:_identify(venv/lib/python3.12/site-packages/docutils/utils) by extension 'colcon_meta'
[0.189s] Level 1:colcon.colcon_core.package_identification:_identify(venv/lib/python3.12/site-packages/docutils/utils) by extensions ['ros']
[0.189s] Level 1:colcon.colcon_core.package_identification:_identify(venv/lib/python3.12/site-packages/docutils/utils) by extension 'ros'
[0.189s] Level 1:colcon.colcon_core.package_identification:_identify(venv/lib/python3.12/site-packages/docutils/utils) by extensions ['cmake', 'python']
[0.189s] Level 1:colcon.colcon_core.package_identification:_identify(venv/lib/python3.12/site-packages/docutils/utils) by extension 'cmake'
[0.189s] Level 1:colcon.colcon_core.package_identification:_identify(venv/lib/python3.12/site-packages/docutils/utils) by extension 'python'
[0.189s] Level 1:colcon.colcon_core.package_identification:_identify(venv/lib/python3.12/site-packages/docutils/utils) by extensions ['python_setup_py']
[0.189s] Level 1:colcon.colcon_core.package_identification:_identify(venv/lib/python3.12/site-packages/docutils/utils) by extension 'python_setup_py'
[0.190s] Level 1:colcon.colcon_core.package_identification:_identify(venv/lib/python3.12/site-packages/docutils/utils/__pycache__) by extensions ['ignore', 'ignore_ament_install']
[0.190s] Level 1:colcon.colcon_core.package_identification:_identify(venv/lib/python3.12/site-packages/docutils/utils/__pycache__) by extension 'ignore'
[0.190s] Level 1:colcon.colcon_core.package_identification:_identify(venv/lib/python3.12/site-packages/docutils/utils/__pycache__) by extension 'ignore_ament_install'
[0.190s] Level 1:colcon.colcon_core.package_identification:_identify(venv/lib/python3.12/site-packages/docutils/utils/__pycache__) by extensions ['colcon_pkg']
[0.190s] Level 1:colcon.colcon_core.package_identification:_identify(venv/lib/python3.12/site-packages/docutils/utils/__pycache__) by extension 'colcon_pkg'
[0.190s] Level 1:colcon.colcon_core.package_identification:_identify(venv/lib/python3.12/site-packages/docutils/utils/__pycache__) by extensions ['colcon_meta']
[0.190s] Level 1:colcon.colcon_core.package_identification:_identify(venv/lib/python3.12/site-packages/docutils/utils/__pycache__) by extension 'colcon_meta'
[0.190s] Level 1:colcon.colcon_core.package_identification:_identify(venv/lib/python3.12/site-packages/docutils/utils/__pycache__) by extensions ['ros']
[0.190s] Level 1:colcon.colcon_core.package_identification:_identify(venv/lib/python3.12/site-packages/docutils/utils/__pycache__) by extension 'ros'
[0.190s] Level 1:colcon.colcon_core.package_identification:_identify(venv/lib/python3.12/site-packages/docutils/utils/__pycache__) by extensions ['cmake', 'python']
[0.190s] Level 1:colcon.colcon_core.package_identification:_identify(venv/lib/python3.12/site-packages/docutils/utils/__pycache__) by extension 'cmake'
[0.190s] Level 1:colcon.colcon_core.package_identification:_identify(venv/lib/python3.12/site-packages/docutils/utils/__pycache__) by extension 'python'
[0.190s] Level 1:colcon.colcon_core.package_identification:_identify(venv/lib/python3.12/site-packages/docutils/utils/__pycache__) by extensions ['python_setup_py']
[0.190s] Level 1:colcon.colcon_core.package_identification:_identify(venv/lib/python3.12/site-packages/docutils/utils/__pycache__) by extension 'python_setup_py'
[0.190s] Level 1:colcon.colcon_core.package_identification:_identify(venv/lib/python3.12/site-packages/docutils/utils/math) by extensions ['ignore', 'ignore_ament_install']
[0.190s] Level 1:colcon.colcon_core.package_identification:_identify(venv/lib/python3.12/site-packages/docutils/utils/math) by extension 'ignore'
[0.190s] Level 1:colcon.colcon_core.package_identification:_identify(venv/lib/python3.12/site-packages/docutils/utils/math) by extension 'ignore_ament_install'
[0.190s] Level 1:colcon.colcon_core.package_identification:_identify(venv/lib/python3.12/site-packages/docutils/utils/math) by extensions ['colcon_pkg']
[0.190s] Level 1:colcon.colcon_core.package_identification:_identify(venv/lib/python3.12/site-packages/docutils/utils/math) by extension 'colcon_pkg'
[0.190s] Level 1:colcon.colcon_core.package_identification:_identify(venv/lib/python3.12/site-packages/docutils/utils/math) by extensions ['colcon_meta']
[0.191s] Level 1:colcon.colcon_core.package_identification:_identify(venv/lib/python3.12/site-packages/docutils/utils/math) by extension 'colcon_meta'
[0.191s] Level 1:colcon.colcon_core.package_identification:_identify(venv/lib/python3.12/site-packages/docutils/utils/math) by extensions ['ros']
[0.191s] Level 1:colcon.colcon_core.package_identification:_identify(venv/lib/python3.12/site-packages/docutils/utils/math) by extension 'ros'
[0.191s] Level 1:colcon.colcon_core.package_identification:_identify(venv/lib/python3.12/site-packages/docutils/utils/math) by extensions ['cmake', 'python']
[0.191s] Level 1:colcon.colcon_core.package_identification:_identify(venv/lib/python3.12/site-packages/docutils/utils/math) by extension 'cmake'
[0.191s] Level 1:colcon.colcon_core.package_identification:_identify(venv/lib/python3.12/site-packages/docutils/utils/math) by extension 'python'
[0.191s] Level 1:colcon.colcon_core.package_identification:_identify(venv/lib/python3.12/site-packages/docutils/utils/math) by extensions ['python_setup_py']
[0.191s] Level 1:colcon.colcon_core.package_identification:_identify(venv/lib/python3.12/site-packages/docutils/utils/math) by extension 'python_setup_py'
[0.191s] Level 1:colcon.colcon_core.package_identification:_identify(venv/lib/python3.12/site-packages/docutils/utils/math/__pycache__) by extensions ['ignore', 'ignore_ament_install']
[0.191s] Level 1:colcon.colcon_core.package_identification:_identify(venv/lib/python3.12/site-packages/docutils/utils/math/__pycache__) by extension 'ignore'
[0.191s] Level 1:colcon.colcon_core.package_identification:_identify(venv/lib/python3.12/site-packages/docutils/utils/math/__pycache__) by extension 'ignore_ament_install'
[0.191s] Level 1:colcon.colcon_core.package_identification:_identify(venv/lib/python3.12/site-packages/docutils/utils/math/__pycache__) by extensions ['colcon_pkg']
[0.191s] Level 1:colcon.colcon_core.package_identification:_identify(venv/lib/python3.12/site-packages/docutils/utils/math/__pycache__) by extension 'colcon_pkg'
[0.191s] Level 1:colcon.colcon_core.package_identification:_identify(venv/lib/python3.12/site-packages/docutils/utils/math/__pycache__) by extensions ['colcon_meta']
[0.191s] Level 1:colcon.colcon_core.package_identification:_identify(venv/lib/python3.12/site-packages/docutils/utils/math/__pycache__) by extension 'colcon_meta'
[0.191s] Level 1:colcon.colcon_core.package_identification:_identify(venv/lib/python3.12/site-packages/docutils/utils/math/__pycache__) by extensions ['ros']
[0.191s] Level 1:colcon.colcon_core.package_identification:_identify(venv/lib/python3.12/site-packages/docutils/utils/math/__pycache__) by extension 'ros'
[0.191s] Level 1:colcon.colcon_core.package_identification:_identify(venv/lib/python3.12/site-packages/docutils/utils/math/__pycache__) by extensions ['cmake', 'python']
[0.191s] Level 1:colcon.colcon_core.package_identification:_identify(venv/lib/python3.12/site-packages/docutils/utils/math/__pycache__) by extension 'cmake'
[0.191s] Level 1:colcon.colcon_core.package_identification:_identify(venv/lib/python3.12/site-packages/docutils/utils/math/__pycache__) by extension 'python'
[0.191s] Level 1:colcon.colcon_core.package_identification:_identify(venv/lib/python3.12/site-packages/docutils/utils/math/__pycache__) by extensions ['python_setup_py']
[0.192s] Level 1:colcon.colcon_core.package_identification:_identify(venv/lib/python3.12/site-packages/docutils/utils/math/__pycache__) by extension 'python_setup_py'
[0.192s] Level 1:colcon.colcon_core.package_identification:_identify(venv/lib/python3.12/site-packages/docutils/writers) by extensions ['ignore', 'ignore_ament_install']
[0.192s] Level 1:colcon.colcon_core.package_identification:_identify(venv/lib/python3.12/site-packages/docutils/writers) by extension 'ignore'
[0.192s] Level 1:colcon.colcon_core.package_identification:_identify(venv/lib/python3.12/site-packages/docutils/writers) by extension 'ignore_ament_install'
[0.192s] Level 1:colcon.colcon_core.package_identification:_identify(venv/lib/python3.12/site-packages/docutils/writers) by extensions ['colcon_pkg']
[0.192s] Level 1:colcon.colcon_core.package_identification:_identify(venv/lib/python3.12/site-packages/docutils/writers) by extension 'colcon_pkg'
[0.192s] Level 1:colcon.colcon_core.package_identification:_identify(venv/lib/python3.12/site-packages/docutils/writers) by extensions ['colcon_meta']
[0.192s] Level 1:colcon.colcon_core.package_identification:_identify(venv/lib/python3.12/site-packages/docutils/writers) by extension 'colcon_meta'
[0.192s] Level 1:colcon.colcon_core.package_identification:_identify(venv/lib/python3.12/site-packages/docutils/writers) by extensions ['ros']
[0.192s] Level 1:colcon.colcon_core.package_identification:_identify(venv/lib/python3.12/site-packages/docutils/writers) by extension 'ros'
[0.192s] Level 1:colcon.colcon_core.package_identification:_identify(venv/lib/python3.12/site-packages/docutils/writers) by extensions ['cmake', 'python']
[0.192s] Level 1:colcon.colcon_core.package_identification:_identify(venv/lib/python3.12/site-packages/docutils/writers) by extension 'cmake'
[0.192s] Level 1:colcon.colcon_core.package_identification:_identify(venv/lib/python3.12/site-packages/docutils/writers) by extension 'python'
[0.192s] Level 1:colcon.colcon_core.package_identification:_identify(venv/lib/python3.12/site-packages/docutils/writers) by extensions ['python_setup_py']
[0.192s] Level 1:colcon.colcon_core.package_identification:_identify(venv/lib/python3.12/site-packages/docutils/writers) by extension 'python_setup_py'
[0.192s] Level 1:colcon.colcon_core.package_identification:_identify(venv/lib/python3.12/site-packages/docutils/writers/__pycache__) by extensions ['ignore', 'ignore_ament_install']
[0.192s] Level 1:colcon.colcon_core.package_identification:_identify(venv/lib/python3.12/site-packages/docutils/writers/__pycache__) by extension 'ignore'
[0.192s] Level 1:colcon.colcon_core.package_identification:_identify(venv/lib/python3.12/site-packages/docutils/writers/__pycache__) by extension 'ignore_ament_install'
[0.192s] Level 1:colcon.colcon_core.package_identification:_identify(venv/lib/python3.12/site-packages/docutils/writers/__pycache__) by extensions ['colcon_pkg']
[0.193s] Level 1:colcon.colcon_core.package_identification:_identify(venv/lib/python3.12/site-packages/docutils/writers/__pycache__) by extension 'colcon_pkg'
[0.193s] Level 1:colcon.colcon_core.package_identification:_identify(venv/lib/python3.12/site-packages/docutils/writers/__pycache__) by extensions ['colcon_meta']
[0.193s] Level 1:colcon.colcon_core.package_identification:_identify(venv/lib/python3.12/site-packages/docutils/writers/__pycache__) by extension 'colcon_meta'
[0.193s] Level 1:colcon.colcon_core.package_identification:_identify(venv/lib/python3.12/site-packages/docutils/writers/__pycache__) by extensions ['ros']
[0.193s] Level 1:colcon.colcon_core.package_identification:_identify(venv/lib/python3.12/site-packages/docutils/writers/__pycache__) by extension 'ros'
[0.193s] Level 1:colcon.colcon_core.package_identification:_identify(venv/lib/python3.12/site-packages/docutils/writers/__pycache__) by extensions ['cmake', 'python']
[0.193s] Level 1:colcon.colcon_core.package_identification:_identify(venv/lib/python3.12/site-packages/docutils/writers/__pycache__) by extension 'cmake'
[0.193s] Level 1:colcon.colcon_core.package_identification:_identify(venv/lib/python3.12/site-packages/docutils/writers/__pycache__) by extension 'python'
[0.193s] Level 1:colcon.colcon_core.package_identification:_identify(venv/lib/python3.12/site-packages/docutils/writers/__pycache__) by extensions ['python_setup_py']
[0.193s] Level 1:colcon.colcon_core.package_identification:_identify(venv/lib/python3.12/site-packages/docutils/writers/__pycache__) by extension 'python_setup_py'
[0.193s] Level 1:colcon.colcon_core.package_identification:_identify(venv/lib/python3.12/site-packages/docutils/writers/html4css1) by extensions ['ignore', 'ignore_ament_install']
[0.193s] Level 1:colcon.colcon_core.package_identification:_identify(venv/lib/python3.12/site-packages/docutils/writers/html4css1) by extension 'ignore'
[0.193s] Level 1:colcon.colcon_core.package_identification:_identify(venv/lib/python3.12/site-packages/docutils/writers/html4css1) by extension 'ignore_ament_install'
[0.193s] Level 1:colcon.colcon_core.package_identification:_identify(venv/lib/python3.12/site-packages/docutils/writers/html4css1) by extensions ['colcon_pkg']
[0.193s] Level 1:colcon.colcon_core.package_identification:_identify(venv/lib/python3.12/site-packages/docutils/writers/html4css1) by extension 'colcon_pkg'
[0.193s] Level 1:colcon.colcon_core.package_identification:_identify(venv/lib/python3.12/site-packages/docutils/writers/html4css1) by extensions ['colcon_meta']
[0.193s] Level 1:colcon.colcon_core.package_identification:_identify(venv/lib/python3.12/site-packages/docutils/writers/html4css1) by extension 'colcon_meta'
[0.193s] Level 1:colcon.colcon_core.package_identification:_identify(venv/lib/python3.12/site-packages/docutils/writers/html4css1) by extensions ['ros']
[0.193s] Level 1:colcon.colcon_core.package_identification:_identify(venv/lib/python3.12/site-packages/docutils/writers/html4css1) by extension 'ros'
[0.193s] Level 1:colcon.colcon_core.package_identification:_identify(venv/lib/python3.12/site-packages/docutils/writers/html4css1) by extensions ['cmake', 'python']
[0.193s] Level 1:colcon.colcon_core.package_identification:_identify(venv/lib/python3.12/site-packages/docutils/writers/html4css1) by extension 'cmake'
[0.194s] Level 1:colcon.colcon_core.package_identification:_identify(venv/lib/python3.12/site-packages/docutils/writers/html4css1) by extension 'python'
[0.194s] Level 1:colcon.colcon_core.package_identification:_identify(venv/lib/python3.12/site-packages/docutils/writers/html4css1) by extensions ['python_setup_py']
[0.194s] Level 1:colcon.colcon_core.package_identification:_identify(venv/lib/python3.12/site-packages/docutils/writers/html4css1) by extension 'python_setup_py'
[0.194s] Level 1:colcon.colcon_core.package_identification:_identify(venv/lib/python3.12/site-packages/docutils/writers/html4css1/__pycache__) by extensions ['ignore', 'ignore_ament_install']
[0.194s] Level 1:colcon.colcon_core.package_identification:_identify(venv/lib/python3.12/site-packages/docutils/writers/html4css1/__pycache__) by extension 'ignore'
[0.194s] Level 1:colcon.colcon_core.package_identification:_identify(venv/lib/python3.12/site-packages/docutils/writers/html4css1/__pycache__) by extension 'ignore_ament_install'
[0.194s] Level 1:colcon.colcon_core.package_identification:_identify(venv/lib/python3.12/site-packages/docutils/writers/html4css1/__pycache__) by extensions ['colcon_pkg']
[0.194s] Level 1:colcon.colcon_core.package_identification:_identify(venv/lib/python3.12/site-packages/docutils/writers/html4css1/__pycache__) by extension 'colcon_pkg'
[0.194s] Level 1:colcon.colcon_core.package_identification:_identify(venv/lib/python3.12/site-packages/docutils/writers/html4css1/__pycache__) by extensions ['colcon_meta']
[0.194s] Level 1:colcon.colcon_core.package_identification:_identify(venv/lib/python3.12/site-packages/docutils/writers/html4css1/__pycache__) by extension 'colcon_meta'
[0.194s] Level 1:colcon.colcon_core.package_identification:_identify(venv/lib/python3.12/site-packages/docutils/writers/html4css1/__pycache__) by extensions ['ros']
[0.194s] Level 1:colcon.colcon_core.package_identification:_identify(venv/lib/python3.12/site-packages/docutils/writers/html4css1/__pycache__) by extension 'ros'
[0.194s] Level 1:colcon.colcon_core.package_identification:_identify(venv/lib/python3.12/site-packages/docutils/writers/html4css1/__pycache__) by extensions ['cmake', 'python']
[0.194s] Level 1:colcon.colcon_core.package_identification:_identify(venv/lib/python3.12/site-packages/docutils/writers/html4css1/__pycache__) by extension 'cmake'
[0.194s] Level 1:colcon.colcon_core.package_identification:_identify(venv/lib/python3.12/site-packages/docutils/writers/html4css1/__pycache__) by extension 'python'
[0.194s] Level 1:colcon.colcon_core.package_identification:_identify(venv/lib/python3.12/site-packages/docutils/writers/html4css1/__pycache__) by extensions ['python_setup_py']
[0.194s] Level 1:colcon.colcon_core.package_identification:_identify(venv/lib/python3.12/site-packages/docutils/writers/html4css1/__pycache__) by extension 'python_setup_py'
[0.194s] Level 1:colcon.colcon_core.package_identification:_identify(venv/lib/python3.12/site-packages/docutils/writers/html5_polyglot) by extensions ['ignore', 'ignore_ament_install']
[0.194s] Level 1:colcon.colcon_core.package_identification:_identify(venv/lib/python3.12/site-packages/docutils/writers/html5_polyglot) by extension 'ignore'
[0.194s] Level 1:colcon.colcon_core.package_identification:_identify(venv/lib/python3.12/site-packages/docutils/writers/html5_polyglot) by extension 'ignore_ament_install'
[0.195s] Level 1:colcon.colcon_core.package_identification:_identify(venv/lib/python3.12/site-packages/docutils/writers/html5_polyglot) by extensions ['colcon_pkg']
[0.195s] Level 1:colcon.colcon_core.package_identification:_identify(venv/lib/python3.12/site-packages/docutils/writers/html5_polyglot) by extension 'colcon_pkg'
[0.195s] Level 1:colcon.colcon_core.package_identification:_identify(venv/lib/python3.12/site-packages/docutils/writers/html5_polyglot) by extensions ['colcon_meta']
[0.195s] Level 1:colcon.colcon_core.package_identification:_identify(venv/lib/python3.12/site-packages/docutils/writers/html5_polyglot) by extension 'colcon_meta'
[0.195s] Level 1:colcon.colcon_core.package_identification:_identify(venv/lib/python3.12/site-packages/docutils/writers/html5_polyglot) by extensions ['ros']
[0.195s] Level 1:colcon.colcon_core.package_identification:_identify(venv/lib/python3.12/site-packages/docutils/writers/html5_polyglot) by extension 'ros'
[0.195s] Level 1:colcon.colcon_core.package_identification:_identify(venv/lib/python3.12/site-packages/docutils/writers/html5_polyglot) by extensions ['cmake', 'python']
[0.195s] Level 1:colcon.colcon_core.package_identification:_identify(venv/lib/python3.12/site-packages/docutils/writers/html5_polyglot) by extension 'cmake'
[0.195s] Level 1:colcon.colcon_core.package_identification:_identify(venv/lib/python3.12/site-packages/docutils/writers/html5_polyglot) by extension 'python'
[0.195s] Level 1:colcon.colcon_core.package_identification:_identify(venv/lib/python3.12/site-packages/docutils/writers/html5_polyglot) by extensions ['python_setup_py']
[0.195s] Level 1:colcon.colcon_core.package_identification:_identify(venv/lib/python3.12/site-packages/docutils/writers/html5_polyglot) by extension 'python_setup_py'
[0.195s] Level 1:colcon.colcon_core.package_identification:_identify(venv/lib/python3.12/site-packages/docutils/writers/html5_polyglot/__pycache__) by extensions ['ignore', 'ignore_ament_install']
[0.195s] Level 1:colcon.colcon_core.package_identification:_identify(venv/lib/python3.12/site-packages/docutils/writers/html5_polyglot/__pycache__) by extension 'ignore'
[0.195s] Level 1:colcon.colcon_core.package_identification:_identify(venv/lib/python3.12/site-packages/docutils/writers/html5_polyglot/__pycache__) by extension 'ignore_ament_install'
[0.195s] Level 1:colcon.colcon_core.package_identification:_identify(venv/lib/python3.12/site-packages/docutils/writers/html5_polyglot/__pycache__) by extensions ['colcon_pkg']
[0.195s] Level 1:colcon.colcon_core.package_identification:_identify(venv/lib/python3.12/site-packages/docutils/writers/html5_polyglot/__pycache__) by extension 'colcon_pkg'
[0.195s] Level 1:colcon.colcon_core.package_identification:_identify(venv/lib/python3.12/site-packages/docutils/writers/html5_polyglot/__pycache__) by extensions ['colcon_meta']
[0.195s] Level 1:colcon.colcon_core.package_identification:_identify(venv/lib/python3.12/site-packages/docutils/writers/html5_polyglot/__pycache__) by extension 'colcon_meta'
[0.195s] Level 1:colcon.colcon_core.package_identification:_identify(venv/lib/python3.12/site-packages/docutils/writers/html5_polyglot/__pycache__) by extensions ['ros']
[0.195s] Level 1:colcon.colcon_core.package_identification:_identify(venv/lib/python3.12/site-packages/docutils/writers/html5_polyglot/__pycache__) by extension 'ros'
[0.196s] Level 1:colcon.colcon_core.package_identification:_identify(venv/lib/python3.12/site-packages/docutils/writers/html5_polyglot/__pycache__) by extensions ['cmake', 'python']
[0.196s] Level 1:colcon.colcon_core.package_identification:_identify(venv/lib/python3.12/site-packages/docutils/writers/html5_polyglot/__pycache__) by extension 'cmake'
[0.196s] Level 1:colcon.colcon_core.package_identification:_identify(venv/lib/python3.12/site-packages/docutils/writers/html5_polyglot/__pycache__) by extension 'python'
[0.196s] Level 1:colcon.colcon_core.package_identification:_identify(venv/lib/python3.12/site-packages/docutils/writers/html5_polyglot/__pycache__) by extensions ['python_setup_py']
[0.196s] Level 1:colcon.colcon_core.package_identification:_identify(venv/lib/python3.12/site-packages/docutils/writers/html5_polyglot/__pycache__) by extension 'python_setup_py'
[0.196s] Level 1:colcon.colcon_core.package_identification:_identify(venv/lib/python3.12/site-packages/docutils/writers/latex2e) by extensions ['ignore', 'ignore_ament_install']
[0.196s] Level 1:colcon.colcon_core.package_identification:_identify(venv/lib/python3.12/site-packages/docutils/writers/latex2e) by extension 'ignore'
[0.196s] Level 1:colcon.colcon_core.package_identification:_identify(venv/lib/python3.12/site-packages/docutils/writers/latex2e) by extension 'ignore_ament_install'
[0.196s] Level 1:colcon.colcon_core.package_identification:_identify(venv/lib/python3.12/site-packages/docutils/writers/latex2e) by extensions ['colcon_pkg']
[0.196s] Level 1:colcon.colcon_core.package_identification:_identify(venv/lib/python3.12/site-packages/docutils/writers/latex2e) by extension 'colcon_pkg'
[0.196s] Level 1:colcon.colcon_core.package_identification:_identify(venv/lib/python3.12/site-packages/docutils/writers/latex2e) by extensions ['colcon_meta']
[0.196s] Level 1:colcon.colcon_core.package_identification:_identify(venv/lib/python3.12/site-packages/docutils/writers/latex2e) by extension 'colcon_meta'
[0.196s] Level 1:colcon.colcon_core.package_identification:_identify(venv/lib/python3.12/site-packages/docutils/writers/latex2e) by extensions ['ros']
[0.196s] Level 1:colcon.colcon_core.package_identification:_identify(venv/lib/python3.12/site-packages/docutils/writers/latex2e) by extension 'ros'
[0.196s] Level 1:colcon.colcon_core.package_identification:_identify(venv/lib/python3.12/site-packages/docutils/writers/latex2e) by extensions ['cmake', 'python']
[0.196s] Level 1:colcon.colcon_core.package_identification:_identify(venv/lib/python3.12/site-packages/docutils/writers/latex2e) by extension 'cmake'
[0.196s] Level 1:colcon.colcon_core.package_identification:_identify(venv/lib/python3.12/site-packages/docutils/writers/latex2e) by extension 'python'
[0.196s] Level 1:colcon.colcon_core.package_identification:_identify(venv/lib/python3.12/site-packages/docutils/writers/latex2e) by extensions ['python_setup_py']
[0.196s] Level 1:colcon.colcon_core.package_identification:_identify(venv/lib/python3.12/site-packages/docutils/writers/latex2e) by extension 'python_setup_py'
[0.196s] Level 1:colcon.colcon_core.package_identification:_identify(venv/lib/python3.12/site-packages/docutils/writers/latex2e/__pycache__) by extensions ['ignore', 'ignore_ament_install']
[0.196s] Level 1:colcon.colcon_core.package_identification:_identify(venv/lib/python3.12/site-packages/docutils/writers/latex2e/__pycache__) by extension 'ignore'
[0.197s] Level 1:colcon.colcon_core.package_identification:_identify(venv/lib/python3.12/site-packages/docutils/writers/latex2e/__pycache__) by extension 'ignore_ament_install'
[0.197s] Level 1:colcon.colcon_core.package_identification:_identify(venv/lib/python3.12/site-packages/docutils/writers/latex2e/__pycache__) by extensions ['colcon_pkg']
[0.197s] Level 1:colcon.colcon_core.package_identification:_identify(venv/lib/python3.12/site-packages/docutils/writers/latex2e/__pycache__) by extension 'colcon_pkg'
[0.197s] Level 1:colcon.colcon_core.package_identification:_identify(venv/lib/python3.12/site-packages/docutils/writers/latex2e/__pycache__) by extensions ['colcon_meta']
[0.197s] Level 1:colcon.colcon_core.package_identification:_identify(venv/lib/python3.12/site-packages/docutils/writers/latex2e/__pycache__) by extension 'colcon_meta'
[0.197s] Level 1:colcon.colcon_core.package_identification:_identify(venv/lib/python3.12/site-packages/docutils/writers/latex2e/__pycache__) by extensions ['ros']
[0.197s] Level 1:colcon.colcon_core.package_identification:_identify(venv/lib/python3.12/site-packages/docutils/writers/latex2e/__pycache__) by extension 'ros'
[0.197s] Level 1:colcon.colcon_core.package_identification:_identify(venv/lib/python3.12/site-packages/docutils/writers/latex2e/__pycache__) by extensions ['cmake', 'python']
[0.197s] Level 1:colcon.colcon_core.package_identification:_identify(venv/lib/python3.12/site-packages/docutils/writers/latex2e/__pycache__) by extension 'cmake'
[0.197s] Level 1:colcon.colcon_core.package_identification:_identify(venv/lib/python3.12/site-packages/docutils/writers/latex2e/__pycache__) by extension 'python'
[0.197s] Level 1:colcon.colcon_core.package_identification:_identify(venv/lib/python3.12/site-packages/docutils/writers/latex2e/__pycache__) by extensions ['python_setup_py']
[0.197s] Level 1:colcon.colcon_core.package_identification:_identify(venv/lib/python3.12/site-packages/docutils/writers/latex2e/__pycache__) by extension 'python_setup_py'
[0.197s] Level 1:colcon.colcon_core.package_identification:_identify(venv/lib/python3.12/site-packages/docutils/writers/odf_odt) by extensions ['ignore', 'ignore_ament_install']
[0.197s] Level 1:colcon.colcon_core.package_identification:_identify(venv/lib/python3.12/site-packages/docutils/writers/odf_odt) by extension 'ignore'
[0.197s] Level 1:colcon.colcon_core.package_identification:_identify(venv/lib/python3.12/site-packages/docutils/writers/odf_odt) by extension 'ignore_ament_install'
[0.197s] Level 1:colcon.colcon_core.package_identification:_identify(venv/lib/python3.12/site-packages/docutils/writers/odf_odt) by extensions ['colcon_pkg']
[0.197s] Level 1:colcon.colcon_core.package_identification:_identify(venv/lib/python3.12/site-packages/docutils/writers/odf_odt) by extension 'colcon_pkg'
[0.197s] Level 1:colcon.colcon_core.package_identification:_identify(venv/lib/python3.12/site-packages/docutils/writers/odf_odt) by extensions ['colcon_meta']
[0.197s] Level 1:colcon.colcon_core.package_identification:_identify(venv/lib/python3.12/site-packages/docutils/writers/odf_odt) by extension 'colcon_meta'
[0.197s] Level 1:colcon.colcon_core.package_identification:_identify(venv/lib/python3.12/site-packages/docutils/writers/odf_odt) by extensions ['ros']
[0.197s] Level 1:colcon.colcon_core.package_identification:_identify(venv/lib/python3.12/site-packages/docutils/writers/odf_odt) by extension 'ros'
[0.198s] Level 1:colcon.colcon_core.package_identification:_identify(venv/lib/python3.12/site-packages/docutils/writers/odf_odt) by extensions ['cmake', 'python']
[0.198s] Level 1:colcon.colcon_core.package_identification:_identify(venv/lib/python3.12/site-packages/docutils/writers/odf_odt) by extension 'cmake'
[0.198s] Level 1:colcon.colcon_core.package_identification:_identify(venv/lib/python3.12/site-packages/docutils/writers/odf_odt) by extension 'python'
[0.198s] Level 1:colcon.colcon_core.package_identification:_identify(venv/lib/python3.12/site-packages/docutils/writers/odf_odt) by extensions ['python_setup_py']
[0.198s] Level 1:colcon.colcon_core.package_identification:_identify(venv/lib/python3.12/site-packages/docutils/writers/odf_odt) by extension 'python_setup_py'
[0.198s] Level 1:colcon.colcon_core.package_identification:_identify(venv/lib/python3.12/site-packages/docutils/writers/odf_odt/__pycache__) by extensions ['ignore', 'ignore_ament_install']
[0.198s] Level 1:colcon.colcon_core.package_identification:_identify(venv/lib/python3.12/site-packages/docutils/writers/odf_odt/__pycache__) by extension 'ignore'
[0.198s] Level 1:colcon.colcon_core.package_identification:_identify(venv/lib/python3.12/site-packages/docutils/writers/odf_odt/__pycache__) by extension 'ignore_ament_install'
[0.198s] Level 1:colcon.colcon_core.package_identification:_identify(venv/lib/python3.12/site-packages/docutils/writers/odf_odt/__pycache__) by extensions ['colcon_pkg']
[0.198s] Level 1:colcon.colcon_core.package_identification:_identify(venv/lib/python3.12/site-packages/docutils/writers/odf_odt/__pycache__) by extension 'colcon_pkg'
[0.198s] Level 1:colcon.colcon_core.package_identification:_identify(venv/lib/python3.12/site-packages/docutils/writers/odf_odt/__pycache__) by extensions ['colcon_meta']
[0.198s] Level 1:colcon.colcon_core.package_identification:_identify(venv/lib/python3.12/site-packages/docutils/writers/odf_odt/__pycache__) by extension 'colcon_meta'
[0.198s] Level 1:colcon.colcon_core.package_identification:_identify(venv/lib/python3.12/site-packages/docutils/writers/odf_odt/__pycache__) by extensions ['ros']
[0.198s] Level 1:colcon.colcon_core.package_identification:_identify(venv/lib/python3.12/site-packages/docutils/writers/odf_odt/__pycache__) by extension 'ros'
[0.198s] Level 1:colcon.colcon_core.package_identification:_identify(venv/lib/python3.12/site-packages/docutils/writers/odf_odt/__pycache__) by extensions ['cmake', 'python']
[0.198s] Level 1:colcon.colcon_core.package_identification:_identify(venv/lib/python3.12/site-packages/docutils/writers/odf_odt/__pycache__) by extension 'cmake'
[0.198s] Level 1:colcon.colcon_core.package_identification:_identify(venv/lib/python3.12/site-packages/docutils/writers/odf_odt/__pycache__) by extension 'python'
[0.198s] Level 1:colcon.colcon_core.package_identification:_identify(venv/lib/python3.12/site-packages/docutils/writers/odf_odt/__pycache__) by extensions ['python_setup_py']
[0.198s] Level 1:colcon.colcon_core.package_identification:_identify(venv/lib/python3.12/site-packages/docutils/writers/odf_odt/__pycache__) by extension 'python_setup_py'
[0.198s] Level 1:colcon.colcon_core.package_identification:_identify(venv/lib/python3.12/site-packages/docutils/writers/pep_html) by extensions ['ignore', 'ignore_ament_install']
[0.199s] Level 1:colcon.colcon_core.package_identification:_identify(venv/lib/python3.12/site-packages/docutils/writers/pep_html) by extension 'ignore'
[0.199s] Level 1:colcon.colcon_core.package_identification:_identify(venv/lib/python3.12/site-packages/docutils/writers/pep_html) by extension 'ignore_ament_install'
[0.199s] Level 1:colcon.colcon_core.package_identification:_identify(venv/lib/python3.12/site-packages/docutils/writers/pep_html) by extensions ['colcon_pkg']
[0.199s] Level 1:colcon.colcon_core.package_identification:_identify(venv/lib/python3.12/site-packages/docutils/writers/pep_html) by extension 'colcon_pkg'
[0.199s] Level 1:colcon.colcon_core.package_identification:_identify(venv/lib/python3.12/site-packages/docutils/writers/pep_html) by extensions ['colcon_meta']
[0.199s] Level 1:colcon.colcon_core.package_identification:_identify(venv/lib/python3.12/site-packages/docutils/writers/pep_html) by extension 'colcon_meta'
[0.199s] Level 1:colcon.colcon_core.package_identification:_identify(venv/lib/python3.12/site-packages/docutils/writers/pep_html) by extensions ['ros']
[0.199s] Level 1:colcon.colcon_core.package_identification:_identify(venv/lib/python3.12/site-packages/docutils/writers/pep_html) by extension 'ros'
[0.199s] Level 1:colcon.colcon_core.package_identification:_identify(venv/lib/python3.12/site-packages/docutils/writers/pep_html) by extensions ['cmake', 'python']
[0.199s] Level 1:colcon.colcon_core.package_identification:_identify(venv/lib/python3.12/site-packages/docutils/writers/pep_html) by extension 'cmake'
[0.199s] Level 1:colcon.colcon_core.package_identification:_identify(venv/lib/python3.12/site-packages/docutils/writers/pep_html) by extension 'python'
[0.199s] Level 1:colcon.colcon_core.package_identification:_identify(venv/lib/python3.12/site-packages/docutils/writers/pep_html) by extensions ['python_setup_py']
[0.199s] Level 1:colcon.colcon_core.package_identification:_identify(venv/lib/python3.12/site-packages/docutils/writers/pep_html) by extension 'python_setup_py'
[0.199s] Level 1:colcon.colcon_core.package_identification:_identify(venv/lib/python3.12/site-packages/docutils/writers/pep_html/__pycache__) by extensions ['ignore', 'ignore_ament_install']
[0.199s] Level 1:colcon.colcon_core.package_identification:_identify(venv/lib/python3.12/site-packages/docutils/writers/pep_html/__pycache__) by extension 'ignore'
[0.199s] Level 1:colcon.colcon_core.package_identification:_identify(venv/lib/python3.12/site-packages/docutils/writers/pep_html/__pycache__) by extension 'ignore_ament_install'
[0.199s] Level 1:colcon.colcon_core.package_identification:_identify(venv/lib/python3.12/site-packages/docutils/writers/pep_html/__pycache__) by extensions ['colcon_pkg']
[0.199s] Level 1:colcon.colcon_core.package_identification:_identify(venv/lib/python3.12/site-packages/docutils/writers/pep_html/__pycache__) by extension 'colcon_pkg'
[0.199s] Level 1:colcon.colcon_core.package_identification:_identify(venv/lib/python3.12/site-packages/docutils/writers/pep_html/__pycache__) by extensions ['colcon_meta']
[0.199s] Level 1:colcon.colcon_core.package_identification:_identify(venv/lib/python3.12/site-packages/docutils/writers/pep_html/__pycache__) by extension 'colcon_meta'
[0.199s] Level 1:colcon.colcon_core.package_identification:_identify(venv/lib/python3.12/site-packages/docutils/writers/pep_html/__pycache__) by extensions ['ros']
[0.199s] Level 1:colcon.colcon_core.package_identification:_identify(venv/lib/python3.12/site-packages/docutils/writers/pep_html/__pycache__) by extension 'ros'
[0.200s] Level 1:colcon.colcon_core.package_identification:_identify(venv/lib/python3.12/site-packages/docutils/writers/pep_html/__pycache__) by extensions ['cmake', 'python']
[0.200s] Level 1:colcon.colcon_core.package_identification:_identify(venv/lib/python3.12/site-packages/docutils/writers/pep_html/__pycache__) by extension 'cmake'
[0.200s] Level 1:colcon.colcon_core.package_identification:_identify(venv/lib/python3.12/site-packages/docutils/writers/pep_html/__pycache__) by extension 'python'
[0.200s] Level 1:colcon.colcon_core.package_identification:_identify(venv/lib/python3.12/site-packages/docutils/writers/pep_html/__pycache__) by extensions ['python_setup_py']
[0.200s] Level 1:colcon.colcon_core.package_identification:_identify(venv/lib/python3.12/site-packages/docutils/writers/pep_html/__pycache__) by extension 'python_setup_py'
[0.200s] Level 1:colcon.colcon_core.package_identification:_identify(venv/lib/python3.12/site-packages/docutils/writers/s5_html) by extensions ['ignore', 'ignore_ament_install']
[0.200s] Level 1:colcon.colcon_core.package_identification:_identify(venv/lib/python3.12/site-packages/docutils/writers/s5_html) by extension 'ignore'
[0.200s] Level 1:colcon.colcon_core.package_identification:_identify(venv/lib/python3.12/site-packages/docutils/writers/s5_html) by extension 'ignore_ament_install'
[0.200s] Level 1:colcon.colcon_core.package_identification:_identify(venv/lib/python3.12/site-packages/docutils/writers/s5_html) by extensions ['colcon_pkg']
[0.200s] Level 1:colcon.colcon_core.package_identification:_identify(venv/lib/python3.12/site-packages/docutils/writers/s5_html) by extension 'colcon_pkg'
[0.200s] Level 1:colcon.colcon_core.package_identification:_identify(venv/lib/python3.12/site-packages/docutils/writers/s5_html) by extensions ['colcon_meta']
[0.200s] Level 1:colcon.colcon_core.package_identification:_identify(venv/lib/python3.12/site-packages/docutils/writers/s5_html) by extension 'colcon_meta'
[0.200s] Level 1:colcon.colcon_core.package_identification:_identify(venv/lib/python3.12/site-packages/docutils/writers/s5_html) by extensions ['ros']
[0.200s] Level 1:colcon.colcon_core.package_identification:_identify(venv/lib/python3.12/site-packages/docutils/writers/s5_html) by extension 'ros'
[0.200s] Level 1:colcon.colcon_core.package_identification:_identify(venv/lib/python3.12/site-packages/docutils/writers/s5_html) by extensions ['cmake', 'python']
[0.200s] Level 1:colcon.colcon_core.package_identification:_identify(venv/lib/python3.12/site-packages/docutils/writers/s5_html) by extension 'cmake'
[0.200s] Level 1:colcon.colcon_core.package_identification:_identify(venv/lib/python3.12/site-packages/docutils/writers/s5_html) by extension 'python'
[0.200s] Level 1:colcon.colcon_core.package_identification:_identify(venv/lib/python3.12/site-packages/docutils/writers/s5_html) by extensions ['python_setup_py']
[0.200s] Level 1:colcon.colcon_core.package_identification:_identify(venv/lib/python3.12/site-packages/docutils/writers/s5_html) by extension 'python_setup_py'
[0.200s] Level 1:colcon.colcon_core.package_identification:_identify(venv/lib/python3.12/site-packages/docutils/writers/s5_html/__pycache__) by extensions ['ignore', 'ignore_ament_install']
[0.201s] Level 1:colcon.colcon_core.package_identification:_identify(venv/lib/python3.12/site-packages/docutils/writers/s5_html/__pycache__) by extension 'ignore'
[0.201s] Level 1:colcon.colcon_core.package_identification:_identify(venv/lib/python3.12/site-packages/docutils/writers/s5_html/__pycache__) by extension 'ignore_ament_install'
[0.201s] Level 1:colcon.colcon_core.package_identification:_identify(venv/lib/python3.12/site-packages/docutils/writers/s5_html/__pycache__) by extensions ['colcon_pkg']
[0.201s] Level 1:colcon.colcon_core.package_identification:_identify(venv/lib/python3.12/site-packages/docutils/writers/s5_html/__pycache__) by extension 'colcon_pkg'
[0.201s] Level 1:colcon.colcon_core.package_identification:_identify(venv/lib/python3.12/site-packages/docutils/writers/s5_html/__pycache__) by extensions ['colcon_meta']
[0.201s] Level 1:colcon.colcon_core.package_identification:_identify(venv/lib/python3.12/site-packages/docutils/writers/s5_html/__pycache__) by extension 'colcon_meta'
[0.201s] Level 1:colcon.colcon_core.package_identification:_identify(venv/lib/python3.12/site-packages/docutils/writers/s5_html/__pycache__) by extensions ['ros']
[0.201s] Level 1:colcon.colcon_core.package_identification:_identify(venv/lib/python3.12/site-packages/docutils/writers/s5_html/__pycache__) by extension 'ros'
[0.201s] Level 1:colcon.colcon_core.package_identification:_identify(venv/lib/python3.12/site-packages/docutils/writers/s5_html/__pycache__) by extensions ['cmake', 'python']
[0.201s] Level 1:colcon.colcon_core.package_identification:_identify(venv/lib/python3.12/site-packages/docutils/writers/s5_html/__pycache__) by extension 'cmake'
[0.201s] Level 1:colcon.colcon_core.package_identification:_identify(venv/lib/python3.12/site-packages/docutils/writers/s5_html/__pycache__) by extension 'python'
[0.201s] Level 1:colcon.colcon_core.package_identification:_identify(venv/lib/python3.12/site-packages/docutils/writers/s5_html/__pycache__) by extensions ['python_setup_py']
[0.201s] Level 1:colcon.colcon_core.package_identification:_identify(venv/lib/python3.12/site-packages/docutils/writers/s5_html/__pycache__) by extension 'python_setup_py'
[0.201s] Level 1:colcon.colcon_core.package_identification:_identify(venv/lib/python3.12/site-packages/docutils/writers/s5_html/themes) by extensions ['ignore', 'ignore_ament_install']
[0.201s] Level 1:colcon.colcon_core.package_identification:_identify(venv/lib/python3.12/site-packages/docutils/writers/s5_html/themes) by extension 'ignore'
[0.201s] Level 1:colcon.colcon_core.package_identification:_identify(venv/lib/python3.12/site-packages/docutils/writers/s5_html/themes) by extension 'ignore_ament_install'
[0.201s] Level 1:colcon.colcon_core.package_identification:_identify(venv/lib/python3.12/site-packages/docutils/writers/s5_html/themes) by extensions ['colcon_pkg']
[0.201s] Level 1:colcon.colcon_core.package_identification:_identify(venv/lib/python3.12/site-packages/docutils/writers/s5_html/themes) by extension 'colcon_pkg'
[0.201s] Level 1:colcon.colcon_core.package_identification:_identify(venv/lib/python3.12/site-packages/docutils/writers/s5_html/themes) by extensions ['colcon_meta']
[0.201s] Level 1:colcon.colcon_core.package_identification:_identify(venv/lib/python3.12/site-packages/docutils/writers/s5_html/themes) by extension 'colcon_meta'
[0.202s] Level 1:colcon.colcon_core.package_identification:_identify(venv/lib/python3.12/site-packages/docutils/writers/s5_html/themes) by extensions ['ros']
[0.202s] Level 1:colcon.colcon_core.package_identification:_identify(venv/lib/python3.12/site-packages/docutils/writers/s5_html/themes) by extension 'ros'
[0.202s] Level 1:colcon.colcon_core.package_identification:_identify(venv/lib/python3.12/site-packages/docutils/writers/s5_html/themes) by extensions ['cmake', 'python']
[0.202s] Level 1:colcon.colcon_core.package_identification:_identify(venv/lib/python3.12/site-packages/docutils/writers/s5_html/themes) by extension 'cmake'
[0.202s] Level 1:colcon.colcon_core.package_identification:_identify(venv/lib/python3.12/site-packages/docutils/writers/s5_html/themes) by extension 'python'
[0.202s] Level 1:colcon.colcon_core.package_identification:_identify(venv/lib/python3.12/site-packages/docutils/writers/s5_html/themes) by extensions ['python_setup_py']
[0.202s] Level 1:colcon.colcon_core.package_identification:_identify(venv/lib/python3.12/site-packages/docutils/writers/s5_html/themes) by extension 'python_setup_py'
[0.202s] Level 1:colcon.colcon_core.package_identification:_identify(venv/lib/python3.12/site-packages/docutils/writers/s5_html/themes/big-black) by extensions ['ignore', 'ignore_ament_install']
[0.202s] Level 1:colcon.colcon_core.package_identification:_identify(venv/lib/python3.12/site-packages/docutils/writers/s5_html/themes/big-black) by extension 'ignore'
[0.202s] Level 1:colcon.colcon_core.package_identification:_identify(venv/lib/python3.12/site-packages/docutils/writers/s5_html/themes/big-black) by extension 'ignore_ament_install'
[0.202s] Level 1:colcon.colcon_core.package_identification:_identify(venv/lib/python3.12/site-packages/docutils/writers/s5_html/themes/big-black) by extensions ['colcon_pkg']
[0.202s] Level 1:colcon.colcon_core.package_identification:_identify(venv/lib/python3.12/site-packages/docutils/writers/s5_html/themes/big-black) by extension 'colcon_pkg'
[0.202s] Level 1:colcon.colcon_core.package_identification:_identify(venv/lib/python3.12/site-packages/docutils/writers/s5_html/themes/big-black) by extensions ['colcon_meta']
[0.202s] Level 1:colcon.colcon_core.package_identification:_identify(venv/lib/python3.12/site-packages/docutils/writers/s5_html/themes/big-black) by extension 'colcon_meta'
[0.202s] Level 1:colcon.colcon_core.package_identification:_identify(venv/lib/python3.12/site-packages/docutils/writers/s5_html/themes/big-black) by extensions ['ros']
[0.202s] Level 1:colcon.colcon_core.package_identification:_identify(venv/lib/python3.12/site-packages/docutils/writers/s5_html/themes/big-black) by extension 'ros'
[0.202s] Level 1:colcon.colcon_core.package_identification:_identify(venv/lib/python3.12/site-packages/docutils/writers/s5_html/themes/big-black) by extensions ['cmake', 'python']
[0.202s] Level 1:colcon.colcon_core.package_identification:_identify(venv/lib/python3.12/site-packages/docutils/writers/s5_html/themes/big-black) by extension 'cmake'
[0.202s] Level 1:colcon.colcon_core.package_identification:_identify(venv/lib/python3.12/site-packages/docutils/writers/s5_html/themes/big-black) by extension 'python'
[0.202s] Level 1:colcon.colcon_core.package_identification:_identify(venv/lib/python3.12/site-packages/docutils/writers/s5_html/themes/big-black) by extensions ['python_setup_py']
[0.202s] Level 1:colcon.colcon_core.package_identification:_identify(venv/lib/python3.12/site-packages/docutils/writers/s5_html/themes/big-black) by extension 'python_setup_py'
[0.203s] Level 1:colcon.colcon_core.package_identification:_identify(venv/lib/python3.12/site-packages/docutils/writers/s5_html/themes/big-white) by extensions ['ignore', 'ignore_ament_install']
[0.203s] Level 1:colcon.colcon_core.package_identification:_identify(venv/lib/python3.12/site-packages/docutils/writers/s5_html/themes/big-white) by extension 'ignore'
[0.203s] Level 1:colcon.colcon_core.package_identification:_identify(venv/lib/python3.12/site-packages/docutils/writers/s5_html/themes/big-white) by extension 'ignore_ament_install'
[0.203s] Level 1:colcon.colcon_core.package_identification:_identify(venv/lib/python3.12/site-packages/docutils/writers/s5_html/themes/big-white) by extensions ['colcon_pkg']
[0.203s] Level 1:colcon.colcon_core.package_identification:_identify(venv/lib/python3.12/site-packages/docutils/writers/s5_html/themes/big-white) by extension 'colcon_pkg'
[0.203s] Level 1:colcon.colcon_core.package_identification:_identify(venv/lib/python3.12/site-packages/docutils/writers/s5_html/themes/big-white) by extensions ['colcon_meta']
[0.203s] Level 1:colcon.colcon_core.package_identification:_identify(venv/lib/python3.12/site-packages/docutils/writers/s5_html/themes/big-white) by extension 'colcon_meta'
[0.203s] Level 1:colcon.colcon_core.package_identification:_identify(venv/lib/python3.12/site-packages/docutils/writers/s5_html/themes/big-white) by extensions ['ros']
[0.203s] Level 1:colcon.colcon_core.package_identification:_identify(venv/lib/python3.12/site-packages/docutils/writers/s5_html/themes/big-white) by extension 'ros'
[0.203s] Level 1:colcon.colcon_core.package_identification:_identify(venv/lib/python3.12/site-packages/docutils/writers/s5_html/themes/big-white) by extensions ['cmake', 'python']
[0.203s] Level 1:colcon.colcon_core.package_identification:_identify(venv/lib/python3.12/site-packages/docutils/writers/s5_html/themes/big-white) by extension 'cmake'
[0.203s] Level 1:colcon.colcon_core.package_identification:_identify(venv/lib/python3.12/site-packages/docutils/writers/s5_html/themes/big-white) by extension 'python'
[0.203s] Level 1:colcon.colcon_core.package_identification:_identify(venv/lib/python3.12/site-packages/docutils/writers/s5_html/themes/big-white) by extensions ['python_setup_py']
[0.203s] Level 1:colcon.colcon_core.package_identification:_identify(venv/lib/python3.12/site-packages/docutils/writers/s5_html/themes/big-white) by extension 'python_setup_py'
[0.203s] Level 1:colcon.colcon_core.package_identification:_identify(venv/lib/python3.12/site-packages/docutils/writers/s5_html/themes/default) by extensions ['ignore', 'ignore_ament_install']
[0.203s] Level 1:colcon.colcon_core.package_identification:_identify(venv/lib/python3.12/site-packages/docutils/writers/s5_html/themes/default) by extension 'ignore'
[0.203s] Level 1:colcon.colcon_core.package_identification:_identify(venv/lib/python3.12/site-packages/docutils/writers/s5_html/themes/default) by extension 'ignore_ament_install'
[0.204s] Level 1:colcon.colcon_core.package_identification:_identify(venv/lib/python3.12/site-packages/docutils/writers/s5_html/themes/default) by extensions ['colcon_pkg']
[0.204s] Level 1:colcon.colcon_core.package_identification:_identify(venv/lib/python3.12/site-packages/docutils/writers/s5_html/themes/default) by extension 'colcon_pkg'
[0.204s] Level 1:colcon.colcon_core.package_identification:_identify(venv/lib/python3.12/site-packages/docutils/writers/s5_html/themes/default) by extensions ['colcon_meta']
[0.204s] Level 1:colcon.colcon_core.package_identification:_identify(venv/lib/python3.12/site-packages/docutils/writers/s5_html/themes/default) by extension 'colcon_meta'
[0.204s] Level 1:colcon.colcon_core.package_identification:_identify(venv/lib/python3.12/site-packages/docutils/writers/s5_html/themes/default) by extensions ['ros']
[0.204s] Level 1:colcon.colcon_core.package_identification:_identify(venv/lib/python3.12/site-packages/docutils/writers/s5_html/themes/default) by extension 'ros'
[0.204s] Level 1:colcon.colcon_core.package_identification:_identify(venv/lib/python3.12/site-packages/docutils/writers/s5_html/themes/default) by extensions ['cmake', 'python']
[0.204s] Level 1:colcon.colcon_core.package_identification:_identify(venv/lib/python3.12/site-packages/docutils/writers/s5_html/themes/default) by extension 'cmake'
[0.204s] Level 1:colcon.colcon_core.package_identification:_identify(venv/lib/python3.12/site-packages/docutils/writers/s5_html/themes/default) by extension 'python'
[0.204s] Level 1:colcon.colcon_core.package_identification:_identify(venv/lib/python3.12/site-packages/docutils/writers/s5_html/themes/default) by extensions ['python_setup_py']
[0.204s] Level 1:colcon.colcon_core.package_identification:_identify(venv/lib/python3.12/site-packages/docutils/writers/s5_html/themes/default) by extension 'python_setup_py'
[0.204s] Level 1:colcon.colcon_core.package_identification:_identify(venv/lib/python3.12/site-packages/docutils/writers/s5_html/themes/medium-black) by extensions ['ignore', 'ignore_ament_install']
[0.204s] Level 1:colcon.colcon_core.package_identification:_identify(venv/lib/python3.12/site-packages/docutils/writers/s5_html/themes/medium-black) by extension 'ignore'
[0.204s] Level 1:colcon.colcon_core.package_identification:_identify(venv/lib/python3.12/site-packages/docutils/writers/s5_html/themes/medium-black) by extension 'ignore_ament_install'
[0.204s] Level 1:colcon.colcon_core.package_identification:_identify(venv/lib/python3.12/site-packages/docutils/writers/s5_html/themes/medium-black) by extensions ['colcon_pkg']
[0.204s] Level 1:colcon.colcon_core.package_identification:_identify(venv/lib/python3.12/site-packages/docutils/writers/s5_html/themes/medium-black) by extension 'colcon_pkg'
[0.204s] Level 1:colcon.colcon_core.package_identification:_identify(venv/lib/python3.12/site-packages/docutils/writers/s5_html/themes/medium-black) by extensions ['colcon_meta']
[0.204s] Level 1:colcon.colcon_core.package_identification:_identify(venv/lib/python3.12/site-packages/docutils/writers/s5_html/themes/medium-black) by extension 'colcon_meta'
[0.204s] Level 1:colcon.colcon_core.package_identification:_identify(venv/lib/python3.12/site-packages/docutils/writers/s5_html/themes/medium-black) by extensions ['ros']
[0.204s] Level 1:colcon.colcon_core.package_identification:_identify(venv/lib/python3.12/site-packages/docutils/writers/s5_html/themes/medium-black) by extension 'ros'
[0.205s] Level 1:colcon.colcon_core.package_identification:_identify(venv/lib/python3.12/site-packages/docutils/writers/s5_html/themes/medium-black) by extensions ['cmake', 'python']
[0.205s] Level 1:colcon.colcon_core.package_identification:_identify(venv/lib/python3.12/site-packages/docutils/writers/s5_html/themes/medium-black) by extension 'cmake'
[0.205s] Level 1:colcon.colcon_core.package_identification:_identify(venv/lib/python3.12/site-packages/docutils/writers/s5_html/themes/medium-black) by extension 'python'
[0.205s] Level 1:colcon.colcon_core.package_identification:_identify(venv/lib/python3.12/site-packages/docutils/writers/s5_html/themes/medium-black) by extensions ['python_setup_py']
[0.205s] Level 1:colcon.colcon_core.package_identification:_identify(venv/lib/python3.12/site-packages/docutils/writers/s5_html/themes/medium-black) by extension 'python_setup_py'
[0.205s] Level 1:colcon.colcon_core.package_identification:_identify(venv/lib/python3.12/site-packages/docutils/writers/s5_html/themes/medium-white) by extensions ['ignore', 'ignore_ament_install']
[0.205s] Level 1:colcon.colcon_core.package_identification:_identify(venv/lib/python3.12/site-packages/docutils/writers/s5_html/themes/medium-white) by extension 'ignore'
[0.205s] Level 1:colcon.colcon_core.package_identification:_identify(venv/lib/python3.12/site-packages/docutils/writers/s5_html/themes/medium-white) by extension 'ignore_ament_install'
[0.205s] Level 1:colcon.colcon_core.package_identification:_identify(venv/lib/python3.12/site-packages/docutils/writers/s5_html/themes/medium-white) by extensions ['colcon_pkg']
[0.205s] Level 1:colcon.colcon_core.package_identification:_identify(venv/lib/python3.12/site-packages/docutils/writers/s5_html/themes/medium-white) by extension 'colcon_pkg'
[0.205s] Level 1:colcon.colcon_core.package_identification:_identify(venv/lib/python3.12/site-packages/docutils/writers/s5_html/themes/medium-white) by extensions ['colcon_meta']
[0.205s] Level 1:colcon.colcon_core.package_identification:_identify(venv/lib/python3.12/site-packages/docutils/writers/s5_html/themes/medium-white) by extension 'colcon_meta'
[0.205s] Level 1:colcon.colcon_core.package_identification:_identify(venv/lib/python3.12/site-packages/docutils/writers/s5_html/themes/medium-white) by extensions ['ros']
[0.205s] Level 1:colcon.colcon_core.package_identification:_identify(venv/lib/python3.12/site-packages/docutils/writers/s5_html/themes/medium-white) by extension 'ros'
[0.205s] Level 1:colcon.colcon_core.package_identification:_identify(venv/lib/python3.12/site-packages/docutils/writers/s5_html/themes/medium-white) by extensions ['cmake', 'python']
[0.205s] Level 1:colcon.colcon_core.package_identification:_identify(venv/lib/python3.12/site-packages/docutils/writers/s5_html/themes/medium-white) by extension 'cmake'
[0.205s] Level 1:colcon.colcon_core.package_identification:_identify(venv/lib/python3.12/site-packages/docutils/writers/s5_html/themes/medium-white) by extension 'python'
[0.205s] Level 1:colcon.colcon_core.package_identification:_identify(venv/lib/python3.12/site-packages/docutils/writers/s5_html/themes/medium-white) by extensions ['python_setup_py']
[0.205s] Level 1:colcon.colcon_core.package_identification:_identify(venv/lib/python3.12/site-packages/docutils/writers/s5_html/themes/medium-white) by extension 'python_setup_py'
[0.205s] Level 1:colcon.colcon_core.package_identification:_identify(venv/lib/python3.12/site-packages/docutils/writers/s5_html/themes/small-black) by extensions ['ignore', 'ignore_ament_install']
[0.206s] Level 1:colcon.colcon_core.package_identification:_identify(venv/lib/python3.12/site-packages/docutils/writers/s5_html/themes/small-black) by extension 'ignore'
[0.206s] Level 1:colcon.colcon_core.package_identification:_identify(venv/lib/python3.12/site-packages/docutils/writers/s5_html/themes/small-black) by extension 'ignore_ament_install'
[0.206s] Level 1:colcon.colcon_core.package_identification:_identify(venv/lib/python3.12/site-packages/docutils/writers/s5_html/themes/small-black) by extensions ['colcon_pkg']
[0.206s] Level 1:colcon.colcon_core.package_identification:_identify(venv/lib/python3.12/site-packages/docutils/writers/s5_html/themes/small-black) by extension 'colcon_pkg'
[0.206s] Level 1:colcon.colcon_core.package_identification:_identify(venv/lib/python3.12/site-packages/docutils/writers/s5_html/themes/small-black) by extensions ['colcon_meta']
[0.206s] Level 1:colcon.colcon_core.package_identification:_identify(venv/lib/python3.12/site-packages/docutils/writers/s5_html/themes/small-black) by extension 'colcon_meta'
[0.206s] Level 1:colcon.colcon_core.package_identification:_identify(venv/lib/python3.12/site-packages/docutils/writers/s5_html/themes/small-black) by extensions ['ros']
[0.206s] Level 1:colcon.colcon_core.package_identification:_identify(venv/lib/python3.12/site-packages/docutils/writers/s5_html/themes/small-black) by extension 'ros'
[0.206s] Level 1:colcon.colcon_core.package_identification:_identify(venv/lib/python3.12/site-packages/docutils/writers/s5_html/themes/small-black) by extensions ['cmake', 'python']
[0.206s] Level 1:colcon.colcon_core.package_identification:_identify(venv/lib/python3.12/site-packages/docutils/writers/s5_html/themes/small-black) by extension 'cmake'
[0.206s] Level 1:colcon.colcon_core.package_identification:_identify(venv/lib/python3.12/site-packages/docutils/writers/s5_html/themes/small-black) by extension 'python'
[0.206s] Level 1:colcon.colcon_core.package_identification:_identify(venv/lib/python3.12/site-packages/docutils/writers/s5_html/themes/small-black) by extensions ['python_setup_py']
[0.206s] Level 1:colcon.colcon_core.package_identification:_identify(venv/lib/python3.12/site-packages/docutils/writers/s5_html/themes/small-black) by extension 'python_setup_py'
[0.206s] Level 1:colcon.colcon_core.package_identification:_identify(venv/lib/python3.12/site-packages/docutils/writers/s5_html/themes/small-white) by extensions ['ignore', 'ignore_ament_install']
[0.206s] Level 1:colcon.colcon_core.package_identification:_identify(venv/lib/python3.12/site-packages/docutils/writers/s5_html/themes/small-white) by extension 'ignore'
[0.206s] Level 1:colcon.colcon_core.package_identification:_identify(venv/lib/python3.12/site-packages/docutils/writers/s5_html/themes/small-white) by extension 'ignore_ament_install'
[0.206s] Level 1:colcon.colcon_core.package_identification:_identify(venv/lib/python3.12/site-packages/docutils/writers/s5_html/themes/small-white) by extensions ['colcon_pkg']
[0.206s] Level 1:colcon.colcon_core.package_identification:_identify(venv/lib/python3.12/site-packages/docutils/writers/s5_html/themes/small-white) by extension 'colcon_pkg'
[0.206s] Level 1:colcon.colcon_core.package_identification:_identify(venv/lib/python3.12/site-packages/docutils/writers/s5_html/themes/small-white) by extensions ['colcon_meta']
[0.206s] Level 1:colcon.colcon_core.package_identification:_identify(venv/lib/python3.12/site-packages/docutils/writers/s5_html/themes/small-white) by extension 'colcon_meta'
[0.207s] Level 1:colcon.colcon_core.package_identification:_identify(venv/lib/python3.12/site-packages/docutils/writers/s5_html/themes/small-white) by extensions ['ros']
[0.207s] Level 1:colcon.colcon_core.package_identification:_identify(venv/lib/python3.12/site-packages/docutils/writers/s5_html/themes/small-white) by extension 'ros'
[0.207s] Level 1:colcon.colcon_core.package_identification:_identify(venv/lib/python3.12/site-packages/docutils/writers/s5_html/themes/small-white) by extensions ['cmake', 'python']
[0.207s] Level 1:colcon.colcon_core.package_identification:_identify(venv/lib/python3.12/site-packages/docutils/writers/s5_html/themes/small-white) by extension 'cmake'
[0.207s] Level 1:colcon.colcon_core.package_identification:_identify(venv/lib/python3.12/site-packages/docutils/writers/s5_html/themes/small-white) by extension 'python'
[0.207s] Level 1:colcon.colcon_core.package_identification:_identify(venv/lib/python3.12/site-packages/docutils/writers/s5_html/themes/small-white) by extensions ['python_setup_py']
[0.207s] Level 1:colcon.colcon_core.package_identification:_identify(venv/lib/python3.12/site-packages/docutils/writers/s5_html/themes/small-white) by extension 'python_setup_py'
[0.207s] Level 1:colcon.colcon_core.package_identification:_identify(venv/lib/python3.12/site-packages/docutils/writers/xetex) by extensions ['ignore', 'ignore_ament_install']
[0.207s] Level 1:colcon.colcon_core.package_identification:_identify(venv/lib/python3.12/site-packages/docutils/writers/xetex) by extension 'ignore'
[0.207s] Level 1:colcon.colcon_core.package_identification:_identify(venv/lib/python3.12/site-packages/docutils/writers/xetex) by extension 'ignore_ament_install'
[0.207s] Level 1:colcon.colcon_core.package_identification:_identify(venv/lib/python3.12/site-packages/docutils/writers/xetex) by extensions ['colcon_pkg']
[0.207s] Level 1:colcon.colcon_core.package_identification:_identify(venv/lib/python3.12/site-packages/docutils/writers/xetex) by extension 'colcon_pkg'
[0.207s] Level 1:colcon.colcon_core.package_identification:_identify(venv/lib/python3.12/site-packages/docutils/writers/xetex) by extensions ['colcon_meta']
[0.207s] Level 1:colcon.colcon_core.package_identification:_identify(venv/lib/python3.12/site-packages/docutils/writers/xetex) by extension 'colcon_meta'
[0.207s] Level 1:colcon.colcon_core.package_identification:_identify(venv/lib/python3.12/site-packages/docutils/writers/xetex) by extensions ['ros']
[0.207s] Level 1:colcon.colcon_core.package_identification:_identify(venv/lib/python3.12/site-packages/docutils/writers/xetex) by extension 'ros'
[0.207s] Level 1:colcon.colcon_core.package_identification:_identify(venv/lib/python3.12/site-packages/docutils/writers/xetex) by extensions ['cmake', 'python']
[0.207s] Level 1:colcon.colcon_core.package_identification:_identify(venv/lib/python3.12/site-packages/docutils/writers/xetex) by extension 'cmake'
[0.207s] Level 1:colcon.colcon_core.package_identification:_identify(venv/lib/python3.12/site-packages/docutils/writers/xetex) by extension 'python'
[0.207s] Level 1:colcon.colcon_core.package_identification:_identify(venv/lib/python3.12/site-packages/docutils/writers/xetex) by extensions ['python_setup_py']
[0.207s] Level 1:colcon.colcon_core.package_identification:_identify(venv/lib/python3.12/site-packages/docutils/writers/xetex) by extension 'python_setup_py'
[0.208s] Level 1:colcon.colcon_core.package_identification:_identify(venv/lib/python3.12/site-packages/docutils/writers/xetex/__pycache__) by extensions ['ignore', 'ignore_ament_install']
[0.208s] Level 1:colcon.colcon_core.package_identification:_identify(venv/lib/python3.12/site-packages/docutils/writers/xetex/__pycache__) by extension 'ignore'
[0.208s] Level 1:colcon.colcon_core.package_identification:_identify(venv/lib/python3.12/site-packages/docutils/writers/xetex/__pycache__) by extension 'ignore_ament_install'
[0.208s] Level 1:colcon.colcon_core.package_identification:_identify(venv/lib/python3.12/site-packages/docutils/writers/xetex/__pycache__) by extensions ['colcon_pkg']
[0.208s] Level 1:colcon.colcon_core.package_identification:_identify(venv/lib/python3.12/site-packages/docutils/writers/xetex/__pycache__) by extension 'colcon_pkg'
[0.208s] Level 1:colcon.colcon_core.package_identification:_identify(venv/lib/python3.12/site-packages/docutils/writers/xetex/__pycache__) by extensions ['colcon_meta']
[0.208s] Level 1:colcon.colcon_core.package_identification:_identify(venv/lib/python3.12/site-packages/docutils/writers/xetex/__pycache__) by extension 'colcon_meta'
[0.208s] Level 1:colcon.colcon_core.package_identification:_identify(venv/lib/python3.12/site-packages/docutils/writers/xetex/__pycache__) by extensions ['ros']
[0.208s] Level 1:colcon.colcon_core.package_identification:_identify(venv/lib/python3.12/site-packages/docutils/writers/xetex/__pycache__) by extension 'ros'
[0.208s] Level 1:colcon.colcon_core.package_identification:_identify(venv/lib/python3.12/site-packages/docutils/writers/xetex/__pycache__) by extensions ['cmake', 'python']
[0.208s] Level 1:colcon.colcon_core.package_identification:_identify(venv/lib/python3.12/site-packages/docutils/writers/xetex/__pycache__) by extension 'cmake'
[0.208s] Level 1:colcon.colcon_core.package_identification:_identify(venv/lib/python3.12/site-packages/docutils/writers/xetex/__pycache__) by extension 'python'
[0.208s] Level 1:colcon.colcon_core.package_identification:_identify(venv/lib/python3.12/site-packages/docutils/writers/xetex/__pycache__) by extensions ['python_setup_py']
[0.208s] Level 1:colcon.colcon_core.package_identification:_identify(venv/lib/python3.12/site-packages/docutils/writers/xetex/__pycache__) by extension 'python_setup_py'
[0.208s] Level 1:colcon.colcon_core.package_identification:_identify(venv/lib/python3.12/site-packages/docutils-0.22.4.dist-info) by extensions ['ignore', 'ignore_ament_install']
[0.208s] Level 1:colcon.colcon_core.package_identification:_identify(venv/lib/python3.12/site-packages/docutils-0.22.4.dist-info) by extension 'ignore'
[0.208s] Level 1:colcon.colcon_core.package_identification:_identify(venv/lib/python3.12/site-packages/docutils-0.22.4.dist-info) by extension 'ignore_ament_install'
[0.208s] Level 1:colcon.colcon_core.package_identification:_identify(venv/lib/python3.12/site-packages/docutils-0.22.4.dist-info) by extensions ['colcon_pkg']
[0.208s] Level 1:colcon.colcon_core.package_identification:_identify(venv/lib/python3.12/site-packages/docutils-0.22.4.dist-info) by extension 'colcon_pkg'
[0.208s] Level 1:colcon.colcon_core.package_identification:_identify(venv/lib/python3.12/site-packages/docutils-0.22.4.dist-info) by extensions ['colcon_meta']
[0.208s] Level 1:colcon.colcon_core.package_identification:_identify(venv/lib/python3.12/site-packages/docutils-0.22.4.dist-info) by extension 'colcon_meta'
[0.209s] Level 1:colcon.colcon_core.package_identification:_identify(venv/lib/python3.12/site-packages/docutils-0.22.4.dist-info) by extensions ['ros']
[0.209s] Level 1:colcon.colcon_core.package_identification:_identify(venv/lib/python3.12/site-packages/docutils-0.22.4.dist-info) by extension 'ros'
[0.209s] Level 1:colcon.colcon_core.package_identification:_identify(venv/lib/python3.12/site-packages/docutils-0.22.4.dist-info) by extensions ['cmake', 'python']
[0.209s] Level 1:colcon.colcon_core.package_identification:_identify(venv/lib/python3.12/site-packages/docutils-0.22.4.dist-info) by extension 'cmake'
[0.209s] Level 1:colcon.colcon_core.package_identification:_identify(venv/lib/python3.12/site-packages/docutils-0.22.4.dist-info) by extension 'python'
[0.209s] Level 1:colcon.colcon_core.package_identification:_identify(venv/lib/python3.12/site-packages/docutils-0.22.4.dist-info) by extensions ['python_setup_py']
[0.209s] Level 1:colcon.colcon_core.package_identification:_identify(venv/lib/python3.12/site-packages/docutils-0.22.4.dist-info) by extension 'python_setup_py'
[0.209s] Level 1:colcon.colcon_core.package_identification:_identify(venv/lib/python3.12/site-packages/docutils-0.22.4.dist-info/licenses) by extensions ['ignore', 'ignore_ament_install']
[0.209s] Level 1:colcon.colcon_core.package_identification:_identify(venv/lib/python3.12/site-packages/docutils-0.22.4.dist-info/licenses) by extension 'ignore'
[0.209s] Level 1:colcon.colcon_core.package_identification:_identify(venv/lib/python3.12/site-packages/docutils-0.22.4.dist-info/licenses) by extension 'ignore_ament_install'
[0.209s] Level 1:colcon.colcon_core.package_identification:_identify(venv/lib/python3.12/site-packages/docutils-0.22.4.dist-info/licenses) by extensions ['colcon_pkg']
[0.209s] Level 1:colcon.colcon_core.package_identification:_identify(venv/lib/python3.12/site-packages/docutils-0.22.4.dist-info/licenses) by extension 'colcon_pkg'
[0.209s] Level 1:colcon.colcon_core.package_identification:_identify(venv/lib/python3.12/site-packages/docutils-0.22.4.dist-info/licenses) by extensions ['colcon_meta']
[0.209s] Level 1:colcon.colcon_core.package_identification:_identify(venv/lib/python3.12/site-packages/docutils-0.22.4.dist-info/licenses) by extension 'colcon_meta'
[0.209s] Level 1:colcon.colcon_core.package_identification:_identify(venv/lib/python3.12/site-packages/docutils-0.22.4.dist-info/licenses) by extensions ['ros']
[0.209s] Level 1:colcon.colcon_core.package_identification:_identify(venv/lib/python3.12/site-packages/docutils-0.22.4.dist-info/licenses) by extension 'ros'
[0.209s] Level 1:colcon.colcon_core.package_identification:_identify(venv/lib/python3.12/site-packages/docutils-0.22.4.dist-info/licenses) by extensions ['cmake', 'python']
[0.209s] Level 1:colcon.colcon_core.package_identification:_identify(venv/lib/python3.12/site-packages/docutils-0.22.4.dist-info/licenses) by extension 'cmake'
[0.209s] Level 1:colcon.colcon_core.package_identification:_identify(venv/lib/python3.12/site-packages/docutils-0.22.4.dist-info/licenses) by extension 'python'
[0.209s] Level 1:colcon.colcon_core.package_identification:_identify(venv/lib/python3.12/site-packages/docutils-0.22.4.dist-info/licenses) by extensions ['python_setup_py']
[0.209s] Level 1:colcon.colcon_core.package_identification:_identify(venv/lib/python3.12/site-packages/docutils-0.22.4.dist-info/licenses) by extension 'python_setup_py'
[0.210s] Level 1:colcon.colcon_core.package_identification:_identify(venv/lib/python3.12/site-packages/docutils-0.22.4.dist-info/licenses/licenses) by extensions ['ignore', 'ignore_ament_install']
[0.210s] Level 1:colcon.colcon_core.package_identification:_identify(venv/lib/python3.12/site-packages/docutils-0.22.4.dist-info/licenses/licenses) by extension 'ignore'
[0.210s] Level 1:colcon.colcon_core.package_identification:_identify(venv/lib/python3.12/site-packages/docutils-0.22.4.dist-info/licenses/licenses) by extension 'ignore_ament_install'
[0.210s] Level 1:colcon.colcon_core.package_identification:_identify(venv/lib/python3.12/site-packages/docutils-0.22.4.dist-info/licenses/licenses) by extensions ['colcon_pkg']
[0.210s] Level 1:colcon.colcon_core.package_identification:_identify(venv/lib/python3.12/site-packages/docutils-0.22.4.dist-info/licenses/licenses) by extension 'colcon_pkg'
[0.210s] Level 1:colcon.colcon_core.package_identification:_identify(venv/lib/python3.12/site-packages/docutils-0.22.4.dist-info/licenses/licenses) by extensions ['colcon_meta']
[0.210s] Level 1:colcon.colcon_core.package_identification:_identify(venv/lib/python3.12/site-packages/docutils-0.22.4.dist-info/licenses/licenses) by extension 'colcon_meta'
[0.210s] Level 1:colcon.colcon_core.package_identification:_identify(venv/lib/python3.12/site-packages/docutils-0.22.4.dist-info/licenses/licenses) by extensions ['ros']
[0.210s] Level 1:colcon.colcon_core.package_identification:_identify(venv/lib/python3.12/site-packages/docutils-0.22.4.dist-info/licenses/licenses) by extension 'ros'
[0.210s] Level 1:colcon.colcon_core.package_identification:_identify(venv/lib/python3.12/site-packages/docutils-0.22.4.dist-info/licenses/licenses) by extensions ['cmake', 'python']
[0.210s] Level 1:colcon.colcon_core.package_identification:_identify(venv/lib/python3.12/site-packages/docutils-0.22.4.dist-info/licenses/licenses) by extension 'cmake'
[0.210s] Level 1:colcon.colcon_core.package_identification:_identify(venv/lib/python3.12/site-packages/docutils-0.22.4.dist-info/licenses/licenses) by extension 'python'
[0.210s] Level 1:colcon.colcon_core.package_identification:_identify(venv/lib/python3.12/site-packages/docutils-0.22.4.dist-info/licenses/licenses) by extensions ['python_setup_py']
[0.210s] Level 1:colcon.colcon_core.package_identification:_identify(venv/lib/python3.12/site-packages/docutils-0.22.4.dist-info/licenses/licenses) by extension 'python_setup_py'
[0.210s] Level 1:colcon.colcon_core.package_identification:_identify(venv/lib/python3.12/site-packages/dynamixel_easy_sdk) by extensions ['ignore', 'ignore_ament_install']
[0.210s] Level 1:colcon.colcon_core.package_identification:_identify(venv/lib/python3.12/site-packages/dynamixel_easy_sdk) by extension 'ignore'
[0.210s] Level 1:colcon.colcon_core.package_identification:_identify(venv/lib/python3.12/site-packages/dynamixel_easy_sdk) by extension 'ignore_ament_install'
[0.210s] Level 1:colcon.colcon_core.package_identification:_identify(venv/lib/python3.12/site-packages/dynamixel_easy_sdk) by extensions ['colcon_pkg']
[0.210s] Level 1:colcon.colcon_core.package_identification:_identify(venv/lib/python3.12/site-packages/dynamixel_easy_sdk) by extension 'colcon_pkg'
[0.210s] Level 1:colcon.colcon_core.package_identification:_identify(venv/lib/python3.12/site-packages/dynamixel_easy_sdk) by extensions ['colcon_meta']
[0.210s] Level 1:colcon.colcon_core.package_identification:_identify(venv/lib/python3.12/site-packages/dynamixel_easy_sdk) by extension 'colcon_meta'
[0.210s] Level 1:colcon.colcon_core.package_identification:_identify(venv/lib/python3.12/site-packages/dynamixel_easy_sdk) by extensions ['ros']
[0.211s] Level 1:colcon.colcon_core.package_identification:_identify(venv/lib/python3.12/site-packages/dynamixel_easy_sdk) by extension 'ros'
[0.211s] Level 1:colcon.colcon_core.package_identification:_identify(venv/lib/python3.12/site-packages/dynamixel_easy_sdk) by extensions ['cmake', 'python']
[0.211s] Level 1:colcon.colcon_core.package_identification:_identify(venv/lib/python3.12/site-packages/dynamixel_easy_sdk) by extension 'cmake'
[0.211s] Level 1:colcon.colcon_core.package_identification:_identify(venv/lib/python3.12/site-packages/dynamixel_easy_sdk) by extension 'python'
[0.211s] Level 1:colcon.colcon_core.package_identification:_identify(venv/lib/python3.12/site-packages/dynamixel_easy_sdk) by extensions ['python_setup_py']
[0.211s] Level 1:colcon.colcon_core.package_identification:_identify(venv/lib/python3.12/site-packages/dynamixel_easy_sdk) by extension 'python_setup_py'
[0.211s] Level 1:colcon.colcon_core.package_identification:_identify(venv/lib/python3.12/site-packages/dynamixel_easy_sdk/__pycache__) by extensions ['ignore', 'ignore_ament_install']
[0.211s] Level 1:colcon.colcon_core.package_identification:_identify(venv/lib/python3.12/site-packages/dynamixel_easy_sdk/__pycache__) by extension 'ignore'
[0.211s] Level 1:colcon.colcon_core.package_identification:_identify(venv/lib/python3.12/site-packages/dynamixel_easy_sdk/__pycache__) by extension 'ignore_ament_install'
[0.211s] Level 1:colcon.colcon_core.package_identification:_identify(venv/lib/python3.12/site-packages/dynamixel_easy_sdk/__pycache__) by extensions ['colcon_pkg']
[0.211s] Level 1:colcon.colcon_core.package_identification:_identify(venv/lib/python3.12/site-packages/dynamixel_easy_sdk/__pycache__) by extension 'colcon_pkg'
[0.211s] Level 1:colcon.colcon_core.package_identification:_identify(venv/lib/python3.12/site-packages/dynamixel_easy_sdk/__pycache__) by extensions ['colcon_meta']
[0.211s] Level 1:colcon.colcon_core.package_identification:_identify(venv/lib/python3.12/site-packages/dynamixel_easy_sdk/__pycache__) by extension 'colcon_meta'
[0.211s] Level 1:colcon.colcon_core.package_identification:_identify(venv/lib/python3.12/site-packages/dynamixel_easy_sdk/__pycache__) by extensions ['ros']
[0.211s] Level 1:colcon.colcon_core.package_identification:_identify(venv/lib/python3.12/site-packages/dynamixel_easy_sdk/__pycache__) by extension 'ros'
[0.211s] Level 1:colcon.colcon_core.package_identification:_identify(venv/lib/python3.12/site-packages/dynamixel_easy_sdk/__pycache__) by extensions ['cmake', 'python']
[0.211s] Level 1:colcon.colcon_core.package_identification:_identify(venv/lib/python3.12/site-packages/dynamixel_easy_sdk/__pycache__) by extension 'cmake'
[0.211s] Level 1:colcon.colcon_core.package_identification:_identify(venv/lib/python3.12/site-packages/dynamixel_easy_sdk/__pycache__) by extension 'python'
[0.211s] Level 1:colcon.colcon_core.package_identification:_identify(venv/lib/python3.12/site-packages/dynamixel_easy_sdk/__pycache__) by extensions ['python_setup_py']
[0.211s] Level 1:colcon.colcon_core.package_identification:_identify(venv/lib/python3.12/site-packages/dynamixel_easy_sdk/__pycache__) by extension 'python_setup_py'
[0.212s] Level 1:colcon.colcon_core.package_identification:_identify(venv/lib/python3.12/site-packages/dynamixel_easy_sdk/control_table) by extensions ['ignore', 'ignore_ament_install']
[0.212s] Level 1:colcon.colcon_core.package_identification:_identify(venv/lib/python3.12/site-packages/dynamixel_easy_sdk/control_table) by extension 'ignore'
[0.212s] Level 1:colcon.colcon_core.package_identification:_identify(venv/lib/python3.12/site-packages/dynamixel_easy_sdk/control_table) by extension 'ignore_ament_install'
[0.212s] Level 1:colcon.colcon_core.package_identification:_identify(venv/lib/python3.12/site-packages/dynamixel_easy_sdk/control_table) by extensions ['colcon_pkg']
[0.212s] Level 1:colcon.colcon_core.package_identification:_identify(venv/lib/python3.12/site-packages/dynamixel_easy_sdk/control_table) by extension 'colcon_pkg'
[0.212s] Level 1:colcon.colcon_core.package_identification:_identify(venv/lib/python3.12/site-packages/dynamixel_easy_sdk/control_table) by extensions ['colcon_meta']
[0.212s] Level 1:colcon.colcon_core.package_identification:_identify(venv/lib/python3.12/site-packages/dynamixel_easy_sdk/control_table) by extension 'colcon_meta'
[0.212s] Level 1:colcon.colcon_core.package_identification:_identify(venv/lib/python3.12/site-packages/dynamixel_easy_sdk/control_table) by extensions ['ros']
[0.212s] Level 1:colcon.colcon_core.package_identification:_identify(venv/lib/python3.12/site-packages/dynamixel_easy_sdk/control_table) by extension 'ros'
[0.212s] Level 1:colcon.colcon_core.package_identification:_identify(venv/lib/python3.12/site-packages/dynamixel_easy_sdk/control_table) by extensions ['cmake', 'python']
[0.212s] Level 1:colcon.colcon_core.package_identification:_identify(venv/lib/python3.12/site-packages/dynamixel_easy_sdk/control_table) by extension 'cmake'
[0.212s] Level 1:colcon.colcon_core.package_identification:_identify(venv/lib/python3.12/site-packages/dynamixel_easy_sdk/control_table) by extension 'python'
[0.212s] Level 1:colcon.colcon_core.package_identification:_identify(venv/lib/python3.12/site-packages/dynamixel_easy_sdk/control_table) by extensions ['python_setup_py']
[0.212s] Level 1:colcon.colcon_core.package_identification:_identify(venv/lib/python3.12/site-packages/dynamixel_easy_sdk/control_table) by extension 'python_setup_py'
[0.212s] Level 1:colcon.colcon_core.package_identification:_identify(venv/lib/python3.12/site-packages/dynamixel_sdk) by extensions ['ignore', 'ignore_ament_install']
[0.212s] Level 1:colcon.colcon_core.package_identification:_identify(venv/lib/python3.12/site-packages/dynamixel_sdk) by extension 'ignore'
[0.212s] Level 1:colcon.colcon_core.package_identification:_identify(venv/lib/python3.12/site-packages/dynamixel_sdk) by extension 'ignore_ament_install'
[0.212s] Level 1:colcon.colcon_core.package_identification:_identify(venv/lib/python3.12/site-packages/dynamixel_sdk) by extensions ['colcon_pkg']
[0.212s] Level 1:colcon.colcon_core.package_identification:_identify(venv/lib/python3.12/site-packages/dynamixel_sdk) by extension 'colcon_pkg'
[0.212s] Level 1:colcon.colcon_core.package_identification:_identify(venv/lib/python3.12/site-packages/dynamixel_sdk) by extensions ['colcon_meta']
[0.212s] Level 1:colcon.colcon_core.package_identification:_identify(venv/lib/python3.12/site-packages/dynamixel_sdk) by extension 'colcon_meta'
[0.213s] Level 1:colcon.colcon_core.package_identification:_identify(venv/lib/python3.12/site-packages/dynamixel_sdk) by extensions ['ros']
[0.213s] Level 1:colcon.colcon_core.package_identification:_identify(venv/lib/python3.12/site-packages/dynamixel_sdk) by extension 'ros'
[0.213s] Level 1:colcon.colcon_core.package_identification:_identify(venv/lib/python3.12/site-packages/dynamixel_sdk) by extensions ['cmake', 'python']
[0.213s] Level 1:colcon.colcon_core.package_identification:_identify(venv/lib/python3.12/site-packages/dynamixel_sdk) by extension 'cmake'
[0.213s] Level 1:colcon.colcon_core.package_identification:_identify(venv/lib/python3.12/site-packages/dynamixel_sdk) by extension 'python'
[0.213s] Level 1:colcon.colcon_core.package_identification:_identify(venv/lib/python3.12/site-packages/dynamixel_sdk) by extensions ['python_setup_py']
[0.213s] Level 1:colcon.colcon_core.package_identification:_identify(venv/lib/python3.12/site-packages/dynamixel_sdk) by extension 'python_setup_py'
[0.213s] Level 1:colcon.colcon_core.package_identification:_identify(venv/lib/python3.12/site-packages/dynamixel_sdk/__pycache__) by extensions ['ignore', 'ignore_ament_install']
[0.213s] Level 1:colcon.colcon_core.package_identification:_identify(venv/lib/python3.12/site-packages/dynamixel_sdk/__pycache__) by extension 'ignore'
[0.213s] Level 1:colcon.colcon_core.package_identification:_identify(venv/lib/python3.12/site-packages/dynamixel_sdk/__pycache__) by extension 'ignore_ament_install'
[0.213s] Level 1:colcon.colcon_core.package_identification:_identify(venv/lib/python3.12/site-packages/dynamixel_sdk/__pycache__) by extensions ['colcon_pkg']
[0.213s] Level 1:colcon.colcon_core.package_identification:_identify(venv/lib/python3.12/site-packages/dynamixel_sdk/__pycache__) by extension 'colcon_pkg'
[0.213s] Level 1:colcon.colcon_core.package_identification:_identify(venv/lib/python3.12/site-packages/dynamixel_sdk/__pycache__) by extensions ['colcon_meta']
[0.213s] Level 1:colcon.colcon_core.package_identification:_identify(venv/lib/python3.12/site-packages/dynamixel_sdk/__pycache__) by extension 'colcon_meta'
[0.213s] Level 1:colcon.colcon_core.package_identification:_identify(venv/lib/python3.12/site-packages/dynamixel_sdk/__pycache__) by extensions ['ros']
[0.213s] Level 1:colcon.colcon_core.package_identification:_identify(venv/lib/python3.12/site-packages/dynamixel_sdk/__pycache__) by extension 'ros'
[0.213s] Level 1:colcon.colcon_core.package_identification:_identify(venv/lib/python3.12/site-packages/dynamixel_sdk/__pycache__) by extensions ['cmake', 'python']
[0.213s] Level 1:colcon.colcon_core.package_identification:_identify(venv/lib/python3.12/site-packages/dynamixel_sdk/__pycache__) by extension 'cmake'
[0.213s] Level 1:colcon.colcon_core.package_identification:_identify(venv/lib/python3.12/site-packages/dynamixel_sdk/__pycache__) by extension 'python'
[0.213s] Level 1:colcon.colcon_core.package_identification:_identify(venv/lib/python3.12/site-packages/dynamixel_sdk/__pycache__) by extensions ['python_setup_py']
[0.213s] Level 1:colcon.colcon_core.package_identification:_identify(venv/lib/python3.12/site-packages/dynamixel_sdk/__pycache__) by extension 'python_setup_py'
[0.214s] Level 1:colcon.colcon_core.package_identification:_identify(venv/lib/python3.12/site-packages/dynamixel_sdk-4.0.5.dist-info) by extensions ['ignore', 'ignore_ament_install']
[0.214s] Level 1:colcon.colcon_core.package_identification:_identify(venv/lib/python3.12/site-packages/dynamixel_sdk-4.0.5.dist-info) by extension 'ignore'
[0.214s] Level 1:colcon.colcon_core.package_identification:_identify(venv/lib/python3.12/site-packages/dynamixel_sdk-4.0.5.dist-info) by extension 'ignore_ament_install'
[0.214s] Level 1:colcon.colcon_core.package_identification:_identify(venv/lib/python3.12/site-packages/dynamixel_sdk-4.0.5.dist-info) by extensions ['colcon_pkg']
[0.214s] Level 1:colcon.colcon_core.package_identification:_identify(venv/lib/python3.12/site-packages/dynamixel_sdk-4.0.5.dist-info) by extension 'colcon_pkg'
[0.214s] Level 1:colcon.colcon_core.package_identification:_identify(venv/lib/python3.12/site-packages/dynamixel_sdk-4.0.5.dist-info) by extensions ['colcon_meta']
[0.214s] Level 1:colcon.colcon_core.package_identification:_identify(venv/lib/python3.12/site-packages/dynamixel_sdk-4.0.5.dist-info) by extension 'colcon_meta'
[0.214s] Level 1:colcon.colcon_core.package_identification:_identify(venv/lib/python3.12/site-packages/dynamixel_sdk-4.0.5.dist-info) by extensions ['ros']
[0.214s] Level 1:colcon.colcon_core.package_identification:_identify(venv/lib/python3.12/site-packages/dynamixel_sdk-4.0.5.dist-info) by extension 'ros'
[0.214s] Level 1:colcon.colcon_core.package_identification:_identify(venv/lib/python3.12/site-packages/dynamixel_sdk-4.0.5.dist-info) by extensions ['cmake', 'python']
[0.214s] Level 1:colcon.colcon_core.package_identification:_identify(venv/lib/python3.12/site-packages/dynamixel_sdk-4.0.5.dist-info) by extension 'cmake'
[0.214s] Level 1:colcon.colcon_core.package_identification:_identify(venv/lib/python3.12/site-packages/dynamixel_sdk-4.0.5.dist-info) by extension 'python'
[0.214s] Level 1:colcon.colcon_core.package_identification:_identify(venv/lib/python3.12/site-packages/dynamixel_sdk-4.0.5.dist-info) by extensions ['python_setup_py']
[0.214s] Level 1:colcon.colcon_core.package_identification:_identify(venv/lib/python3.12/site-packages/dynamixel_sdk-4.0.5.dist-info) by extension 'python_setup_py'
[0.214s] Level 1:colcon.colcon_core.package_identification:_identify(venv/lib/python3.12/site-packages/dynamixel_sdk-4.0.5.dist-info/licenses) by extensions ['ignore', 'ignore_ament_install']
[0.214s] Level 1:colcon.colcon_core.package_identification:_identify(venv/lib/python3.12/site-packages/dynamixel_sdk-4.0.5.dist-info/licenses) by extension 'ignore'
[0.214s] Level 1:colcon.colcon_core.package_identification:_identify(venv/lib/python3.12/site-packages/dynamixel_sdk-4.0.5.dist-info/licenses) by extension 'ignore_ament_install'
[0.214s] Level 1:colcon.colcon_core.package_identification:_identify(venv/lib/python3.12/site-packages/dynamixel_sdk-4.0.5.dist-info/licenses) by extensions ['colcon_pkg']
[0.214s] Level 1:colcon.colcon_core.package_identification:_identify(venv/lib/python3.12/site-packages/dynamixel_sdk-4.0.5.dist-info/licenses) by extension 'colcon_pkg'
[0.214s] Level 1:colcon.colcon_core.package_identification:_identify(venv/lib/python3.12/site-packages/dynamixel_sdk-4.0.5.dist-info/licenses) by extensions ['colcon_meta']
[0.214s] Level 1:colcon.colcon_core.package_identification:_identify(venv/lib/python3.12/site-packages/dynamixel_sdk-4.0.5.dist-info/licenses) by extension 'colcon_meta'
[0.214s] Level 1:colcon.colcon_core.package_identification:_identify(venv/lib/python3.12/site-packages/dynamixel_sdk-4.0.5.dist-info/licenses) by extensions ['ros']
[0.215s] Level 1:colcon.colcon_core.package_identification:_identify(venv/lib/python3.12/site-packages/dynamixel_sdk-4.0.5.dist-info/licenses) by extension 'ros'
[0.215s] Level 1:colcon.colcon_core.package_identification:_identify(venv/lib/python3.12/site-packages/dynamixel_sdk-4.0.5.dist-info/licenses) by extensions ['cmake', 'python']
[0.215s] Level 1:colcon.colcon_core.package_identification:_identify(venv/lib/python3.12/site-packages/dynamixel_sdk-4.0.5.dist-info/licenses) by extension 'cmake'
[0.215s] Level 1:colcon.colcon_core.package_identification:_identify(venv/lib/python3.12/site-packages/dynamixel_sdk-4.0.5.dist-info/licenses) by extension 'python'
[0.215s] Level 1:colcon.colcon_core.package_identification:_identify(venv/lib/python3.12/site-packages/dynamixel_sdk-4.0.5.dist-info/licenses) by extensions ['python_setup_py']
[0.215s] Level 1:colcon.colcon_core.package_identification:_identify(venv/lib/python3.12/site-packages/dynamixel_sdk-4.0.5.dist-info/licenses) by extension 'python_setup_py'
[0.215s] Level 1:colcon.colcon_core.package_identification:_identify(venv/lib/python3.12/site-packages/numpy) by extensions ['ignore', 'ignore_ament_install']
[0.215s] Level 1:colcon.colcon_core.package_identification:_identify(venv/lib/python3.12/site-packages/numpy) by extension 'ignore'
[0.215s] Level 1:colcon.colcon_core.package_identification:_identify(venv/lib/python3.12/site-packages/numpy) by extension 'ignore_ament_install'
[0.215s] Level 1:colcon.colcon_core.package_identification:_identify(venv/lib/python3.12/site-packages/numpy) by extensions ['colcon_pkg']
[0.215s] Level 1:colcon.colcon_core.package_identification:_identify(venv/lib/python3.12/site-packages/numpy) by extension 'colcon_pkg'
[0.215s] Level 1:colcon.colcon_core.package_identification:_identify(venv/lib/python3.12/site-packages/numpy) by extensions ['colcon_meta']
[0.215s] Level 1:colcon.colcon_core.package_identification:_identify(venv/lib/python3.12/site-packages/numpy) by extension 'colcon_meta'
[0.215s] Level 1:colcon.colcon_core.package_identification:_identify(venv/lib/python3.12/site-packages/numpy) by extensions ['ros']
[0.215s] Level 1:colcon.colcon_core.package_identification:_identify(venv/lib/python3.12/site-packages/numpy) by extension 'ros'
[0.215s] Level 1:colcon.colcon_core.package_identification:_identify(venv/lib/python3.12/site-packages/numpy) by extensions ['cmake', 'python']
[0.215s] Level 1:colcon.colcon_core.package_identification:_identify(venv/lib/python3.12/site-packages/numpy) by extension 'cmake'
[0.215s] Level 1:colcon.colcon_core.package_identification:_identify(venv/lib/python3.12/site-packages/numpy) by extension 'python'
[0.215s] Level 1:colcon.colcon_core.package_identification:_identify(venv/lib/python3.12/site-packages/numpy) by extensions ['python_setup_py']
[0.215s] Level 1:colcon.colcon_core.package_identification:_identify(venv/lib/python3.12/site-packages/numpy) by extension 'python_setup_py'
[0.216s] Level 1:colcon.colcon_core.package_identification:_identify(venv/lib/python3.12/site-packages/numpy/__pycache__) by extensions ['ignore', 'ignore_ament_install']
[0.216s] Level 1:colcon.colcon_core.package_identification:_identify(venv/lib/python3.12/site-packages/numpy/__pycache__) by extension 'ignore'
[0.216s] Level 1:colcon.colcon_core.package_identification:_identify(venv/lib/python3.12/site-packages/numpy/__pycache__) by extension 'ignore_ament_install'
[0.216s] Level 1:colcon.colcon_core.package_identification:_identify(venv/lib/python3.12/site-packages/numpy/__pycache__) by extensions ['colcon_pkg']
[0.216s] Level 1:colcon.colcon_core.package_identification:_identify(venv/lib/python3.12/site-packages/numpy/__pycache__) by extension 'colcon_pkg'
[0.216s] Level 1:colcon.colcon_core.package_identification:_identify(venv/lib/python3.12/site-packages/numpy/__pycache__) by extensions ['colcon_meta']
[0.216s] Level 1:colcon.colcon_core.package_identification:_identify(venv/lib/python3.12/site-packages/numpy/__pycache__) by extension 'colcon_meta'
[0.216s] Level 1:colcon.colcon_core.package_identification:_identify(venv/lib/python3.12/site-packages/numpy/__pycache__) by extensions ['ros']
[0.216s] Level 1:colcon.colcon_core.package_identification:_identify(venv/lib/python3.12/site-packages/numpy/__pycache__) by extension 'ros'
[0.216s] Level 1:colcon.colcon_core.package_identification:_identify(venv/lib/python3.12/site-packages/numpy/__pycache__) by extensions ['cmake', 'python']
[0.216s] Level 1:colcon.colcon_core.package_identification:_identify(venv/lib/python3.12/site-packages/numpy/__pycache__) by extension 'cmake'
[0.216s] Level 1:colcon.colcon_core.package_identification:_identify(venv/lib/python3.12/site-packages/numpy/__pycache__) by extension 'python'
[0.216s] Level 1:colcon.colcon_core.package_identification:_identify(venv/lib/python3.12/site-packages/numpy/__pycache__) by extensions ['python_setup_py']
[0.216s] Level 1:colcon.colcon_core.package_identification:_identify(venv/lib/python3.12/site-packages/numpy/__pycache__) by extension 'python_setup_py'
[0.216s] Level 1:colcon.colcon_core.package_identification:_identify(venv/lib/python3.12/site-packages/numpy/_core) by extensions ['ignore', 'ignore_ament_install']
[0.216s] Level 1:colcon.colcon_core.package_identification:_identify(venv/lib/python3.12/site-packages/numpy/_core) by extension 'ignore'
[0.216s] Level 1:colcon.colcon_core.package_identification:_identify(venv/lib/python3.12/site-packages/numpy/_core) by extension 'ignore_ament_install'
[0.216s] Level 1:colcon.colcon_core.package_identification:_identify(venv/lib/python3.12/site-packages/numpy/_core) by extensions ['colcon_pkg']
[0.216s] Level 1:colcon.colcon_core.package_identification:_identify(venv/lib/python3.12/site-packages/numpy/_core) by extension 'colcon_pkg'
[0.216s] Level 1:colcon.colcon_core.package_identification:_identify(venv/lib/python3.12/site-packages/numpy/_core) by extensions ['colcon_meta']
[0.217s] Level 1:colcon.colcon_core.package_identification:_identify(venv/lib/python3.12/site-packages/numpy/_core) by extension 'colcon_meta'
[0.217s] Level 1:colcon.colcon_core.package_identification:_identify(venv/lib/python3.12/site-packages/numpy/_core) by extensions ['ros']
[0.217s] Level 1:colcon.colcon_core.package_identification:_identify(venv/lib/python3.12/site-packages/numpy/_core) by extension 'ros'
[0.217s] Level 1:colcon.colcon_core.package_identification:_identify(venv/lib/python3.12/site-packages/numpy/_core) by extensions ['cmake', 'python']
[0.217s] Level 1:colcon.colcon_core.package_identification:_identify(venv/lib/python3.12/site-packages/numpy/_core) by extension 'cmake'
[0.217s] Level 1:colcon.colcon_core.package_identification:_identify(venv/lib/python3.12/site-packages/numpy/_core) by extension 'python'
[0.217s] Level 1:colcon.colcon_core.package_identification:_identify(venv/lib/python3.12/site-packages/numpy/_core) by extensions ['python_setup_py']
[0.217s] Level 1:colcon.colcon_core.package_identification:_identify(venv/lib/python3.12/site-packages/numpy/_core) by extension 'python_setup_py'
[0.217s] Level 1:colcon.colcon_core.package_identification:_identify(venv/lib/python3.12/site-packages/numpy/_core/__pycache__) by extensions ['ignore', 'ignore_ament_install']
[0.217s] Level 1:colcon.colcon_core.package_identification:_identify(venv/lib/python3.12/site-packages/numpy/_core/__pycache__) by extension 'ignore'
[0.217s] Level 1:colcon.colcon_core.package_identification:_identify(venv/lib/python3.12/site-packages/numpy/_core/__pycache__) by extension 'ignore_ament_install'
[0.217s] Level 1:colcon.colcon_core.package_identification:_identify(venv/lib/python3.12/site-packages/numpy/_core/__pycache__) by extensions ['colcon_pkg']
[0.217s] Level 1:colcon.colcon_core.package_identification:_identify(venv/lib/python3.12/site-packages/numpy/_core/__pycache__) by extension 'colcon_pkg'
[0.217s] Level 1:colcon.colcon_core.package_identification:_identify(venv/lib/python3.12/site-packages/numpy/_core/__pycache__) by extensions ['colcon_meta']
[0.217s] Level 1:colcon.colcon_core.package_identification:_identify(venv/lib/python3.12/site-packages/numpy/_core/__pycache__) by extension 'colcon_meta'
[0.217s] Level 1:colcon.colcon_core.package_identification:_identify(venv/lib/python3.12/site-packages/numpy/_core/__pycache__) by extensions ['ros']
[0.217s] Level 1:colcon.colcon_core.package_identification:_identify(venv/lib/python3.12/site-packages/numpy/_core/__pycache__) by extension 'ros'
[0.217s] Level 1:colcon.colcon_core.package_identification:_identify(venv/lib/python3.12/site-packages/numpy/_core/__pycache__) by extensions ['cmake', 'python']
[0.217s] Level 1:colcon.colcon_core.package_identification:_identify(venv/lib/python3.12/site-packages/numpy/_core/__pycache__) by extension 'cmake'
[0.217s] Level 1:colcon.colcon_core.package_identification:_identify(venv/lib/python3.12/site-packages/numpy/_core/__pycache__) by extension 'python'
[0.217s] Level 1:colcon.colcon_core.package_identification:_identify(venv/lib/python3.12/site-packages/numpy/_core/__pycache__) by extensions ['python_setup_py']
[0.218s] Level 1:colcon.colcon_core.package_identification:_identify(venv/lib/python3.12/site-packages/numpy/_core/__pycache__) by extension 'python_setup_py'
[0.218s] Level 1:colcon.colcon_core.package_identification:_identify(venv/lib/python3.12/site-packages/numpy/_core/include) by extensions ['ignore', 'ignore_ament_install']
[0.218s] Level 1:colcon.colcon_core.package_identification:_identify(venv/lib/python3.12/site-packages/numpy/_core/include) by extension 'ignore'
[0.218s] Level 1:colcon.colcon_core.package_identification:_identify(venv/lib/python3.12/site-packages/numpy/_core/include) by extension 'ignore_ament_install'
[0.218s] Level 1:colcon.colcon_core.package_identification:_identify(venv/lib/python3.12/site-packages/numpy/_core/include) by extensions ['colcon_pkg']
[0.218s] Level 1:colcon.colcon_core.package_identification:_identify(venv/lib/python3.12/site-packages/numpy/_core/include) by extension 'colcon_pkg'
[0.218s] Level 1:colcon.colcon_core.package_identification:_identify(venv/lib/python3.12/site-packages/numpy/_core/include) by extensions ['colcon_meta']
[0.218s] Level 1:colcon.colcon_core.package_identification:_identify(venv/lib/python3.12/site-packages/numpy/_core/include) by extension 'colcon_meta'
[0.218s] Level 1:colcon.colcon_core.package_identification:_identify(venv/lib/python3.12/site-packages/numpy/_core/include) by extensions ['ros']
[0.218s] Level 1:colcon.colcon_core.package_identification:_identify(venv/lib/python3.12/site-packages/numpy/_core/include) by extension 'ros'
[0.218s] Level 1:colcon.colcon_core.package_identification:_identify(venv/lib/python3.12/site-packages/numpy/_core/include) by extensions ['cmake', 'python']
[0.218s] Level 1:colcon.colcon_core.package_identification:_identify(venv/lib/python3.12/site-packages/numpy/_core/include) by extension 'cmake'
[0.218s] Level 1:colcon.colcon_core.package_identification:_identify(venv/lib/python3.12/site-packages/numpy/_core/include) by extension 'python'
[0.218s] Level 1:colcon.colcon_core.package_identification:_identify(venv/lib/python3.12/site-packages/numpy/_core/include) by extensions ['python_setup_py']
[0.218s] Level 1:colcon.colcon_core.package_identification:_identify(venv/lib/python3.12/site-packages/numpy/_core/include) by extension 'python_setup_py'
[0.218s] Level 1:colcon.colcon_core.package_identification:_identify(venv/lib/python3.12/site-packages/numpy/_core/include/numpy) by extensions ['ignore', 'ignore_ament_install']
[0.218s] Level 1:colcon.colcon_core.package_identification:_identify(venv/lib/python3.12/site-packages/numpy/_core/include/numpy) by extension 'ignore'
[0.218s] Level 1:colcon.colcon_core.package_identification:_identify(venv/lib/python3.12/site-packages/numpy/_core/include/numpy) by extension 'ignore_ament_install'
[0.218s] Level 1:colcon.colcon_core.package_identification:_identify(venv/lib/python3.12/site-packages/numpy/_core/include/numpy) by extensions ['colcon_pkg']
[0.218s] Level 1:colcon.colcon_core.package_identification:_identify(venv/lib/python3.12/site-packages/numpy/_core/include/numpy) by extension 'colcon_pkg'
[0.219s] Level 1:colcon.colcon_core.package_identification:_identify(venv/lib/python3.12/site-packages/numpy/_core/include/numpy) by extensions ['colcon_meta']
[0.219s] Level 1:colcon.colcon_core.package_identification:_identify(venv/lib/python3.12/site-packages/numpy/_core/include/numpy) by extension 'colcon_meta'
[0.219s] Level 1:colcon.colcon_core.package_identification:_identify(venv/lib/python3.12/site-packages/numpy/_core/include/numpy) by extensions ['ros']
[0.219s] Level 1:colcon.colcon_core.package_identification:_identify(venv/lib/python3.12/site-packages/numpy/_core/include/numpy) by extension 'ros'
[0.219s] Level 1:colcon.colcon_core.package_identification:_identify(venv/lib/python3.12/site-packages/numpy/_core/include/numpy) by extensions ['cmake', 'python']
[0.219s] Level 1:colcon.colcon_core.package_identification:_identify(venv/lib/python3.12/site-packages/numpy/_core/include/numpy) by extension 'cmake'
[0.219s] Level 1:colcon.colcon_core.package_identification:_identify(venv/lib/python3.12/site-packages/numpy/_core/include/numpy) by extension 'python'
[0.219s] Level 1:colcon.colcon_core.package_identification:_identify(venv/lib/python3.12/site-packages/numpy/_core/include/numpy) by extensions ['python_setup_py']
[0.219s] Level 1:colcon.colcon_core.package_identification:_identify(venv/lib/python3.12/site-packages/numpy/_core/include/numpy) by extension 'python_setup_py'
[0.219s] Level 1:colcon.colcon_core.package_identification:_identify(venv/lib/python3.12/site-packages/numpy/_core/include/numpy/random) by extensions ['ignore', 'ignore_ament_install']
[0.219s] Level 1:colcon.colcon_core.package_identification:_identify(venv/lib/python3.12/site-packages/numpy/_core/include/numpy/random) by extension 'ignore'
[0.219s] Level 1:colcon.colcon_core.package_identification:_identify(venv/lib/python3.12/site-packages/numpy/_core/include/numpy/random) by extension 'ignore_ament_install'
[0.219s] Level 1:colcon.colcon_core.package_identification:_identify(venv/lib/python3.12/site-packages/numpy/_core/include/numpy/random) by extensions ['colcon_pkg']
[0.219s] Level 1:colcon.colcon_core.package_identification:_identify(venv/lib/python3.12/site-packages/numpy/_core/include/numpy/random) by extension 'colcon_pkg'
[0.219s] Level 1:colcon.colcon_core.package_identification:_identify(venv/lib/python3.12/site-packages/numpy/_core/include/numpy/random) by extensions ['colcon_meta']
[0.219s] Level 1:colcon.colcon_core.package_identification:_identify(venv/lib/python3.12/site-packages/numpy/_core/include/numpy/random) by extension 'colcon_meta'
[0.219s] Level 1:colcon.colcon_core.package_identification:_identify(venv/lib/python3.12/site-packages/numpy/_core/include/numpy/random) by extensions ['ros']
[0.219s] Level 1:colcon.colcon_core.package_identification:_identify(venv/lib/python3.12/site-packages/numpy/_core/include/numpy/random) by extension 'ros'
[0.219s] Level 1:colcon.colcon_core.package_identification:_identify(venv/lib/python3.12/site-packages/numpy/_core/include/numpy/random) by extensions ['cmake', 'python']
[0.219s] Level 1:colcon.colcon_core.package_identification:_identify(venv/lib/python3.12/site-packages/numpy/_core/include/numpy/random) by extension 'cmake'
[0.220s] Level 1:colcon.colcon_core.package_identification:_identify(venv/lib/python3.12/site-packages/numpy/_core/include/numpy/random) by extension 'python'
[0.220s] Level 1:colcon.colcon_core.package_identification:_identify(venv/lib/python3.12/site-packages/numpy/_core/include/numpy/random) by extensions ['python_setup_py']
[0.220s] Level 1:colcon.colcon_core.package_identification:_identify(venv/lib/python3.12/site-packages/numpy/_core/include/numpy/random) by extension 'python_setup_py'
[0.220s] Level 1:colcon.colcon_core.package_identification:_identify(venv/lib/python3.12/site-packages/numpy/_core/lib) by extensions ['ignore', 'ignore_ament_install']
[0.220s] Level 1:colcon.colcon_core.package_identification:_identify(venv/lib/python3.12/site-packages/numpy/_core/lib) by extension 'ignore'
[0.220s] Level 1:colcon.colcon_core.package_identification:_identify(venv/lib/python3.12/site-packages/numpy/_core/lib) by extension 'ignore_ament_install'
[0.220s] Level 1:colcon.colcon_core.package_identification:_identify(venv/lib/python3.12/site-packages/numpy/_core/lib) by extensions ['colcon_pkg']
[0.220s] Level 1:colcon.colcon_core.package_identification:_identify(venv/lib/python3.12/site-packages/numpy/_core/lib) by extension 'colcon_pkg'
[0.220s] Level 1:colcon.colcon_core.package_identification:_identify(venv/lib/python3.12/site-packages/numpy/_core/lib) by extensions ['colcon_meta']
[0.220s] Level 1:colcon.colcon_core.package_identification:_identify(venv/lib/python3.12/site-packages/numpy/_core/lib) by extension 'colcon_meta'
[0.220s] Level 1:colcon.colcon_core.package_identification:_identify(venv/lib/python3.12/site-packages/numpy/_core/lib) by extensions ['ros']
[0.220s] Level 1:colcon.colcon_core.package_identification:_identify(venv/lib/python3.12/site-packages/numpy/_core/lib) by extension 'ros'
[0.220s] Level 1:colcon.colcon_core.package_identification:_identify(venv/lib/python3.12/site-packages/numpy/_core/lib) by extensions ['cmake', 'python']
[0.220s] Level 1:colcon.colcon_core.package_identification:_identify(venv/lib/python3.12/site-packages/numpy/_core/lib) by extension 'cmake'
[0.220s] Level 1:colcon.colcon_core.package_identification:_identify(venv/lib/python3.12/site-packages/numpy/_core/lib) by extension 'python'
[0.220s] Level 1:colcon.colcon_core.package_identification:_identify(venv/lib/python3.12/site-packages/numpy/_core/lib) by extensions ['python_setup_py']
[0.220s] Level 1:colcon.colcon_core.package_identification:_identify(venv/lib/python3.12/site-packages/numpy/_core/lib) by extension 'python_setup_py'
[0.220s] Level 1:colcon.colcon_core.package_identification:_identify(venv/lib/python3.12/site-packages/numpy/_core/lib/npy-pkg-config) by extensions ['ignore', 'ignore_ament_install']
[0.220s] Level 1:colcon.colcon_core.package_identification:_identify(venv/lib/python3.12/site-packages/numpy/_core/lib/npy-pkg-config) by extension 'ignore'
[0.220s] Level 1:colcon.colcon_core.package_identification:_identify(venv/lib/python3.12/site-packages/numpy/_core/lib/npy-pkg-config) by extension 'ignore_ament_install'
[0.221s] Level 1:colcon.colcon_core.package_identification:_identify(venv/lib/python3.12/site-packages/numpy/_core/lib/npy-pkg-config) by extensions ['colcon_pkg']
[0.221s] Level 1:colcon.colcon_core.package_identification:_identify(venv/lib/python3.12/site-packages/numpy/_core/lib/npy-pkg-config) by extension 'colcon_pkg'
[0.221s] Level 1:colcon.colcon_core.package_identification:_identify(venv/lib/python3.12/site-packages/numpy/_core/lib/npy-pkg-config) by extensions ['colcon_meta']
[0.221s] Level 1:colcon.colcon_core.package_identification:_identify(venv/lib/python3.12/site-packages/numpy/_core/lib/npy-pkg-config) by extension 'colcon_meta'
[0.221s] Level 1:colcon.colcon_core.package_identification:_identify(venv/lib/python3.12/site-packages/numpy/_core/lib/npy-pkg-config) by extensions ['ros']
[0.221s] Level 1:colcon.colcon_core.package_identification:_identify(venv/lib/python3.12/site-packages/numpy/_core/lib/npy-pkg-config) by extension 'ros'
[0.221s] Level 1:colcon.colcon_core.package_identification:_identify(venv/lib/python3.12/site-packages/numpy/_core/lib/npy-pkg-config) by extensions ['cmake', 'python']
[0.221s] Level 1:colcon.colcon_core.package_identification:_identify(venv/lib/python3.12/site-packages/numpy/_core/lib/npy-pkg-config) by extension 'cmake'
[0.221s] Level 1:colcon.colcon_core.package_identification:_identify(venv/lib/python3.12/site-packages/numpy/_core/lib/npy-pkg-config) by extension 'python'
[0.221s] Level 1:colcon.colcon_core.package_identification:_identify(venv/lib/python3.12/site-packages/numpy/_core/lib/npy-pkg-config) by extensions ['python_setup_py']
[0.221s] Level 1:colcon.colcon_core.package_identification:_identify(venv/lib/python3.12/site-packages/numpy/_core/lib/npy-pkg-config) by extension 'python_setup_py'
[0.221s] Level 1:colcon.colcon_core.package_identification:_identify(venv/lib/python3.12/site-packages/numpy/_core/lib/pkgconfig) by extensions ['ignore', 'ignore_ament_install']
[0.221s] Level 1:colcon.colcon_core.package_identification:_identify(venv/lib/python3.12/site-packages/numpy/_core/lib/pkgconfig) by extension 'ignore'
[0.221s] Level 1:colcon.colcon_core.package_identification:_identify(venv/lib/python3.12/site-packages/numpy/_core/lib/pkgconfig) by extension 'ignore_ament_install'
[0.221s] Level 1:colcon.colcon_core.package_identification:_identify(venv/lib/python3.12/site-packages/numpy/_core/lib/pkgconfig) by extensions ['colcon_pkg']
[0.221s] Level 1:colcon.colcon_core.package_identification:_identify(venv/lib/python3.12/site-packages/numpy/_core/lib/pkgconfig) by extension 'colcon_pkg'
[0.221s] Level 1:colcon.colcon_core.package_identification:_identify(venv/lib/python3.12/site-packages/numpy/_core/lib/pkgconfig) by extensions ['colcon_meta']
[0.221s] Level 1:colcon.colcon_core.package_identification:_identify(venv/lib/python3.12/site-packages/numpy/_core/lib/pkgconfig) by extension 'colcon_meta'
[0.221s] Level 1:colcon.colcon_core.package_identification:_identify(venv/lib/python3.12/site-packages/numpy/_core/lib/pkgconfig) by extensions ['ros']
[0.221s] Level 1:colcon.colcon_core.package_identification:_identify(venv/lib/python3.12/site-packages/numpy/_core/lib/pkgconfig) by extension 'ros'
[0.221s] Level 1:colcon.colcon_core.package_identification:_identify(venv/lib/python3.12/site-packages/numpy/_core/lib/pkgconfig) by extensions ['cmake', 'python']
[0.222s] Level 1:colcon.colcon_core.package_identification:_identify(venv/lib/python3.12/site-packages/numpy/_core/lib/pkgconfig) by extension 'cmake'
[0.222s] Level 1:colcon.colcon_core.package_identification:_identify(venv/lib/python3.12/site-packages/numpy/_core/lib/pkgconfig) by extension 'python'
[0.222s] Level 1:colcon.colcon_core.package_identification:_identify(venv/lib/python3.12/site-packages/numpy/_core/lib/pkgconfig) by extensions ['python_setup_py']
[0.222s] Level 1:colcon.colcon_core.package_identification:_identify(venv/lib/python3.12/site-packages/numpy/_core/lib/pkgconfig) by extension 'python_setup_py'
[0.222s] Level 1:colcon.colcon_core.package_identification:_identify(venv/lib/python3.12/site-packages/numpy/_core/tests) by extensions ['ignore', 'ignore_ament_install']
[0.222s] Level 1:colcon.colcon_core.package_identification:_identify(venv/lib/python3.12/site-packages/numpy/_core/tests) by extension 'ignore'
[0.222s] Level 1:colcon.colcon_core.package_identification:_identify(venv/lib/python3.12/site-packages/numpy/_core/tests) by extension 'ignore_ament_install'
[0.222s] Level 1:colcon.colcon_core.package_identification:_identify(venv/lib/python3.12/site-packages/numpy/_core/tests) by extensions ['colcon_pkg']
[0.222s] Level 1:colcon.colcon_core.package_identification:_identify(venv/lib/python3.12/site-packages/numpy/_core/tests) by extension 'colcon_pkg'
[0.222s] Level 1:colcon.colcon_core.package_identification:_identify(venv/lib/python3.12/site-packages/numpy/_core/tests) by extensions ['colcon_meta']
[0.222s] Level 1:colcon.colcon_core.package_identification:_identify(venv/lib/python3.12/site-packages/numpy/_core/tests) by extension 'colcon_meta'
[0.222s] Level 1:colcon.colcon_core.package_identification:_identify(venv/lib/python3.12/site-packages/numpy/_core/tests) by extensions ['ros']
[0.222s] Level 1:colcon.colcon_core.package_identification:_identify(venv/lib/python3.12/site-packages/numpy/_core/tests) by extension 'ros'
[0.222s] Level 1:colcon.colcon_core.package_identification:_identify(venv/lib/python3.12/site-packages/numpy/_core/tests) by extensions ['cmake', 'python']
[0.222s] Level 1:colcon.colcon_core.package_identification:_identify(venv/lib/python3.12/site-packages/numpy/_core/tests) by extension 'cmake'
[0.222s] Level 1:colcon.colcon_core.package_identification:_identify(venv/lib/python3.12/site-packages/numpy/_core/tests) by extension 'python'
[0.222s] Level 1:colcon.colcon_core.package_identification:_identify(venv/lib/python3.12/site-packages/numpy/_core/tests) by extensions ['python_setup_py']
[0.222s] Level 1:colcon.colcon_core.package_identification:_identify(venv/lib/python3.12/site-packages/numpy/_core/tests) by extension 'python_setup_py'
[0.222s] Level 1:colcon.colcon_core.package_identification:_identify(venv/lib/python3.12/site-packages/numpy/_core/tests/__pycache__) by extensions ['ignore', 'ignore_ament_install']
[0.223s] Level 1:colcon.colcon_core.package_identification:_identify(venv/lib/python3.12/site-packages/numpy/_core/tests/__pycache__) by extension 'ignore'
[0.223s] Level 1:colcon.colcon_core.package_identification:_identify(venv/lib/python3.12/site-packages/numpy/_core/tests/__pycache__) by extension 'ignore_ament_install'
[0.223s] Level 1:colcon.colcon_core.package_identification:_identify(venv/lib/python3.12/site-packages/numpy/_core/tests/__pycache__) by extensions ['colcon_pkg']
[0.223s] Level 1:colcon.colcon_core.package_identification:_identify(venv/lib/python3.12/site-packages/numpy/_core/tests/__pycache__) by extension 'colcon_pkg'
[0.223s] Level 1:colcon.colcon_core.package_identification:_identify(venv/lib/python3.12/site-packages/numpy/_core/tests/__pycache__) by extensions ['colcon_meta']
[0.223s] Level 1:colcon.colcon_core.package_identification:_identify(venv/lib/python3.12/site-packages/numpy/_core/tests/__pycache__) by extension 'colcon_meta'
[0.223s] Level 1:colcon.colcon_core.package_identification:_identify(venv/lib/python3.12/site-packages/numpy/_core/tests/__pycache__) by extensions ['ros']
[0.223s] Level 1:colcon.colcon_core.package_identification:_identify(venv/lib/python3.12/site-packages/numpy/_core/tests/__pycache__) by extension 'ros'
[0.223s] Level 1:colcon.colcon_core.package_identification:_identify(venv/lib/python3.12/site-packages/numpy/_core/tests/__pycache__) by extensions ['cmake', 'python']
[0.223s] Level 1:colcon.colcon_core.package_identification:_identify(venv/lib/python3.12/site-packages/numpy/_core/tests/__pycache__) by extension 'cmake'
[0.223s] Level 1:colcon.colcon_core.package_identification:_identify(venv/lib/python3.12/site-packages/numpy/_core/tests/__pycache__) by extension 'python'
[0.223s] Level 1:colcon.colcon_core.package_identification:_identify(venv/lib/python3.12/site-packages/numpy/_core/tests/__pycache__) by extensions ['python_setup_py']
[0.223s] Level 1:colcon.colcon_core.package_identification:_identify(venv/lib/python3.12/site-packages/numpy/_core/tests/__pycache__) by extension 'python_setup_py'
[0.223s] Level 1:colcon.colcon_core.package_identification:_identify(venv/lib/python3.12/site-packages/numpy/_core/tests/data) by extensions ['ignore', 'ignore_ament_install']
[0.223s] Level 1:colcon.colcon_core.package_identification:_identify(venv/lib/python3.12/site-packages/numpy/_core/tests/data) by extension 'ignore'
[0.223s] Level 1:colcon.colcon_core.package_identification:_identify(venv/lib/python3.12/site-packages/numpy/_core/tests/data) by extension 'ignore_ament_install'
[0.223s] Level 1:colcon.colcon_core.package_identification:_identify(venv/lib/python3.12/site-packages/numpy/_core/tests/data) by extensions ['colcon_pkg']
[0.223s] Level 1:colcon.colcon_core.package_identification:_identify(venv/lib/python3.12/site-packages/numpy/_core/tests/data) by extension 'colcon_pkg'
[0.223s] Level 1:colcon.colcon_core.package_identification:_identify(venv/lib/python3.12/site-packages/numpy/_core/tests/data) by extensions ['colcon_meta']
[0.224s] Level 1:colcon.colcon_core.package_identification:_identify(venv/lib/python3.12/site-packages/numpy/_core/tests/data) by extension 'colcon_meta'
[0.224s] Level 1:colcon.colcon_core.package_identification:_identify(venv/lib/python3.12/site-packages/numpy/_core/tests/data) by extensions ['ros']
[0.224s] Level 1:colcon.colcon_core.package_identification:_identify(venv/lib/python3.12/site-packages/numpy/_core/tests/data) by extension 'ros'
[0.224s] Level 1:colcon.colcon_core.package_identification:_identify(venv/lib/python3.12/site-packages/numpy/_core/tests/data) by extensions ['cmake', 'python']
[0.224s] Level 1:colcon.colcon_core.package_identification:_identify(venv/lib/python3.12/site-packages/numpy/_core/tests/data) by extension 'cmake'
[0.224s] Level 1:colcon.colcon_core.package_identification:_identify(venv/lib/python3.12/site-packages/numpy/_core/tests/data) by extension 'python'
[0.224s] Level 1:colcon.colcon_core.package_identification:_identify(venv/lib/python3.12/site-packages/numpy/_core/tests/data) by extensions ['python_setup_py']
[0.224s] Level 1:colcon.colcon_core.package_identification:_identify(venv/lib/python3.12/site-packages/numpy/_core/tests/data) by extension 'python_setup_py'
[0.224s] Level 1:colcon.colcon_core.package_identification:_identify(venv/lib/python3.12/site-packages/numpy/_core/tests/examples) by extensions ['ignore', 'ignore_ament_install']
[0.224s] Level 1:colcon.colcon_core.package_identification:_identify(venv/lib/python3.12/site-packages/numpy/_core/tests/examples) by extension 'ignore'
[0.224s] Level 1:colcon.colcon_core.package_identification:_identify(venv/lib/python3.12/site-packages/numpy/_core/tests/examples) by extension 'ignore_ament_install'
[0.224s] Level 1:colcon.colcon_core.package_identification:_identify(venv/lib/python3.12/site-packages/numpy/_core/tests/examples) by extensions ['colcon_pkg']
[0.224s] Level 1:colcon.colcon_core.package_identification:_identify(venv/lib/python3.12/site-packages/numpy/_core/tests/examples) by extension 'colcon_pkg'
[0.224s] Level 1:colcon.colcon_core.package_identification:_identify(venv/lib/python3.12/site-packages/numpy/_core/tests/examples) by extensions ['colcon_meta']
[0.224s] Level 1:colcon.colcon_core.package_identification:_identify(venv/lib/python3.12/site-packages/numpy/_core/tests/examples) by extension 'colcon_meta'
[0.224s] Level 1:colcon.colcon_core.package_identification:_identify(venv/lib/python3.12/site-packages/numpy/_core/tests/examples) by extensions ['ros']
[0.224s] Level 1:colcon.colcon_core.package_identification:_identify(venv/lib/python3.12/site-packages/numpy/_core/tests/examples) by extension 'ros'
[0.224s] Level 1:colcon.colcon_core.package_identification:_identify(venv/lib/python3.12/site-packages/numpy/_core/tests/examples) by extensions ['cmake', 'python']
[0.224s] Level 1:colcon.colcon_core.package_identification:_identify(venv/lib/python3.12/site-packages/numpy/_core/tests/examples) by extension 'cmake'
[0.224s] Level 1:colcon.colcon_core.package_identification:_identify(venv/lib/python3.12/site-packages/numpy/_core/tests/examples) by extension 'python'
[0.224s] Level 1:colcon.colcon_core.package_identification:_identify(venv/lib/python3.12/site-packages/numpy/_core/tests/examples) by extensions ['python_setup_py']
[0.225s] Level 1:colcon.colcon_core.package_identification:_identify(venv/lib/python3.12/site-packages/numpy/_core/tests/examples) by extension 'python_setup_py'
[0.225s] Level 1:colcon.colcon_core.package_identification:_identify(venv/lib/python3.12/site-packages/numpy/_core/tests/examples/cython) by extensions ['ignore', 'ignore_ament_install']
[0.225s] Level 1:colcon.colcon_core.package_identification:_identify(venv/lib/python3.12/site-packages/numpy/_core/tests/examples/cython) by extension 'ignore'
[0.225s] Level 1:colcon.colcon_core.package_identification:_identify(venv/lib/python3.12/site-packages/numpy/_core/tests/examples/cython) by extension 'ignore_ament_install'
[0.225s] Level 1:colcon.colcon_core.package_identification:_identify(venv/lib/python3.12/site-packages/numpy/_core/tests/examples/cython) by extensions ['colcon_pkg']
[0.225s] Level 1:colcon.colcon_core.package_identification:_identify(venv/lib/python3.12/site-packages/numpy/_core/tests/examples/cython) by extension 'colcon_pkg'
[0.225s] Level 1:colcon.colcon_core.package_identification:_identify(venv/lib/python3.12/site-packages/numpy/_core/tests/examples/cython) by extensions ['colcon_meta']
[0.225s] Level 1:colcon.colcon_core.package_identification:_identify(venv/lib/python3.12/site-packages/numpy/_core/tests/examples/cython) by extension 'colcon_meta'
[0.225s] Level 1:colcon.colcon_core.package_identification:_identify(venv/lib/python3.12/site-packages/numpy/_core/tests/examples/cython) by extensions ['ros']
[0.225s] Level 1:colcon.colcon_core.package_identification:_identify(venv/lib/python3.12/site-packages/numpy/_core/tests/examples/cython) by extension 'ros'
[0.225s] Level 1:colcon.colcon_core.package_identification:_identify(venv/lib/python3.12/site-packages/numpy/_core/tests/examples/cython) by extensions ['cmake', 'python']
[0.225s] Level 1:colcon.colcon_core.package_identification:_identify(venv/lib/python3.12/site-packages/numpy/_core/tests/examples/cython) by extension 'cmake'
[0.225s] Level 1:colcon.colcon_core.package_identification:_identify(venv/lib/python3.12/site-packages/numpy/_core/tests/examples/cython) by extension 'python'
[0.225s] Level 1:colcon.colcon_core.package_identification:_identify(venv/lib/python3.12/site-packages/numpy/_core/tests/examples/cython) by extensions ['python_setup_py']
[0.225s] Level 1:colcon.colcon_core.package_identification:_identify(venv/lib/python3.12/site-packages/numpy/_core/tests/examples/cython) by extension 'python_setup_py'
[0.333s] ERROR:colcon.colcon_core.package_identification:Exception in package identification extension 'python_setup_py' in 'venv/lib/python3.12/site-packages/numpy/_core/tests/examples/cython': Command '['/usr/bin/python3', '-c', 'import sys;from contextlib import suppress;exec("with suppress(ImportError):    from setuptools.extern.packaging.specifiers    import SpecifierSet");exec("with suppress(ImportError):    from packaging.specifiers import SpecifierSet");from distutils.core import run_setup;dist = run_setup(    \'setup.py\', script_args=(\'--dry-run\',), stop_after=\'config\');skip_keys = (\'cmdclass\', \'distclass\', \'ext_modules\', \'metadata\');data = {    key: value for key, value in dist.__dict__.items()     if (        not key.startswith(\'_\') and         not callable(value) and         key not in skip_keys and         key not in dist.display_option_names    )};data[\'metadata\'] = {    k: v for k, v in dist.metadata.__dict__.items()     if k not in (\'license_files\', \'provides_extras\')};sys.stdout.buffer.write(repr(data).encode(\'utf-8\'))']' returned non-zero exit status 1.
Traceback (most recent call last):
  File "/usr/lib/python3/dist-packages/colcon_core/package_identification/__init__.py", line 144, in _identify
    retval = extension.identify(_reused_descriptor_instance)
             ^^^^^^^^^^^^^^^^^^^^^^^^^^^^^^^^^^^^^^^^^^^^^^^
  File "/usr/lib/python3/dist-packages/colcon_python_setup_py/package_identification/python_setup_py.py", line 48, in identify
    config = get_setup_information(setup_py)
             ^^^^^^^^^^^^^^^^^^^^^^^^^^^^^^^
  File "/usr/lib/python3/dist-packages/colcon_python_setup_py/package_identification/python_setup_py.py", line 249, in get_setup_information
    _setup_information_cache[hashable_env] = _get_setup_information(
                                             ^^^^^^^^^^^^^^^^^^^^^^^
  File "/usr/lib/python3/dist-packages/colcon_python_setup_py/package_identification/python_setup_py.py", line 296, in _get_setup_information
    result = subprocess.run(
             ^^^^^^^^^^^^^^^
  File "/usr/lib/python3.12/subprocess.py", line 571, in run
    raise CalledProcessError(retcode, process.args,
subprocess.CalledProcessError: Command '['/usr/bin/python3', '-c', 'import sys;from contextlib import suppress;exec("with suppress(ImportError):    from setuptools.extern.packaging.specifiers    import SpecifierSet");exec("with suppress(ImportError):    from packaging.specifiers import SpecifierSet");from distutils.core import run_setup;dist = run_setup(    \'setup.py\', script_args=(\'--dry-run\',), stop_after=\'config\');skip_keys = (\'cmdclass\', \'distclass\', \'ext_modules\', \'metadata\');data = {    key: value for key, value in dist.__dict__.items()     if (        not key.startswith(\'_\') and         not callable(value) and         key not in skip_keys and         key not in dist.display_option_names    )};data[\'metadata\'] = {    k: v for k, v in dist.metadata.__dict__.items()     if k not in (\'license_files\', \'provides_extras\')};sys.stdout.buffer.write(repr(data).encode(\'utf-8\'))']' returned non-zero exit status 1.

[0.334s] Level 1:colcon.colcon_core.package_identification:_identify(venv/lib/python3.12/site-packages/numpy/_core/tests/examples/cython/__pycache__) by extensions ['ignore', 'ignore_ament_install']
[0.334s] Level 1:colcon.colcon_core.package_identification:_identify(venv/lib/python3.12/site-packages/numpy/_core/tests/examples/cython/__pycache__) by extension 'ignore'
[0.334s] Level 1:colcon.colcon_core.package_identification:_identify(venv/lib/python3.12/site-packages/numpy/_core/tests/examples/cython/__pycache__) by extension 'ignore_ament_install'
[0.334s] Level 1:colcon.colcon_core.package_identification:_identify(venv/lib/python3.12/site-packages/numpy/_core/tests/examples/cython/__pycache__) by extensions ['colcon_pkg']
[0.334s] Level 1:colcon.colcon_core.package_identification:_identify(venv/lib/python3.12/site-packages/numpy/_core/tests/examples/cython/__pycache__) by extension 'colcon_pkg'
[0.334s] Level 1:colcon.colcon_core.package_identification:_identify(venv/lib/python3.12/site-packages/numpy/_core/tests/examples/cython/__pycache__) by extensions ['colcon_meta']
[0.334s] Level 1:colcon.colcon_core.package_identification:_identify(venv/lib/python3.12/site-packages/numpy/_core/tests/examples/cython/__pycache__) by extension 'colcon_meta'
[0.334s] Level 1:colcon.colcon_core.package_identification:_identify(venv/lib/python3.12/site-packages/numpy/_core/tests/examples/cython/__pycache__) by extensions ['ros']
[0.334s] Level 1:colcon.colcon_core.package_identification:_identify(venv/lib/python3.12/site-packages/numpy/_core/tests/examples/cython/__pycache__) by extension 'ros'
[0.334s] Level 1:colcon.colcon_core.package_identification:_identify(venv/lib/python3.12/site-packages/numpy/_core/tests/examples/cython/__pycache__) by extensions ['cmake', 'python']
[0.334s] Level 1:colcon.colcon_core.package_identification:_identify(venv/lib/python3.12/site-packages/numpy/_core/tests/examples/cython/__pycache__) by extension 'cmake'
[0.334s] Level 1:colcon.colcon_core.package_identification:_identify(venv/lib/python3.12/site-packages/numpy/_core/tests/examples/cython/__pycache__) by extension 'python'
[0.334s] Level 1:colcon.colcon_core.package_identification:_identify(venv/lib/python3.12/site-packages/numpy/_core/tests/examples/cython/__pycache__) by extensions ['python_setup_py']
[0.335s] Level 1:colcon.colcon_core.package_identification:_identify(venv/lib/python3.12/site-packages/numpy/_core/tests/examples/cython/__pycache__) by extension 'python_setup_py'
[0.335s] Level 1:colcon.colcon_core.package_identification:_identify(venv/lib/python3.12/site-packages/numpy/_core/tests/examples/limited_api) by extensions ['ignore', 'ignore_ament_install']
[0.335s] Level 1:colcon.colcon_core.package_identification:_identify(venv/lib/python3.12/site-packages/numpy/_core/tests/examples/limited_api) by extension 'ignore'
[0.335s] Level 1:colcon.colcon_core.package_identification:_identify(venv/lib/python3.12/site-packages/numpy/_core/tests/examples/limited_api) by extension 'ignore_ament_install'
[0.335s] Level 1:colcon.colcon_core.package_identification:_identify(venv/lib/python3.12/site-packages/numpy/_core/tests/examples/limited_api) by extensions ['colcon_pkg']
[0.335s] Level 1:colcon.colcon_core.package_identification:_identify(venv/lib/python3.12/site-packages/numpy/_core/tests/examples/limited_api) by extension 'colcon_pkg'
[0.335s] Level 1:colcon.colcon_core.package_identification:_identify(venv/lib/python3.12/site-packages/numpy/_core/tests/examples/limited_api) by extensions ['colcon_meta']
[0.335s] Level 1:colcon.colcon_core.package_identification:_identify(venv/lib/python3.12/site-packages/numpy/_core/tests/examples/limited_api) by extension 'colcon_meta'
[0.335s] Level 1:colcon.colcon_core.package_identification:_identify(venv/lib/python3.12/site-packages/numpy/_core/tests/examples/limited_api) by extensions ['ros']
[0.335s] Level 1:colcon.colcon_core.package_identification:_identify(venv/lib/python3.12/site-packages/numpy/_core/tests/examples/limited_api) by extension 'ros'
[0.335s] Level 1:colcon.colcon_core.package_identification:_identify(venv/lib/python3.12/site-packages/numpy/_core/tests/examples/limited_api) by extensions ['cmake', 'python']
[0.335s] Level 1:colcon.colcon_core.package_identification:_identify(venv/lib/python3.12/site-packages/numpy/_core/tests/examples/limited_api) by extension 'cmake'
[0.335s] Level 1:colcon.colcon_core.package_identification:_identify(venv/lib/python3.12/site-packages/numpy/_core/tests/examples/limited_api) by extension 'python'
[0.335s] Level 1:colcon.colcon_core.package_identification:_identify(venv/lib/python3.12/site-packages/numpy/_core/tests/examples/limited_api) by extensions ['python_setup_py']
[0.335s] Level 1:colcon.colcon_core.package_identification:_identify(venv/lib/python3.12/site-packages/numpy/_core/tests/examples/limited_api) by extension 'python_setup_py'
[0.566s] ERROR:colcon.colcon_core.package_identification:Failed to determine Python package name in 'venv/lib/python3.12/site-packages/numpy/_core/tests/examples/limited_api'
[0.566s] ERROR:colcon.colcon_core.package_identification:Exception in package identification extension 'python_setup_py' in 'venv/lib/python3.12/site-packages/numpy/_core/tests/examples/limited_api': Failed to determine Python package name in 'venv/lib/python3.12/site-packages/numpy/_core/tests/examples/limited_api'
Traceback (most recent call last):
  File "/usr/lib/python3/dist-packages/colcon_core/package_identification/__init__.py", line 144, in _identify
    retval = extension.identify(_reused_descriptor_instance)
             ^^^^^^^^^^^^^^^^^^^^^^^^^^^^^^^^^^^^^^^^^^^^^^^
  File "/usr/lib/python3/dist-packages/colcon_python_setup_py/package_identification/python_setup_py.py", line 57, in identify
    raise RuntimeError(
RuntimeError: Failed to determine Python package name in 'venv/lib/python3.12/site-packages/numpy/_core/tests/examples/limited_api'

[0.566s] Level 1:colcon.colcon_core.package_identification:_identify(venv/lib/python3.12/site-packages/numpy/_core/tests/examples/limited_api/__pycache__) by extensions ['ignore', 'ignore_ament_install']
[0.566s] Level 1:colcon.colcon_core.package_identification:_identify(venv/lib/python3.12/site-packages/numpy/_core/tests/examples/limited_api/__pycache__) by extension 'ignore'
[0.566s] Level 1:colcon.colcon_core.package_identification:_identify(venv/lib/python3.12/site-packages/numpy/_core/tests/examples/limited_api/__pycache__) by extension 'ignore_ament_install'
[0.567s] Level 1:colcon.colcon_core.package_identification:_identify(venv/lib/python3.12/site-packages/numpy/_core/tests/examples/limited_api/__pycache__) by extensions ['colcon_pkg']
[0.567s] Level 1:colcon.colcon_core.package_identification:_identify(venv/lib/python3.12/site-packages/numpy/_core/tests/examples/limited_api/__pycache__) by extension 'colcon_pkg'
[0.567s] Level 1:colcon.colcon_core.package_identification:_identify(venv/lib/python3.12/site-packages/numpy/_core/tests/examples/limited_api/__pycache__) by extensions ['colcon_meta']
[0.567s] Level 1:colcon.colcon_core.package_identification:_identify(venv/lib/python3.12/site-packages/numpy/_core/tests/examples/limited_api/__pycache__) by extension 'colcon_meta'
[0.567s] Level 1:colcon.colcon_core.package_identification:_identify(venv/lib/python3.12/site-packages/numpy/_core/tests/examples/limited_api/__pycache__) by extensions ['ros']
[0.567s] Level 1:colcon.colcon_core.package_identification:_identify(venv/lib/python3.12/site-packages/numpy/_core/tests/examples/limited_api/__pycache__) by extension 'ros'
[0.567s] Level 1:colcon.colcon_core.package_identification:_identify(venv/lib/python3.12/site-packages/numpy/_core/tests/examples/limited_api/__pycache__) by extensions ['cmake', 'python']
[0.567s] Level 1:colcon.colcon_core.package_identification:_identify(venv/lib/python3.12/site-packages/numpy/_core/tests/examples/limited_api/__pycache__) by extension 'cmake'
[0.567s] Level 1:colcon.colcon_core.package_identification:_identify(venv/lib/python3.12/site-packages/numpy/_core/tests/examples/limited_api/__pycache__) by extension 'python'
[0.567s] Level 1:colcon.colcon_core.package_identification:_identify(venv/lib/python3.12/site-packages/numpy/_core/tests/examples/limited_api/__pycache__) by extensions ['python_setup_py']
[0.567s] Level 1:colcon.colcon_core.package_identification:_identify(venv/lib/python3.12/site-packages/numpy/_core/tests/examples/limited_api/__pycache__) by extension 'python_setup_py'
[0.567s] Level 1:colcon.colcon_core.package_identification:_identify(venv/lib/python3.12/site-packages/numpy/_pyinstaller) by extensions ['ignore', 'ignore_ament_install']
[0.567s] Level 1:colcon.colcon_core.package_identification:_identify(venv/lib/python3.12/site-packages/numpy/_pyinstaller) by extension 'ignore'
[0.567s] Level 1:colcon.colcon_core.package_identification:_identify(venv/lib/python3.12/site-packages/numpy/_pyinstaller) by extension 'ignore_ament_install'
[0.567s] Level 1:colcon.colcon_core.package_identification:_identify(venv/lib/python3.12/site-packages/numpy/_pyinstaller) by extensions ['colcon_pkg']
[0.567s] Level 1:colcon.colcon_core.package_identification:_identify(venv/lib/python3.12/site-packages/numpy/_pyinstaller) by extension 'colcon_pkg'
[0.567s] Level 1:colcon.colcon_core.package_identification:_identify(venv/lib/python3.12/site-packages/numpy/_pyinstaller) by extensions ['colcon_meta']
[0.567s] Level 1:colcon.colcon_core.package_identification:_identify(venv/lib/python3.12/site-packages/numpy/_pyinstaller) by extension 'colcon_meta'
[0.567s] Level 1:colcon.colcon_core.package_identification:_identify(venv/lib/python3.12/site-packages/numpy/_pyinstaller) by extensions ['ros']
[0.568s] Level 1:colcon.colcon_core.package_identification:_identify(venv/lib/python3.12/site-packages/numpy/_pyinstaller) by extension 'ros'
[0.568s] Level 1:colcon.colcon_core.package_identification:_identify(venv/lib/python3.12/site-packages/numpy/_pyinstaller) by extensions ['cmake', 'python']
[0.568s] Level 1:colcon.colcon_core.package_identification:_identify(venv/lib/python3.12/site-packages/numpy/_pyinstaller) by extension 'cmake'
[0.568s] Level 1:colcon.colcon_core.package_identification:_identify(venv/lib/python3.12/site-packages/numpy/_pyinstaller) by extension 'python'
[0.568s] Level 1:colcon.colcon_core.package_identification:_identify(venv/lib/python3.12/site-packages/numpy/_pyinstaller) by extensions ['python_setup_py']
[0.568s] Level 1:colcon.colcon_core.package_identification:_identify(venv/lib/python3.12/site-packages/numpy/_pyinstaller) by extension 'python_setup_py'
[0.568s] Level 1:colcon.colcon_core.package_identification:_identify(venv/lib/python3.12/site-packages/numpy/_pyinstaller/__pycache__) by extensions ['ignore', 'ignore_ament_install']
[0.568s] Level 1:colcon.colcon_core.package_identification:_identify(venv/lib/python3.12/site-packages/numpy/_pyinstaller/__pycache__) by extension 'ignore'
[0.568s] Level 1:colcon.colcon_core.package_identification:_identify(venv/lib/python3.12/site-packages/numpy/_pyinstaller/__pycache__) by extension 'ignore_ament_install'
[0.568s] Level 1:colcon.colcon_core.package_identification:_identify(venv/lib/python3.12/site-packages/numpy/_pyinstaller/__pycache__) by extensions ['colcon_pkg']
[0.568s] Level 1:colcon.colcon_core.package_identification:_identify(venv/lib/python3.12/site-packages/numpy/_pyinstaller/__pycache__) by extension 'colcon_pkg'
[0.568s] Level 1:colcon.colcon_core.package_identification:_identify(venv/lib/python3.12/site-packages/numpy/_pyinstaller/__pycache__) by extensions ['colcon_meta']
[0.568s] Level 1:colcon.colcon_core.package_identification:_identify(venv/lib/python3.12/site-packages/numpy/_pyinstaller/__pycache__) by extension 'colcon_meta'
[0.568s] Level 1:colcon.colcon_core.package_identification:_identify(venv/lib/python3.12/site-packages/numpy/_pyinstaller/__pycache__) by extensions ['ros']
[0.568s] Level 1:colcon.colcon_core.package_identification:_identify(venv/lib/python3.12/site-packages/numpy/_pyinstaller/__pycache__) by extension 'ros'
[0.568s] Level 1:colcon.colcon_core.package_identification:_identify(venv/lib/python3.12/site-packages/numpy/_pyinstaller/__pycache__) by extensions ['cmake', 'python']
[0.568s] Level 1:colcon.colcon_core.package_identification:_identify(venv/lib/python3.12/site-packages/numpy/_pyinstaller/__pycache__) by extension 'cmake'
[0.568s] Level 1:colcon.colcon_core.package_identification:_identify(venv/lib/python3.12/site-packages/numpy/_pyinstaller/__pycache__) by extension 'python'
[0.568s] Level 1:colcon.colcon_core.package_identification:_identify(venv/lib/python3.12/site-packages/numpy/_pyinstaller/__pycache__) by extensions ['python_setup_py']
[0.568s] Level 1:colcon.colcon_core.package_identification:_identify(venv/lib/python3.12/site-packages/numpy/_pyinstaller/__pycache__) by extension 'python_setup_py'
[0.569s] Level 1:colcon.colcon_core.package_identification:_identify(venv/lib/python3.12/site-packages/numpy/_pyinstaller/tests) by extensions ['ignore', 'ignore_ament_install']
[0.569s] Level 1:colcon.colcon_core.package_identification:_identify(venv/lib/python3.12/site-packages/numpy/_pyinstaller/tests) by extension 'ignore'
[0.569s] Level 1:colcon.colcon_core.package_identification:_identify(venv/lib/python3.12/site-packages/numpy/_pyinstaller/tests) by extension 'ignore_ament_install'
[0.569s] Level 1:colcon.colcon_core.package_identification:_identify(venv/lib/python3.12/site-packages/numpy/_pyinstaller/tests) by extensions ['colcon_pkg']
[0.569s] Level 1:colcon.colcon_core.package_identification:_identify(venv/lib/python3.12/site-packages/numpy/_pyinstaller/tests) by extension 'colcon_pkg'
[0.569s] Level 1:colcon.colcon_core.package_identification:_identify(venv/lib/python3.12/site-packages/numpy/_pyinstaller/tests) by extensions ['colcon_meta']
[0.569s] Level 1:colcon.colcon_core.package_identification:_identify(venv/lib/python3.12/site-packages/numpy/_pyinstaller/tests) by extension 'colcon_meta'
[0.569s] Level 1:colcon.colcon_core.package_identification:_identify(venv/lib/python3.12/site-packages/numpy/_pyinstaller/tests) by extensions ['ros']
[0.569s] Level 1:colcon.colcon_core.package_identification:_identify(venv/lib/python3.12/site-packages/numpy/_pyinstaller/tests) by extension 'ros'
[0.569s] Level 1:colcon.colcon_core.package_identification:_identify(venv/lib/python3.12/site-packages/numpy/_pyinstaller/tests) by extensions ['cmake', 'python']
[0.569s] Level 1:colcon.colcon_core.package_identification:_identify(venv/lib/python3.12/site-packages/numpy/_pyinstaller/tests) by extension 'cmake'
[0.569s] Level 1:colcon.colcon_core.package_identification:_identify(venv/lib/python3.12/site-packages/numpy/_pyinstaller/tests) by extension 'python'
[0.569s] Level 1:colcon.colcon_core.package_identification:_identify(venv/lib/python3.12/site-packages/numpy/_pyinstaller/tests) by extensions ['python_setup_py']
[0.569s] Level 1:colcon.colcon_core.package_identification:_identify(venv/lib/python3.12/site-packages/numpy/_pyinstaller/tests) by extension 'python_setup_py'
[0.569s] Level 1:colcon.colcon_core.package_identification:_identify(venv/lib/python3.12/site-packages/numpy/_pyinstaller/tests/__pycache__) by extensions ['ignore', 'ignore_ament_install']
[0.569s] Level 1:colcon.colcon_core.package_identification:_identify(venv/lib/python3.12/site-packages/numpy/_pyinstaller/tests/__pycache__) by extension 'ignore'
[0.569s] Level 1:colcon.colcon_core.package_identification:_identify(venv/lib/python3.12/site-packages/numpy/_pyinstaller/tests/__pycache__) by extension 'ignore_ament_install'
[0.569s] Level 1:colcon.colcon_core.package_identification:_identify(venv/lib/python3.12/site-packages/numpy/_pyinstaller/tests/__pycache__) by extensions ['colcon_pkg']
[0.569s] Level 1:colcon.colcon_core.package_identification:_identify(venv/lib/python3.12/site-packages/numpy/_pyinstaller/tests/__pycache__) by extension 'colcon_pkg'
[0.569s] Level 1:colcon.colcon_core.package_identification:_identify(venv/lib/python3.12/site-packages/numpy/_pyinstaller/tests/__pycache__) by extensions ['colcon_meta']
[0.569s] Level 1:colcon.colcon_core.package_identification:_identify(venv/lib/python3.12/site-packages/numpy/_pyinstaller/tests/__pycache__) by extension 'colcon_meta'
[0.570s] Level 1:colcon.colcon_core.package_identification:_identify(venv/lib/python3.12/site-packages/numpy/_pyinstaller/tests/__pycache__) by extensions ['ros']
[0.570s] Level 1:colcon.colcon_core.package_identification:_identify(venv/lib/python3.12/site-packages/numpy/_pyinstaller/tests/__pycache__) by extension 'ros'
[0.570s] Level 1:colcon.colcon_core.package_identification:_identify(venv/lib/python3.12/site-packages/numpy/_pyinstaller/tests/__pycache__) by extensions ['cmake', 'python']
[0.570s] Level 1:colcon.colcon_core.package_identification:_identify(venv/lib/python3.12/site-packages/numpy/_pyinstaller/tests/__pycache__) by extension 'cmake'
[0.570s] Level 1:colcon.colcon_core.package_identification:_identify(venv/lib/python3.12/site-packages/numpy/_pyinstaller/tests/__pycache__) by extension 'python'
[0.570s] Level 1:colcon.colcon_core.package_identification:_identify(venv/lib/python3.12/site-packages/numpy/_pyinstaller/tests/__pycache__) by extensions ['python_setup_py']
[0.570s] Level 1:colcon.colcon_core.package_identification:_identify(venv/lib/python3.12/site-packages/numpy/_pyinstaller/tests/__pycache__) by extension 'python_setup_py'
[0.570s] Level 1:colcon.colcon_core.package_identification:_identify(venv/lib/python3.12/site-packages/numpy/_typing) by extensions ['ignore', 'ignore_ament_install']
[0.570s] Level 1:colcon.colcon_core.package_identification:_identify(venv/lib/python3.12/site-packages/numpy/_typing) by extension 'ignore'
[0.570s] Level 1:colcon.colcon_core.package_identification:_identify(venv/lib/python3.12/site-packages/numpy/_typing) by extension 'ignore_ament_install'
[0.570s] Level 1:colcon.colcon_core.package_identification:_identify(venv/lib/python3.12/site-packages/numpy/_typing) by extensions ['colcon_pkg']
[0.570s] Level 1:colcon.colcon_core.package_identification:_identify(venv/lib/python3.12/site-packages/numpy/_typing) by extension 'colcon_pkg'
[0.570s] Level 1:colcon.colcon_core.package_identification:_identify(venv/lib/python3.12/site-packages/numpy/_typing) by extensions ['colcon_meta']
[0.570s] Level 1:colcon.colcon_core.package_identification:_identify(venv/lib/python3.12/site-packages/numpy/_typing) by extension 'colcon_meta'
[0.570s] Level 1:colcon.colcon_core.package_identification:_identify(venv/lib/python3.12/site-packages/numpy/_typing) by extensions ['ros']
[0.570s] Level 1:colcon.colcon_core.package_identification:_identify(venv/lib/python3.12/site-packages/numpy/_typing) by extension 'ros'
[0.570s] Level 1:colcon.colcon_core.package_identification:_identify(venv/lib/python3.12/site-packages/numpy/_typing) by extensions ['cmake', 'python']
[0.570s] Level 1:colcon.colcon_core.package_identification:_identify(venv/lib/python3.12/site-packages/numpy/_typing) by extension 'cmake'
[0.570s] Level 1:colcon.colcon_core.package_identification:_identify(venv/lib/python3.12/site-packages/numpy/_typing) by extension 'python'
[0.570s] Level 1:colcon.colcon_core.package_identification:_identify(venv/lib/python3.12/site-packages/numpy/_typing) by extensions ['python_setup_py']
[0.570s] Level 1:colcon.colcon_core.package_identification:_identify(venv/lib/python3.12/site-packages/numpy/_typing) by extension 'python_setup_py'
[0.571s] Level 1:colcon.colcon_core.package_identification:_identify(venv/lib/python3.12/site-packages/numpy/_typing/__pycache__) by extensions ['ignore', 'ignore_ament_install']
[0.571s] Level 1:colcon.colcon_core.package_identification:_identify(venv/lib/python3.12/site-packages/numpy/_typing/__pycache__) by extension 'ignore'
[0.571s] Level 1:colcon.colcon_core.package_identification:_identify(venv/lib/python3.12/site-packages/numpy/_typing/__pycache__) by extension 'ignore_ament_install'
[0.571s] Level 1:colcon.colcon_core.package_identification:_identify(venv/lib/python3.12/site-packages/numpy/_typing/__pycache__) by extensions ['colcon_pkg']
[0.571s] Level 1:colcon.colcon_core.package_identification:_identify(venv/lib/python3.12/site-packages/numpy/_typing/__pycache__) by extension 'colcon_pkg'
[0.571s] Level 1:colcon.colcon_core.package_identification:_identify(venv/lib/python3.12/site-packages/numpy/_typing/__pycache__) by extensions ['colcon_meta']
[0.571s] Level 1:colcon.colcon_core.package_identification:_identify(venv/lib/python3.12/site-packages/numpy/_typing/__pycache__) by extension 'colcon_meta'
[0.571s] Level 1:colcon.colcon_core.package_identification:_identify(venv/lib/python3.12/site-packages/numpy/_typing/__pycache__) by extensions ['ros']
[0.571s] Level 1:colcon.colcon_core.package_identification:_identify(venv/lib/python3.12/site-packages/numpy/_typing/__pycache__) by extension 'ros'
[0.571s] Level 1:colcon.colcon_core.package_identification:_identify(venv/lib/python3.12/site-packages/numpy/_typing/__pycache__) by extensions ['cmake', 'python']
[0.571s] Level 1:colcon.colcon_core.package_identification:_identify(venv/lib/python3.12/site-packages/numpy/_typing/__pycache__) by extension 'cmake'
[0.571s] Level 1:colcon.colcon_core.package_identification:_identify(venv/lib/python3.12/site-packages/numpy/_typing/__pycache__) by extension 'python'
[0.571s] Level 1:colcon.colcon_core.package_identification:_identify(venv/lib/python3.12/site-packages/numpy/_typing/__pycache__) by extensions ['python_setup_py']
[0.571s] Level 1:colcon.colcon_core.package_identification:_identify(venv/lib/python3.12/site-packages/numpy/_typing/__pycache__) by extension 'python_setup_py'
[0.571s] Level 1:colcon.colcon_core.package_identification:_identify(venv/lib/python3.12/site-packages/numpy/_utils) by extensions ['ignore', 'ignore_ament_install']
[0.571s] Level 1:colcon.colcon_core.package_identification:_identify(venv/lib/python3.12/site-packages/numpy/_utils) by extension 'ignore'
[0.571s] Level 1:colcon.colcon_core.package_identification:_identify(venv/lib/python3.12/site-packages/numpy/_utils) by extension 'ignore_ament_install'
[0.571s] Level 1:colcon.colcon_core.package_identification:_identify(venv/lib/python3.12/site-packages/numpy/_utils) by extensions ['colcon_pkg']
[0.571s] Level 1:colcon.colcon_core.package_identification:_identify(venv/lib/python3.12/site-packages/numpy/_utils) by extension 'colcon_pkg'
[0.571s] Level 1:colcon.colcon_core.package_identification:_identify(venv/lib/python3.12/site-packages/numpy/_utils) by extensions ['colcon_meta']
[0.571s] Level 1:colcon.colcon_core.package_identification:_identify(venv/lib/python3.12/site-packages/numpy/_utils) by extension 'colcon_meta'
[0.572s] Level 1:colcon.colcon_core.package_identification:_identify(venv/lib/python3.12/site-packages/numpy/_utils) by extensions ['ros']
[0.572s] Level 1:colcon.colcon_core.package_identification:_identify(venv/lib/python3.12/site-packages/numpy/_utils) by extension 'ros'
[0.572s] Level 1:colcon.colcon_core.package_identification:_identify(venv/lib/python3.12/site-packages/numpy/_utils) by extensions ['cmake', 'python']
[0.572s] Level 1:colcon.colcon_core.package_identification:_identify(venv/lib/python3.12/site-packages/numpy/_utils) by extension 'cmake'
[0.572s] Level 1:colcon.colcon_core.package_identification:_identify(venv/lib/python3.12/site-packages/numpy/_utils) by extension 'python'
[0.572s] Level 1:colcon.colcon_core.package_identification:_identify(venv/lib/python3.12/site-packages/numpy/_utils) by extensions ['python_setup_py']
[0.572s] Level 1:colcon.colcon_core.package_identification:_identify(venv/lib/python3.12/site-packages/numpy/_utils) by extension 'python_setup_py'
[0.572s] Level 1:colcon.colcon_core.package_identification:_identify(venv/lib/python3.12/site-packages/numpy/_utils/__pycache__) by extensions ['ignore', 'ignore_ament_install']
[0.572s] Level 1:colcon.colcon_core.package_identification:_identify(venv/lib/python3.12/site-packages/numpy/_utils/__pycache__) by extension 'ignore'
[0.572s] Level 1:colcon.colcon_core.package_identification:_identify(venv/lib/python3.12/site-packages/numpy/_utils/__pycache__) by extension 'ignore_ament_install'
[0.572s] Level 1:colcon.colcon_core.package_identification:_identify(venv/lib/python3.12/site-packages/numpy/_utils/__pycache__) by extensions ['colcon_pkg']
[0.572s] Level 1:colcon.colcon_core.package_identification:_identify(venv/lib/python3.12/site-packages/numpy/_utils/__pycache__) by extension 'colcon_pkg'
[0.572s] Level 1:colcon.colcon_core.package_identification:_identify(venv/lib/python3.12/site-packages/numpy/_utils/__pycache__) by extensions ['colcon_meta']
[0.572s] Level 1:colcon.colcon_core.package_identification:_identify(venv/lib/python3.12/site-packages/numpy/_utils/__pycache__) by extension 'colcon_meta'
[0.572s] Level 1:colcon.colcon_core.package_identification:_identify(venv/lib/python3.12/site-packages/numpy/_utils/__pycache__) by extensions ['ros']
[0.572s] Level 1:colcon.colcon_core.package_identification:_identify(venv/lib/python3.12/site-packages/numpy/_utils/__pycache__) by extension 'ros'
[0.572s] Level 1:colcon.colcon_core.package_identification:_identify(venv/lib/python3.12/site-packages/numpy/_utils/__pycache__) by extensions ['cmake', 'python']
[0.572s] Level 1:colcon.colcon_core.package_identification:_identify(venv/lib/python3.12/site-packages/numpy/_utils/__pycache__) by extension 'cmake'
[0.572s] Level 1:colcon.colcon_core.package_identification:_identify(venv/lib/python3.12/site-packages/numpy/_utils/__pycache__) by extension 'python'
[0.572s] Level 1:colcon.colcon_core.package_identification:_identify(venv/lib/python3.12/site-packages/numpy/_utils/__pycache__) by extensions ['python_setup_py']
[0.572s] Level 1:colcon.colcon_core.package_identification:_identify(venv/lib/python3.12/site-packages/numpy/_utils/__pycache__) by extension 'python_setup_py'
[0.573s] Level 1:colcon.colcon_core.package_identification:_identify(venv/lib/python3.12/site-packages/numpy/char) by extensions ['ignore', 'ignore_ament_install']
[0.573s] Level 1:colcon.colcon_core.package_identification:_identify(venv/lib/python3.12/site-packages/numpy/char) by extension 'ignore'
[0.573s] Level 1:colcon.colcon_core.package_identification:_identify(venv/lib/python3.12/site-packages/numpy/char) by extension 'ignore_ament_install'
[0.573s] Level 1:colcon.colcon_core.package_identification:_identify(venv/lib/python3.12/site-packages/numpy/char) by extensions ['colcon_pkg']
[0.573s] Level 1:colcon.colcon_core.package_identification:_identify(venv/lib/python3.12/site-packages/numpy/char) by extension 'colcon_pkg'
[0.573s] Level 1:colcon.colcon_core.package_identification:_identify(venv/lib/python3.12/site-packages/numpy/char) by extensions ['colcon_meta']
[0.573s] Level 1:colcon.colcon_core.package_identification:_identify(venv/lib/python3.12/site-packages/numpy/char) by extension 'colcon_meta'
[0.573s] Level 1:colcon.colcon_core.package_identification:_identify(venv/lib/python3.12/site-packages/numpy/char) by extensions ['ros']
[0.573s] Level 1:colcon.colcon_core.package_identification:_identify(venv/lib/python3.12/site-packages/numpy/char) by extension 'ros'
[0.573s] Level 1:colcon.colcon_core.package_identification:_identify(venv/lib/python3.12/site-packages/numpy/char) by extensions ['cmake', 'python']
[0.573s] Level 1:colcon.colcon_core.package_identification:_identify(venv/lib/python3.12/site-packages/numpy/char) by extension 'cmake'
[0.573s] Level 1:colcon.colcon_core.package_identification:_identify(venv/lib/python3.12/site-packages/numpy/char) by extension 'python'
[0.573s] Level 1:colcon.colcon_core.package_identification:_identify(venv/lib/python3.12/site-packages/numpy/char) by extensions ['python_setup_py']
[0.573s] Level 1:colcon.colcon_core.package_identification:_identify(venv/lib/python3.12/site-packages/numpy/char) by extension 'python_setup_py'
[0.573s] Level 1:colcon.colcon_core.package_identification:_identify(venv/lib/python3.12/site-packages/numpy/char/__pycache__) by extensions ['ignore', 'ignore_ament_install']
[0.573s] Level 1:colcon.colcon_core.package_identification:_identify(venv/lib/python3.12/site-packages/numpy/char/__pycache__) by extension 'ignore'
[0.573s] Level 1:colcon.colcon_core.package_identification:_identify(venv/lib/python3.12/site-packages/numpy/char/__pycache__) by extension 'ignore_ament_install'
[0.573s] Level 1:colcon.colcon_core.package_identification:_identify(venv/lib/python3.12/site-packages/numpy/char/__pycache__) by extensions ['colcon_pkg']
[0.573s] Level 1:colcon.colcon_core.package_identification:_identify(venv/lib/python3.12/site-packages/numpy/char/__pycache__) by extension 'colcon_pkg'
[0.573s] Level 1:colcon.colcon_core.package_identification:_identify(venv/lib/python3.12/site-packages/numpy/char/__pycache__) by extensions ['colcon_meta']
[0.573s] Level 1:colcon.colcon_core.package_identification:_identify(venv/lib/python3.12/site-packages/numpy/char/__pycache__) by extension 'colcon_meta'
[0.574s] Level 1:colcon.colcon_core.package_identification:_identify(venv/lib/python3.12/site-packages/numpy/char/__pycache__) by extensions ['ros']
[0.574s] Level 1:colcon.colcon_core.package_identification:_identify(venv/lib/python3.12/site-packages/numpy/char/__pycache__) by extension 'ros'
[0.574s] Level 1:colcon.colcon_core.package_identification:_identify(venv/lib/python3.12/site-packages/numpy/char/__pycache__) by extensions ['cmake', 'python']
[0.574s] Level 1:colcon.colcon_core.package_identification:_identify(venv/lib/python3.12/site-packages/numpy/char/__pycache__) by extension 'cmake'
[0.574s] Level 1:colcon.colcon_core.package_identification:_identify(venv/lib/python3.12/site-packages/numpy/char/__pycache__) by extension 'python'
[0.574s] Level 1:colcon.colcon_core.package_identification:_identify(venv/lib/python3.12/site-packages/numpy/char/__pycache__) by extensions ['python_setup_py']
[0.574s] Level 1:colcon.colcon_core.package_identification:_identify(venv/lib/python3.12/site-packages/numpy/char/__pycache__) by extension 'python_setup_py'
[0.574s] Level 1:colcon.colcon_core.package_identification:_identify(venv/lib/python3.12/site-packages/numpy/core) by extensions ['ignore', 'ignore_ament_install']
[0.574s] Level 1:colcon.colcon_core.package_identification:_identify(venv/lib/python3.12/site-packages/numpy/core) by extension 'ignore'
[0.574s] Level 1:colcon.colcon_core.package_identification:_identify(venv/lib/python3.12/site-packages/numpy/core) by extension 'ignore_ament_install'
[0.574s] Level 1:colcon.colcon_core.package_identification:_identify(venv/lib/python3.12/site-packages/numpy/core) by extensions ['colcon_pkg']
[0.574s] Level 1:colcon.colcon_core.package_identification:_identify(venv/lib/python3.12/site-packages/numpy/core) by extension 'colcon_pkg'
[0.574s] Level 1:colcon.colcon_core.package_identification:_identify(venv/lib/python3.12/site-packages/numpy/core) by extensions ['colcon_meta']
[0.574s] Level 1:colcon.colcon_core.package_identification:_identify(venv/lib/python3.12/site-packages/numpy/core) by extension 'colcon_meta'
[0.574s] Level 1:colcon.colcon_core.package_identification:_identify(venv/lib/python3.12/site-packages/numpy/core) by extensions ['ros']
[0.574s] Level 1:colcon.colcon_core.package_identification:_identify(venv/lib/python3.12/site-packages/numpy/core) by extension 'ros'
[0.574s] Level 1:colcon.colcon_core.package_identification:_identify(venv/lib/python3.12/site-packages/numpy/core) by extensions ['cmake', 'python']
[0.574s] Level 1:colcon.colcon_core.package_identification:_identify(venv/lib/python3.12/site-packages/numpy/core) by extension 'cmake'
[0.574s] Level 1:colcon.colcon_core.package_identification:_identify(venv/lib/python3.12/site-packages/numpy/core) by extension 'python'
[0.574s] Level 1:colcon.colcon_core.package_identification:_identify(venv/lib/python3.12/site-packages/numpy/core) by extensions ['python_setup_py']
[0.574s] Level 1:colcon.colcon_core.package_identification:_identify(venv/lib/python3.12/site-packages/numpy/core) by extension 'python_setup_py'
[0.575s] Level 1:colcon.colcon_core.package_identification:_identify(venv/lib/python3.12/site-packages/numpy/core/__pycache__) by extensions ['ignore', 'ignore_ament_install']
[0.575s] Level 1:colcon.colcon_core.package_identification:_identify(venv/lib/python3.12/site-packages/numpy/core/__pycache__) by extension 'ignore'
[0.575s] Level 1:colcon.colcon_core.package_identification:_identify(venv/lib/python3.12/site-packages/numpy/core/__pycache__) by extension 'ignore_ament_install'
[0.575s] Level 1:colcon.colcon_core.package_identification:_identify(venv/lib/python3.12/site-packages/numpy/core/__pycache__) by extensions ['colcon_pkg']
[0.575s] Level 1:colcon.colcon_core.package_identification:_identify(venv/lib/python3.12/site-packages/numpy/core/__pycache__) by extension 'colcon_pkg'
[0.575s] Level 1:colcon.colcon_core.package_identification:_identify(venv/lib/python3.12/site-packages/numpy/core/__pycache__) by extensions ['colcon_meta']
[0.575s] Level 1:colcon.colcon_core.package_identification:_identify(venv/lib/python3.12/site-packages/numpy/core/__pycache__) by extension 'colcon_meta'
[0.575s] Level 1:colcon.colcon_core.package_identification:_identify(venv/lib/python3.12/site-packages/numpy/core/__pycache__) by extensions ['ros']
[0.575s] Level 1:colcon.colcon_core.package_identification:_identify(venv/lib/python3.12/site-packages/numpy/core/__pycache__) by extension 'ros'
[0.575s] Level 1:colcon.colcon_core.package_identification:_identify(venv/lib/python3.12/site-packages/numpy/core/__pycache__) by extensions ['cmake', 'python']
[0.575s] Level 1:colcon.colcon_core.package_identification:_identify(venv/lib/python3.12/site-packages/numpy/core/__pycache__) by extension 'cmake'
[0.575s] Level 1:colcon.colcon_core.package_identification:_identify(venv/lib/python3.12/site-packages/numpy/core/__pycache__) by extension 'python'
[0.575s] Level 1:colcon.colcon_core.package_identification:_identify(venv/lib/python3.12/site-packages/numpy/core/__pycache__) by extensions ['python_setup_py']
[0.575s] Level 1:colcon.colcon_core.package_identification:_identify(venv/lib/python3.12/site-packages/numpy/core/__pycache__) by extension 'python_setup_py'
[0.575s] Level 1:colcon.colcon_core.package_identification:_identify(venv/lib/python3.12/site-packages/numpy/ctypeslib) by extensions ['ignore', 'ignore_ament_install']
[0.575s] Level 1:colcon.colcon_core.package_identification:_identify(venv/lib/python3.12/site-packages/numpy/ctypeslib) by extension 'ignore'
[0.575s] Level 1:colcon.colcon_core.package_identification:_identify(venv/lib/python3.12/site-packages/numpy/ctypeslib) by extension 'ignore_ament_install'
[0.575s] Level 1:colcon.colcon_core.package_identification:_identify(venv/lib/python3.12/site-packages/numpy/ctypeslib) by extensions ['colcon_pkg']
[0.575s] Level 1:colcon.colcon_core.package_identification:_identify(venv/lib/python3.12/site-packages/numpy/ctypeslib) by extension 'colcon_pkg'
[0.575s] Level 1:colcon.colcon_core.package_identification:_identify(venv/lib/python3.12/site-packages/numpy/ctypeslib) by extensions ['colcon_meta']
[0.576s] Level 1:colcon.colcon_core.package_identification:_identify(venv/lib/python3.12/site-packages/numpy/ctypeslib) by extension 'colcon_meta'
[0.576s] Level 1:colcon.colcon_core.package_identification:_identify(venv/lib/python3.12/site-packages/numpy/ctypeslib) by extensions ['ros']
[0.576s] Level 1:colcon.colcon_core.package_identification:_identify(venv/lib/python3.12/site-packages/numpy/ctypeslib) by extension 'ros'
[0.576s] Level 1:colcon.colcon_core.package_identification:_identify(venv/lib/python3.12/site-packages/numpy/ctypeslib) by extensions ['cmake', 'python']
[0.576s] Level 1:colcon.colcon_core.package_identification:_identify(venv/lib/python3.12/site-packages/numpy/ctypeslib) by extension 'cmake'
[0.576s] Level 1:colcon.colcon_core.package_identification:_identify(venv/lib/python3.12/site-packages/numpy/ctypeslib) by extension 'python'
[0.576s] Level 1:colcon.colcon_core.package_identification:_identify(venv/lib/python3.12/site-packages/numpy/ctypeslib) by extensions ['python_setup_py']
[0.576s] Level 1:colcon.colcon_core.package_identification:_identify(venv/lib/python3.12/site-packages/numpy/ctypeslib) by extension 'python_setup_py'
[0.576s] Level 1:colcon.colcon_core.package_identification:_identify(venv/lib/python3.12/site-packages/numpy/ctypeslib/__pycache__) by extensions ['ignore', 'ignore_ament_install']
[0.576s] Level 1:colcon.colcon_core.package_identification:_identify(venv/lib/python3.12/site-packages/numpy/ctypeslib/__pycache__) by extension 'ignore'
[0.576s] Level 1:colcon.colcon_core.package_identification:_identify(venv/lib/python3.12/site-packages/numpy/ctypeslib/__pycache__) by extension 'ignore_ament_install'
[0.576s] Level 1:colcon.colcon_core.package_identification:_identify(venv/lib/python3.12/site-packages/numpy/ctypeslib/__pycache__) by extensions ['colcon_pkg']
[0.576s] Level 1:colcon.colcon_core.package_identification:_identify(venv/lib/python3.12/site-packages/numpy/ctypeslib/__pycache__) by extension 'colcon_pkg'
[0.576s] Level 1:colcon.colcon_core.package_identification:_identify(venv/lib/python3.12/site-packages/numpy/ctypeslib/__pycache__) by extensions ['colcon_meta']
[0.576s] Level 1:colcon.colcon_core.package_identification:_identify(venv/lib/python3.12/site-packages/numpy/ctypeslib/__pycache__) by extension 'colcon_meta'
[0.576s] Level 1:colcon.colcon_core.package_identification:_identify(venv/lib/python3.12/site-packages/numpy/ctypeslib/__pycache__) by extensions ['ros']
[0.576s] Level 1:colcon.colcon_core.package_identification:_identify(venv/lib/python3.12/site-packages/numpy/ctypeslib/__pycache__) by extension 'ros'
[0.576s] Level 1:colcon.colcon_core.package_identification:_identify(venv/lib/python3.12/site-packages/numpy/ctypeslib/__pycache__) by extensions ['cmake', 'python']
[0.576s] Level 1:colcon.colcon_core.package_identification:_identify(venv/lib/python3.12/site-packages/numpy/ctypeslib/__pycache__) by extension 'cmake'
[0.576s] Level 1:colcon.colcon_core.package_identification:_identify(venv/lib/python3.12/site-packages/numpy/ctypeslib/__pycache__) by extension 'python'
[0.576s] Level 1:colcon.colcon_core.package_identification:_identify(venv/lib/python3.12/site-packages/numpy/ctypeslib/__pycache__) by extensions ['python_setup_py']
[0.576s] Level 1:colcon.colcon_core.package_identification:_identify(venv/lib/python3.12/site-packages/numpy/ctypeslib/__pycache__) by extension 'python_setup_py'
[0.577s] Level 1:colcon.colcon_core.package_identification:_identify(venv/lib/python3.12/site-packages/numpy/doc) by extensions ['ignore', 'ignore_ament_install']
[0.577s] Level 1:colcon.colcon_core.package_identification:_identify(venv/lib/python3.12/site-packages/numpy/doc) by extension 'ignore'
[0.577s] Level 1:colcon.colcon_core.package_identification:_identify(venv/lib/python3.12/site-packages/numpy/doc) by extension 'ignore_ament_install'
[0.577s] Level 1:colcon.colcon_core.package_identification:_identify(venv/lib/python3.12/site-packages/numpy/doc) by extensions ['colcon_pkg']
[0.577s] Level 1:colcon.colcon_core.package_identification:_identify(venv/lib/python3.12/site-packages/numpy/doc) by extension 'colcon_pkg'
[0.577s] Level 1:colcon.colcon_core.package_identification:_identify(venv/lib/python3.12/site-packages/numpy/doc) by extensions ['colcon_meta']
[0.577s] Level 1:colcon.colcon_core.package_identification:_identify(venv/lib/python3.12/site-packages/numpy/doc) by extension 'colcon_meta'
[0.577s] Level 1:colcon.colcon_core.package_identification:_identify(venv/lib/python3.12/site-packages/numpy/doc) by extensions ['ros']
[0.577s] Level 1:colcon.colcon_core.package_identification:_identify(venv/lib/python3.12/site-packages/numpy/doc) by extension 'ros'
[0.577s] Level 1:colcon.colcon_core.package_identification:_identify(venv/lib/python3.12/site-packages/numpy/doc) by extensions ['cmake', 'python']
[0.577s] Level 1:colcon.colcon_core.package_identification:_identify(venv/lib/python3.12/site-packages/numpy/doc) by extension 'cmake'
[0.577s] Level 1:colcon.colcon_core.package_identification:_identify(venv/lib/python3.12/site-packages/numpy/doc) by extension 'python'
[0.577s] Level 1:colcon.colcon_core.package_identification:_identify(venv/lib/python3.12/site-packages/numpy/doc) by extensions ['python_setup_py']
[0.577s] Level 1:colcon.colcon_core.package_identification:_identify(venv/lib/python3.12/site-packages/numpy/doc) by extension 'python_setup_py'
[0.577s] Level 1:colcon.colcon_core.package_identification:_identify(venv/lib/python3.12/site-packages/numpy/doc/__pycache__) by extensions ['ignore', 'ignore_ament_install']
[0.577s] Level 1:colcon.colcon_core.package_identification:_identify(venv/lib/python3.12/site-packages/numpy/doc/__pycache__) by extension 'ignore'
[0.577s] Level 1:colcon.colcon_core.package_identification:_identify(venv/lib/python3.12/site-packages/numpy/doc/__pycache__) by extension 'ignore_ament_install'
[0.577s] Level 1:colcon.colcon_core.package_identification:_identify(venv/lib/python3.12/site-packages/numpy/doc/__pycache__) by extensions ['colcon_pkg']
[0.577s] Level 1:colcon.colcon_core.package_identification:_identify(venv/lib/python3.12/site-packages/numpy/doc/__pycache__) by extension 'colcon_pkg'
[0.577s] Level 1:colcon.colcon_core.package_identification:_identify(venv/lib/python3.12/site-packages/numpy/doc/__pycache__) by extensions ['colcon_meta']
[0.577s] Level 1:colcon.colcon_core.package_identification:_identify(venv/lib/python3.12/site-packages/numpy/doc/__pycache__) by extension 'colcon_meta'
[0.578s] Level 1:colcon.colcon_core.package_identification:_identify(venv/lib/python3.12/site-packages/numpy/doc/__pycache__) by extensions ['ros']
[0.578s] Level 1:colcon.colcon_core.package_identification:_identify(venv/lib/python3.12/site-packages/numpy/doc/__pycache__) by extension 'ros'
[0.578s] Level 1:colcon.colcon_core.package_identification:_identify(venv/lib/python3.12/site-packages/numpy/doc/__pycache__) by extensions ['cmake', 'python']
[0.578s] Level 1:colcon.colcon_core.package_identification:_identify(venv/lib/python3.12/site-packages/numpy/doc/__pycache__) by extension 'cmake'
[0.578s] Level 1:colcon.colcon_core.package_identification:_identify(venv/lib/python3.12/site-packages/numpy/doc/__pycache__) by extension 'python'
[0.578s] Level 1:colcon.colcon_core.package_identification:_identify(venv/lib/python3.12/site-packages/numpy/doc/__pycache__) by extensions ['python_setup_py']
[0.578s] Level 1:colcon.colcon_core.package_identification:_identify(venv/lib/python3.12/site-packages/numpy/doc/__pycache__) by extension 'python_setup_py'
[0.578s] Level 1:colcon.colcon_core.package_identification:_identify(venv/lib/python3.12/site-packages/numpy/f2py) by extensions ['ignore', 'ignore_ament_install']
[0.578s] Level 1:colcon.colcon_core.package_identification:_identify(venv/lib/python3.12/site-packages/numpy/f2py) by extension 'ignore'
[0.578s] Level 1:colcon.colcon_core.package_identification:_identify(venv/lib/python3.12/site-packages/numpy/f2py) by extension 'ignore_ament_install'
[0.578s] Level 1:colcon.colcon_core.package_identification:_identify(venv/lib/python3.12/site-packages/numpy/f2py) by extensions ['colcon_pkg']
[0.578s] Level 1:colcon.colcon_core.package_identification:_identify(venv/lib/python3.12/site-packages/numpy/f2py) by extension 'colcon_pkg'
[0.578s] Level 1:colcon.colcon_core.package_identification:_identify(venv/lib/python3.12/site-packages/numpy/f2py) by extensions ['colcon_meta']
[0.578s] Level 1:colcon.colcon_core.package_identification:_identify(venv/lib/python3.12/site-packages/numpy/f2py) by extension 'colcon_meta'
[0.578s] Level 1:colcon.colcon_core.package_identification:_identify(venv/lib/python3.12/site-packages/numpy/f2py) by extensions ['ros']
[0.578s] Level 1:colcon.colcon_core.package_identification:_identify(venv/lib/python3.12/site-packages/numpy/f2py) by extension 'ros'
[0.578s] Level 1:colcon.colcon_core.package_identification:_identify(venv/lib/python3.12/site-packages/numpy/f2py) by extensions ['cmake', 'python']
[0.578s] Level 1:colcon.colcon_core.package_identification:_identify(venv/lib/python3.12/site-packages/numpy/f2py) by extension 'cmake'
[0.578s] Level 1:colcon.colcon_core.package_identification:_identify(venv/lib/python3.12/site-packages/numpy/f2py) by extension 'python'
[0.578s] Level 1:colcon.colcon_core.package_identification:_identify(venv/lib/python3.12/site-packages/numpy/f2py) by extensions ['python_setup_py']
[0.578s] Level 1:colcon.colcon_core.package_identification:_identify(venv/lib/python3.12/site-packages/numpy/f2py) by extension 'python_setup_py'
[0.579s] Level 1:colcon.colcon_core.package_identification:_identify(venv/lib/python3.12/site-packages/numpy/f2py/__pycache__) by extensions ['ignore', 'ignore_ament_install']
[0.579s] Level 1:colcon.colcon_core.package_identification:_identify(venv/lib/python3.12/site-packages/numpy/f2py/__pycache__) by extension 'ignore'
[0.579s] Level 1:colcon.colcon_core.package_identification:_identify(venv/lib/python3.12/site-packages/numpy/f2py/__pycache__) by extension 'ignore_ament_install'
[0.579s] Level 1:colcon.colcon_core.package_identification:_identify(venv/lib/python3.12/site-packages/numpy/f2py/__pycache__) by extensions ['colcon_pkg']
[0.579s] Level 1:colcon.colcon_core.package_identification:_identify(venv/lib/python3.12/site-packages/numpy/f2py/__pycache__) by extension 'colcon_pkg'
[0.579s] Level 1:colcon.colcon_core.package_identification:_identify(venv/lib/python3.12/site-packages/numpy/f2py/__pycache__) by extensions ['colcon_meta']
[0.579s] Level 1:colcon.colcon_core.package_identification:_identify(venv/lib/python3.12/site-packages/numpy/f2py/__pycache__) by extension 'colcon_meta'
[0.579s] Level 1:colcon.colcon_core.package_identification:_identify(venv/lib/python3.12/site-packages/numpy/f2py/__pycache__) by extensions ['ros']
[0.579s] Level 1:colcon.colcon_core.package_identification:_identify(venv/lib/python3.12/site-packages/numpy/f2py/__pycache__) by extension 'ros'
[0.579s] Level 1:colcon.colcon_core.package_identification:_identify(venv/lib/python3.12/site-packages/numpy/f2py/__pycache__) by extensions ['cmake', 'python']
[0.579s] Level 1:colcon.colcon_core.package_identification:_identify(venv/lib/python3.12/site-packages/numpy/f2py/__pycache__) by extension 'cmake'
[0.579s] Level 1:colcon.colcon_core.package_identification:_identify(venv/lib/python3.12/site-packages/numpy/f2py/__pycache__) by extension 'python'
[0.579s] Level 1:colcon.colcon_core.package_identification:_identify(venv/lib/python3.12/site-packages/numpy/f2py/__pycache__) by extensions ['python_setup_py']
[0.579s] Level 1:colcon.colcon_core.package_identification:_identify(venv/lib/python3.12/site-packages/numpy/f2py/__pycache__) by extension 'python_setup_py'
[0.579s] Level 1:colcon.colcon_core.package_identification:_identify(venv/lib/python3.12/site-packages/numpy/f2py/_backends) by extensions ['ignore', 'ignore_ament_install']
[0.579s] Level 1:colcon.colcon_core.package_identification:_identify(venv/lib/python3.12/site-packages/numpy/f2py/_backends) by extension 'ignore'
[0.579s] Level 1:colcon.colcon_core.package_identification:_identify(venv/lib/python3.12/site-packages/numpy/f2py/_backends) by extension 'ignore_ament_install'
[0.579s] Level 1:colcon.colcon_core.package_identification:_identify(venv/lib/python3.12/site-packages/numpy/f2py/_backends) by extensions ['colcon_pkg']
[0.579s] Level 1:colcon.colcon_core.package_identification:_identify(venv/lib/python3.12/site-packages/numpy/f2py/_backends) by extension 'colcon_pkg'
[0.579s] Level 1:colcon.colcon_core.package_identification:_identify(venv/lib/python3.12/site-packages/numpy/f2py/_backends) by extensions ['colcon_meta']
[0.580s] Level 1:colcon.colcon_core.package_identification:_identify(venv/lib/python3.12/site-packages/numpy/f2py/_backends) by extension 'colcon_meta'
[0.580s] Level 1:colcon.colcon_core.package_identification:_identify(venv/lib/python3.12/site-packages/numpy/f2py/_backends) by extensions ['ros']
[0.580s] Level 1:colcon.colcon_core.package_identification:_identify(venv/lib/python3.12/site-packages/numpy/f2py/_backends) by extension 'ros'
[0.580s] Level 1:colcon.colcon_core.package_identification:_identify(venv/lib/python3.12/site-packages/numpy/f2py/_backends) by extensions ['cmake', 'python']
[0.580s] Level 1:colcon.colcon_core.package_identification:_identify(venv/lib/python3.12/site-packages/numpy/f2py/_backends) by extension 'cmake'
[0.580s] Level 1:colcon.colcon_core.package_identification:_identify(venv/lib/python3.12/site-packages/numpy/f2py/_backends) by extension 'python'
[0.580s] Level 1:colcon.colcon_core.package_identification:_identify(venv/lib/python3.12/site-packages/numpy/f2py/_backends) by extensions ['python_setup_py']
[0.580s] Level 1:colcon.colcon_core.package_identification:_identify(venv/lib/python3.12/site-packages/numpy/f2py/_backends) by extension 'python_setup_py'
[0.580s] Level 1:colcon.colcon_core.package_identification:_identify(venv/lib/python3.12/site-packages/numpy/f2py/_backends/__pycache__) by extensions ['ignore', 'ignore_ament_install']
[0.580s] Level 1:colcon.colcon_core.package_identification:_identify(venv/lib/python3.12/site-packages/numpy/f2py/_backends/__pycache__) by extension 'ignore'
[0.580s] Level 1:colcon.colcon_core.package_identification:_identify(venv/lib/python3.12/site-packages/numpy/f2py/_backends/__pycache__) by extension 'ignore_ament_install'
[0.580s] Level 1:colcon.colcon_core.package_identification:_identify(venv/lib/python3.12/site-packages/numpy/f2py/_backends/__pycache__) by extensions ['colcon_pkg']
[0.580s] Level 1:colcon.colcon_core.package_identification:_identify(venv/lib/python3.12/site-packages/numpy/f2py/_backends/__pycache__) by extension 'colcon_pkg'
[0.580s] Level 1:colcon.colcon_core.package_identification:_identify(venv/lib/python3.12/site-packages/numpy/f2py/_backends/__pycache__) by extensions ['colcon_meta']
[0.580s] Level 1:colcon.colcon_core.package_identification:_identify(venv/lib/python3.12/site-packages/numpy/f2py/_backends/__pycache__) by extension 'colcon_meta'
[0.580s] Level 1:colcon.colcon_core.package_identification:_identify(venv/lib/python3.12/site-packages/numpy/f2py/_backends/__pycache__) by extensions ['ros']
[0.580s] Level 1:colcon.colcon_core.package_identification:_identify(venv/lib/python3.12/site-packages/numpy/f2py/_backends/__pycache__) by extension 'ros'
[0.580s] Level 1:colcon.colcon_core.package_identification:_identify(venv/lib/python3.12/site-packages/numpy/f2py/_backends/__pycache__) by extensions ['cmake', 'python']
[0.580s] Level 1:colcon.colcon_core.package_identification:_identify(venv/lib/python3.12/site-packages/numpy/f2py/_backends/__pycache__) by extension 'cmake'
[0.580s] Level 1:colcon.colcon_core.package_identification:_identify(venv/lib/python3.12/site-packages/numpy/f2py/_backends/__pycache__) by extension 'python'
[0.580s] Level 1:colcon.colcon_core.package_identification:_identify(venv/lib/python3.12/site-packages/numpy/f2py/_backends/__pycache__) by extensions ['python_setup_py']
[0.580s] Level 1:colcon.colcon_core.package_identification:_identify(venv/lib/python3.12/site-packages/numpy/f2py/_backends/__pycache__) by extension 'python_setup_py'
[0.581s] Level 1:colcon.colcon_core.package_identification:_identify(venv/lib/python3.12/site-packages/numpy/f2py/src) by extensions ['ignore', 'ignore_ament_install']
[0.581s] Level 1:colcon.colcon_core.package_identification:_identify(venv/lib/python3.12/site-packages/numpy/f2py/src) by extension 'ignore'
[0.581s] Level 1:colcon.colcon_core.package_identification:_identify(venv/lib/python3.12/site-packages/numpy/f2py/src) by extension 'ignore_ament_install'
[0.581s] Level 1:colcon.colcon_core.package_identification:_identify(venv/lib/python3.12/site-packages/numpy/f2py/src) by extensions ['colcon_pkg']
[0.581s] Level 1:colcon.colcon_core.package_identification:_identify(venv/lib/python3.12/site-packages/numpy/f2py/src) by extension 'colcon_pkg'
[0.581s] Level 1:colcon.colcon_core.package_identification:_identify(venv/lib/python3.12/site-packages/numpy/f2py/src) by extensions ['colcon_meta']
[0.581s] Level 1:colcon.colcon_core.package_identification:_identify(venv/lib/python3.12/site-packages/numpy/f2py/src) by extension 'colcon_meta'
[0.581s] Level 1:colcon.colcon_core.package_identification:_identify(venv/lib/python3.12/site-packages/numpy/f2py/src) by extensions ['ros']
[0.581s] Level 1:colcon.colcon_core.package_identification:_identify(venv/lib/python3.12/site-packages/numpy/f2py/src) by extension 'ros'
[0.581s] Level 1:colcon.colcon_core.package_identification:_identify(venv/lib/python3.12/site-packages/numpy/f2py/src) by extensions ['cmake', 'python']
[0.581s] Level 1:colcon.colcon_core.package_identification:_identify(venv/lib/python3.12/site-packages/numpy/f2py/src) by extension 'cmake'
[0.581s] Level 1:colcon.colcon_core.package_identification:_identify(venv/lib/python3.12/site-packages/numpy/f2py/src) by extension 'python'
[0.581s] Level 1:colcon.colcon_core.package_identification:_identify(venv/lib/python3.12/site-packages/numpy/f2py/src) by extensions ['python_setup_py']
[0.581s] Level 1:colcon.colcon_core.package_identification:_identify(venv/lib/python3.12/site-packages/numpy/f2py/src) by extension 'python_setup_py'
[0.581s] Level 1:colcon.colcon_core.package_identification:_identify(venv/lib/python3.12/site-packages/numpy/f2py/tests) by extensions ['ignore', 'ignore_ament_install']
[0.581s] Level 1:colcon.colcon_core.package_identification:_identify(venv/lib/python3.12/site-packages/numpy/f2py/tests) by extension 'ignore'
[0.581s] Level 1:colcon.colcon_core.package_identification:_identify(venv/lib/python3.12/site-packages/numpy/f2py/tests) by extension 'ignore_ament_install'
[0.581s] Level 1:colcon.colcon_core.package_identification:_identify(venv/lib/python3.12/site-packages/numpy/f2py/tests) by extensions ['colcon_pkg']
[0.582s] Level 1:colcon.colcon_core.package_identification:_identify(venv/lib/python3.12/site-packages/numpy/f2py/tests) by extension 'colcon_pkg'
[0.582s] Level 1:colcon.colcon_core.package_identification:_identify(venv/lib/python3.12/site-packages/numpy/f2py/tests) by extensions ['colcon_meta']
[0.582s] Level 1:colcon.colcon_core.package_identification:_identify(venv/lib/python3.12/site-packages/numpy/f2py/tests) by extension 'colcon_meta'
[0.582s] Level 1:colcon.colcon_core.package_identification:_identify(venv/lib/python3.12/site-packages/numpy/f2py/tests) by extensions ['ros']
[0.582s] Level 1:colcon.colcon_core.package_identification:_identify(venv/lib/python3.12/site-packages/numpy/f2py/tests) by extension 'ros'
[0.582s] Level 1:colcon.colcon_core.package_identification:_identify(venv/lib/python3.12/site-packages/numpy/f2py/tests) by extensions ['cmake', 'python']
[0.582s] Level 1:colcon.colcon_core.package_identification:_identify(venv/lib/python3.12/site-packages/numpy/f2py/tests) by extension 'cmake'
[0.582s] Level 1:colcon.colcon_core.package_identification:_identify(venv/lib/python3.12/site-packages/numpy/f2py/tests) by extension 'python'
[0.582s] Level 1:colcon.colcon_core.package_identification:_identify(venv/lib/python3.12/site-packages/numpy/f2py/tests) by extensions ['python_setup_py']
[0.582s] Level 1:colcon.colcon_core.package_identification:_identify(venv/lib/python3.12/site-packages/numpy/f2py/tests) by extension 'python_setup_py'
[0.582s] Level 1:colcon.colcon_core.package_identification:_identify(venv/lib/python3.12/site-packages/numpy/f2py/tests/__pycache__) by extensions ['ignore', 'ignore_ament_install']
[0.582s] Level 1:colcon.colcon_core.package_identification:_identify(venv/lib/python3.12/site-packages/numpy/f2py/tests/__pycache__) by extension 'ignore'
[0.582s] Level 1:colcon.colcon_core.package_identification:_identify(venv/lib/python3.12/site-packages/numpy/f2py/tests/__pycache__) by extension 'ignore_ament_install'
[0.582s] Level 1:colcon.colcon_core.package_identification:_identify(venv/lib/python3.12/site-packages/numpy/f2py/tests/__pycache__) by extensions ['colcon_pkg']
[0.582s] Level 1:colcon.colcon_core.package_identification:_identify(venv/lib/python3.12/site-packages/numpy/f2py/tests/__pycache__) by extension 'colcon_pkg'
[0.582s] Level 1:colcon.colcon_core.package_identification:_identify(venv/lib/python3.12/site-packages/numpy/f2py/tests/__pycache__) by extensions ['colcon_meta']
[0.582s] Level 1:colcon.colcon_core.package_identification:_identify(venv/lib/python3.12/site-packages/numpy/f2py/tests/__pycache__) by extension 'colcon_meta'
[0.582s] Level 1:colcon.colcon_core.package_identification:_identify(venv/lib/python3.12/site-packages/numpy/f2py/tests/__pycache__) by extensions ['ros']
[0.582s] Level 1:colcon.colcon_core.package_identification:_identify(venv/lib/python3.12/site-packages/numpy/f2py/tests/__pycache__) by extension 'ros'
[0.582s] Level 1:colcon.colcon_core.package_identification:_identify(venv/lib/python3.12/site-packages/numpy/f2py/tests/__pycache__) by extensions ['cmake', 'python']
[0.583s] Level 1:colcon.colcon_core.package_identification:_identify(venv/lib/python3.12/site-packages/numpy/f2py/tests/__pycache__) by extension 'cmake'
[0.583s] Level 1:colcon.colcon_core.package_identification:_identify(venv/lib/python3.12/site-packages/numpy/f2py/tests/__pycache__) by extension 'python'
[0.583s] Level 1:colcon.colcon_core.package_identification:_identify(venv/lib/python3.12/site-packages/numpy/f2py/tests/__pycache__) by extensions ['python_setup_py']
[0.583s] Level 1:colcon.colcon_core.package_identification:_identify(venv/lib/python3.12/site-packages/numpy/f2py/tests/__pycache__) by extension 'python_setup_py'
[0.583s] Level 1:colcon.colcon_core.package_identification:_identify(venv/lib/python3.12/site-packages/numpy/f2py/tests/src) by extensions ['ignore', 'ignore_ament_install']
[0.583s] Level 1:colcon.colcon_core.package_identification:_identify(venv/lib/python3.12/site-packages/numpy/f2py/tests/src) by extension 'ignore'
[0.583s] Level 1:colcon.colcon_core.package_identification:_identify(venv/lib/python3.12/site-packages/numpy/f2py/tests/src) by extension 'ignore_ament_install'
[0.583s] Level 1:colcon.colcon_core.package_identification:_identify(venv/lib/python3.12/site-packages/numpy/f2py/tests/src) by extensions ['colcon_pkg']
[0.583s] Level 1:colcon.colcon_core.package_identification:_identify(venv/lib/python3.12/site-packages/numpy/f2py/tests/src) by extension 'colcon_pkg'
[0.583s] Level 1:colcon.colcon_core.package_identification:_identify(venv/lib/python3.12/site-packages/numpy/f2py/tests/src) by extensions ['colcon_meta']
[0.583s] Level 1:colcon.colcon_core.package_identification:_identify(venv/lib/python3.12/site-packages/numpy/f2py/tests/src) by extension 'colcon_meta'
[0.583s] Level 1:colcon.colcon_core.package_identification:_identify(venv/lib/python3.12/site-packages/numpy/f2py/tests/src) by extensions ['ros']
[0.583s] Level 1:colcon.colcon_core.package_identification:_identify(venv/lib/python3.12/site-packages/numpy/f2py/tests/src) by extension 'ros'
[0.583s] Level 1:colcon.colcon_core.package_identification:_identify(venv/lib/python3.12/site-packages/numpy/f2py/tests/src) by extensions ['cmake', 'python']
[0.583s] Level 1:colcon.colcon_core.package_identification:_identify(venv/lib/python3.12/site-packages/numpy/f2py/tests/src) by extension 'cmake'
[0.583s] Level 1:colcon.colcon_core.package_identification:_identify(venv/lib/python3.12/site-packages/numpy/f2py/tests/src) by extension 'python'
[0.583s] Level 1:colcon.colcon_core.package_identification:_identify(venv/lib/python3.12/site-packages/numpy/f2py/tests/src) by extensions ['python_setup_py']
[0.583s] Level 1:colcon.colcon_core.package_identification:_identify(venv/lib/python3.12/site-packages/numpy/f2py/tests/src) by extension 'python_setup_py'
[0.583s] Level 1:colcon.colcon_core.package_identification:_identify(venv/lib/python3.12/site-packages/numpy/f2py/tests/src/abstract_interface) by extensions ['ignore', 'ignore_ament_install']
[0.584s] Level 1:colcon.colcon_core.package_identification:_identify(venv/lib/python3.12/site-packages/numpy/f2py/tests/src/abstract_interface) by extension 'ignore'
[0.584s] Level 1:colcon.colcon_core.package_identification:_identify(venv/lib/python3.12/site-packages/numpy/f2py/tests/src/abstract_interface) by extension 'ignore_ament_install'
[0.584s] Level 1:colcon.colcon_core.package_identification:_identify(venv/lib/python3.12/site-packages/numpy/f2py/tests/src/abstract_interface) by extensions ['colcon_pkg']
[0.584s] Level 1:colcon.colcon_core.package_identification:_identify(venv/lib/python3.12/site-packages/numpy/f2py/tests/src/abstract_interface) by extension 'colcon_pkg'
[0.584s] Level 1:colcon.colcon_core.package_identification:_identify(venv/lib/python3.12/site-packages/numpy/f2py/tests/src/abstract_interface) by extensions ['colcon_meta']
[0.584s] Level 1:colcon.colcon_core.package_identification:_identify(venv/lib/python3.12/site-packages/numpy/f2py/tests/src/abstract_interface) by extension 'colcon_meta'
[0.584s] Level 1:colcon.colcon_core.package_identification:_identify(venv/lib/python3.12/site-packages/numpy/f2py/tests/src/abstract_interface) by extensions ['ros']
[0.584s] Level 1:colcon.colcon_core.package_identification:_identify(venv/lib/python3.12/site-packages/numpy/f2py/tests/src/abstract_interface) by extension 'ros'
[0.584s] Level 1:colcon.colcon_core.package_identification:_identify(venv/lib/python3.12/site-packages/numpy/f2py/tests/src/abstract_interface) by extensions ['cmake', 'python']
[0.584s] Level 1:colcon.colcon_core.package_identification:_identify(venv/lib/python3.12/site-packages/numpy/f2py/tests/src/abstract_interface) by extension 'cmake'
[0.584s] Level 1:colcon.colcon_core.package_identification:_identify(venv/lib/python3.12/site-packages/numpy/f2py/tests/src/abstract_interface) by extension 'python'
[0.584s] Level 1:colcon.colcon_core.package_identification:_identify(venv/lib/python3.12/site-packages/numpy/f2py/tests/src/abstract_interface) by extensions ['python_setup_py']
[0.584s] Level 1:colcon.colcon_core.package_identification:_identify(venv/lib/python3.12/site-packages/numpy/f2py/tests/src/abstract_interface) by extension 'python_setup_py'
[0.584s] Level 1:colcon.colcon_core.package_identification:_identify(venv/lib/python3.12/site-packages/numpy/f2py/tests/src/array_from_pyobj) by extensions ['ignore', 'ignore_ament_install']
[0.584s] Level 1:colcon.colcon_core.package_identification:_identify(venv/lib/python3.12/site-packages/numpy/f2py/tests/src/array_from_pyobj) by extension 'ignore'
[0.584s] Level 1:colcon.colcon_core.package_identification:_identify(venv/lib/python3.12/site-packages/numpy/f2py/tests/src/array_from_pyobj) by extension 'ignore_ament_install'
[0.584s] Level 1:colcon.colcon_core.package_identification:_identify(venv/lib/python3.12/site-packages/numpy/f2py/tests/src/array_from_pyobj) by extensions ['colcon_pkg']
[0.584s] Level 1:colcon.colcon_core.package_identification:_identify(venv/lib/python3.12/site-packages/numpy/f2py/tests/src/array_from_pyobj) by extension 'colcon_pkg'
[0.584s] Level 1:colcon.colcon_core.package_identification:_identify(venv/lib/python3.12/site-packages/numpy/f2py/tests/src/array_from_pyobj) by extensions ['colcon_meta']
[0.584s] Level 1:colcon.colcon_core.package_identification:_identify(venv/lib/python3.12/site-packages/numpy/f2py/tests/src/array_from_pyobj) by extension 'colcon_meta'
[0.585s] Level 1:colcon.colcon_core.package_identification:_identify(venv/lib/python3.12/site-packages/numpy/f2py/tests/src/array_from_pyobj) by extensions ['ros']
[0.585s] Level 1:colcon.colcon_core.package_identification:_identify(venv/lib/python3.12/site-packages/numpy/f2py/tests/src/array_from_pyobj) by extension 'ros'
[0.585s] Level 1:colcon.colcon_core.package_identification:_identify(venv/lib/python3.12/site-packages/numpy/f2py/tests/src/array_from_pyobj) by extensions ['cmake', 'python']
[0.585s] Level 1:colcon.colcon_core.package_identification:_identify(venv/lib/python3.12/site-packages/numpy/f2py/tests/src/array_from_pyobj) by extension 'cmake'
[0.585s] Level 1:colcon.colcon_core.package_identification:_identify(venv/lib/python3.12/site-packages/numpy/f2py/tests/src/array_from_pyobj) by extension 'python'
[0.585s] Level 1:colcon.colcon_core.package_identification:_identify(venv/lib/python3.12/site-packages/numpy/f2py/tests/src/array_from_pyobj) by extensions ['python_setup_py']
[0.585s] Level 1:colcon.colcon_core.package_identification:_identify(venv/lib/python3.12/site-packages/numpy/f2py/tests/src/array_from_pyobj) by extension 'python_setup_py'
[0.585s] Level 1:colcon.colcon_core.package_identification:_identify(venv/lib/python3.12/site-packages/numpy/f2py/tests/src/assumed_shape) by extensions ['ignore', 'ignore_ament_install']
[0.585s] Level 1:colcon.colcon_core.package_identification:_identify(venv/lib/python3.12/site-packages/numpy/f2py/tests/src/assumed_shape) by extension 'ignore'
[0.585s] Level 1:colcon.colcon_core.package_identification:_identify(venv/lib/python3.12/site-packages/numpy/f2py/tests/src/assumed_shape) by extension 'ignore_ament_install'
[0.585s] Level 1:colcon.colcon_core.package_identification:_identify(venv/lib/python3.12/site-packages/numpy/f2py/tests/src/assumed_shape) by extensions ['colcon_pkg']
[0.585s] Level 1:colcon.colcon_core.package_identification:_identify(venv/lib/python3.12/site-packages/numpy/f2py/tests/src/assumed_shape) by extension 'colcon_pkg'
[0.585s] Level 1:colcon.colcon_core.package_identification:_identify(venv/lib/python3.12/site-packages/numpy/f2py/tests/src/assumed_shape) by extensions ['colcon_meta']
[0.585s] Level 1:colcon.colcon_core.package_identification:_identify(venv/lib/python3.12/site-packages/numpy/f2py/tests/src/assumed_shape) by extension 'colcon_meta'
[0.585s] Level 1:colcon.colcon_core.package_identification:_identify(venv/lib/python3.12/site-packages/numpy/f2py/tests/src/assumed_shape) by extensions ['ros']
[0.585s] Level 1:colcon.colcon_core.package_identification:_identify(venv/lib/python3.12/site-packages/numpy/f2py/tests/src/assumed_shape) by extension 'ros'
[0.585s] Level 1:colcon.colcon_core.package_identification:_identify(venv/lib/python3.12/site-packages/numpy/f2py/tests/src/assumed_shape) by extensions ['cmake', 'python']
[0.585s] Level 1:colcon.colcon_core.package_identification:_identify(venv/lib/python3.12/site-packages/numpy/f2py/tests/src/assumed_shape) by extension 'cmake'
[0.585s] Level 1:colcon.colcon_core.package_identification:_identify(venv/lib/python3.12/site-packages/numpy/f2py/tests/src/assumed_shape) by extension 'python'
[0.586s] Level 1:colcon.colcon_core.package_identification:_identify(venv/lib/python3.12/site-packages/numpy/f2py/tests/src/assumed_shape) by extensions ['python_setup_py']
[0.586s] Level 1:colcon.colcon_core.package_identification:_identify(venv/lib/python3.12/site-packages/numpy/f2py/tests/src/assumed_shape) by extension 'python_setup_py'
[0.586s] Level 1:colcon.colcon_core.package_identification:_identify(venv/lib/python3.12/site-packages/numpy/f2py/tests/src/block_docstring) by extensions ['ignore', 'ignore_ament_install']
[0.586s] Level 1:colcon.colcon_core.package_identification:_identify(venv/lib/python3.12/site-packages/numpy/f2py/tests/src/block_docstring) by extension 'ignore'
[0.586s] Level 1:colcon.colcon_core.package_identification:_identify(venv/lib/python3.12/site-packages/numpy/f2py/tests/src/block_docstring) by extension 'ignore_ament_install'
[0.586s] Level 1:colcon.colcon_core.package_identification:_identify(venv/lib/python3.12/site-packages/numpy/f2py/tests/src/block_docstring) by extensions ['colcon_pkg']
[0.586s] Level 1:colcon.colcon_core.package_identification:_identify(venv/lib/python3.12/site-packages/numpy/f2py/tests/src/block_docstring) by extension 'colcon_pkg'
[0.586s] Level 1:colcon.colcon_core.package_identification:_identify(venv/lib/python3.12/site-packages/numpy/f2py/tests/src/block_docstring) by extensions ['colcon_meta']
[0.586s] Level 1:colcon.colcon_core.package_identification:_identify(venv/lib/python3.12/site-packages/numpy/f2py/tests/src/block_docstring) by extension 'colcon_meta'
[0.586s] Level 1:colcon.colcon_core.package_identification:_identify(venv/lib/python3.12/site-packages/numpy/f2py/tests/src/block_docstring) by extensions ['ros']
[0.586s] Level 1:colcon.colcon_core.package_identification:_identify(venv/lib/python3.12/site-packages/numpy/f2py/tests/src/block_docstring) by extension 'ros'
[0.586s] Level 1:colcon.colcon_core.package_identification:_identify(venv/lib/python3.12/site-packages/numpy/f2py/tests/src/block_docstring) by extensions ['cmake', 'python']
[0.586s] Level 1:colcon.colcon_core.package_identification:_identify(venv/lib/python3.12/site-packages/numpy/f2py/tests/src/block_docstring) by extension 'cmake'
[0.586s] Level 1:colcon.colcon_core.package_identification:_identify(venv/lib/python3.12/site-packages/numpy/f2py/tests/src/block_docstring) by extension 'python'
[0.586s] Level 1:colcon.colcon_core.package_identification:_identify(venv/lib/python3.12/site-packages/numpy/f2py/tests/src/block_docstring) by extensions ['python_setup_py']
[0.586s] Level 1:colcon.colcon_core.package_identification:_identify(venv/lib/python3.12/site-packages/numpy/f2py/tests/src/block_docstring) by extension 'python_setup_py'
[0.586s] Level 1:colcon.colcon_core.package_identification:_identify(venv/lib/python3.12/site-packages/numpy/f2py/tests/src/callback) by extensions ['ignore', 'ignore_ament_install']
[0.586s] Level 1:colcon.colcon_core.package_identification:_identify(venv/lib/python3.12/site-packages/numpy/f2py/tests/src/callback) by extension 'ignore'
[0.586s] Level 1:colcon.colcon_core.package_identification:_identify(venv/lib/python3.12/site-packages/numpy/f2py/tests/src/callback) by extension 'ignore_ament_install'
[0.587s] Level 1:colcon.colcon_core.package_identification:_identify(venv/lib/python3.12/site-packages/numpy/f2py/tests/src/callback) by extensions ['colcon_pkg']
[0.587s] Level 1:colcon.colcon_core.package_identification:_identify(venv/lib/python3.12/site-packages/numpy/f2py/tests/src/callback) by extension 'colcon_pkg'
[0.587s] Level 1:colcon.colcon_core.package_identification:_identify(venv/lib/python3.12/site-packages/numpy/f2py/tests/src/callback) by extensions ['colcon_meta']
[0.587s] Level 1:colcon.colcon_core.package_identification:_identify(venv/lib/python3.12/site-packages/numpy/f2py/tests/src/callback) by extension 'colcon_meta'
[0.587s] Level 1:colcon.colcon_core.package_identification:_identify(venv/lib/python3.12/site-packages/numpy/f2py/tests/src/callback) by extensions ['ros']
[0.587s] Level 1:colcon.colcon_core.package_identification:_identify(venv/lib/python3.12/site-packages/numpy/f2py/tests/src/callback) by extension 'ros'
[0.587s] Level 1:colcon.colcon_core.package_identification:_identify(venv/lib/python3.12/site-packages/numpy/f2py/tests/src/callback) by extensions ['cmake', 'python']
[0.587s] Level 1:colcon.colcon_core.package_identification:_identify(venv/lib/python3.12/site-packages/numpy/f2py/tests/src/callback) by extension 'cmake'
[0.587s] Level 1:colcon.colcon_core.package_identification:_identify(venv/lib/python3.12/site-packages/numpy/f2py/tests/src/callback) by extension 'python'
[0.587s] Level 1:colcon.colcon_core.package_identification:_identify(venv/lib/python3.12/site-packages/numpy/f2py/tests/src/callback) by extensions ['python_setup_py']
[0.587s] Level 1:colcon.colcon_core.package_identification:_identify(venv/lib/python3.12/site-packages/numpy/f2py/tests/src/callback) by extension 'python_setup_py'
[0.587s] Level 1:colcon.colcon_core.package_identification:_identify(venv/lib/python3.12/site-packages/numpy/f2py/tests/src/cli) by extensions ['ignore', 'ignore_ament_install']
[0.587s] Level 1:colcon.colcon_core.package_identification:_identify(venv/lib/python3.12/site-packages/numpy/f2py/tests/src/cli) by extension 'ignore'
[0.587s] Level 1:colcon.colcon_core.package_identification:_identify(venv/lib/python3.12/site-packages/numpy/f2py/tests/src/cli) by extension 'ignore_ament_install'
[0.587s] Level 1:colcon.colcon_core.package_identification:_identify(venv/lib/python3.12/site-packages/numpy/f2py/tests/src/cli) by extensions ['colcon_pkg']
[0.587s] Level 1:colcon.colcon_core.package_identification:_identify(venv/lib/python3.12/site-packages/numpy/f2py/tests/src/cli) by extension 'colcon_pkg'
[0.587s] Level 1:colcon.colcon_core.package_identification:_identify(venv/lib/python3.12/site-packages/numpy/f2py/tests/src/cli) by extensions ['colcon_meta']
[0.587s] Level 1:colcon.colcon_core.package_identification:_identify(venv/lib/python3.12/site-packages/numpy/f2py/tests/src/cli) by extension 'colcon_meta'
[0.587s] Level 1:colcon.colcon_core.package_identification:_identify(venv/lib/python3.12/site-packages/numpy/f2py/tests/src/cli) by extensions ['ros']
[0.587s] Level 1:colcon.colcon_core.package_identification:_identify(venv/lib/python3.12/site-packages/numpy/f2py/tests/src/cli) by extension 'ros'
[0.588s] Level 1:colcon.colcon_core.package_identification:_identify(venv/lib/python3.12/site-packages/numpy/f2py/tests/src/cli) by extensions ['cmake', 'python']
[0.588s] Level 1:colcon.colcon_core.package_identification:_identify(venv/lib/python3.12/site-packages/numpy/f2py/tests/src/cli) by extension 'cmake'
[0.588s] Level 1:colcon.colcon_core.package_identification:_identify(venv/lib/python3.12/site-packages/numpy/f2py/tests/src/cli) by extension 'python'
[0.588s] Level 1:colcon.colcon_core.package_identification:_identify(venv/lib/python3.12/site-packages/numpy/f2py/tests/src/cli) by extensions ['python_setup_py']
[0.588s] Level 1:colcon.colcon_core.package_identification:_identify(venv/lib/python3.12/site-packages/numpy/f2py/tests/src/cli) by extension 'python_setup_py'
[0.588s] Level 1:colcon.colcon_core.package_identification:_identify(venv/lib/python3.12/site-packages/numpy/f2py/tests/src/common) by extensions ['ignore', 'ignore_ament_install']
[0.588s] Level 1:colcon.colcon_core.package_identification:_identify(venv/lib/python3.12/site-packages/numpy/f2py/tests/src/common) by extension 'ignore'
[0.588s] Level 1:colcon.colcon_core.package_identification:_identify(venv/lib/python3.12/site-packages/numpy/f2py/tests/src/common) by extension 'ignore_ament_install'
[0.588s] Level 1:colcon.colcon_core.package_identification:_identify(venv/lib/python3.12/site-packages/numpy/f2py/tests/src/common) by extensions ['colcon_pkg']
[0.588s] Level 1:colcon.colcon_core.package_identification:_identify(venv/lib/python3.12/site-packages/numpy/f2py/tests/src/common) by extension 'colcon_pkg'
[0.588s] Level 1:colcon.colcon_core.package_identification:_identify(venv/lib/python3.12/site-packages/numpy/f2py/tests/src/common) by extensions ['colcon_meta']
[0.588s] Level 1:colcon.colcon_core.package_identification:_identify(venv/lib/python3.12/site-packages/numpy/f2py/tests/src/common) by extension 'colcon_meta'
[0.588s] Level 1:colcon.colcon_core.package_identification:_identify(venv/lib/python3.12/site-packages/numpy/f2py/tests/src/common) by extensions ['ros']
[0.588s] Level 1:colcon.colcon_core.package_identification:_identify(venv/lib/python3.12/site-packages/numpy/f2py/tests/src/common) by extension 'ros'
[0.588s] Level 1:colcon.colcon_core.package_identification:_identify(venv/lib/python3.12/site-packages/numpy/f2py/tests/src/common) by extensions ['cmake', 'python']
[0.588s] Level 1:colcon.colcon_core.package_identification:_identify(venv/lib/python3.12/site-packages/numpy/f2py/tests/src/common) by extension 'cmake'
[0.588s] Level 1:colcon.colcon_core.package_identification:_identify(venv/lib/python3.12/site-packages/numpy/f2py/tests/src/common) by extension 'python'
[0.588s] Level 1:colcon.colcon_core.package_identification:_identify(venv/lib/python3.12/site-packages/numpy/f2py/tests/src/common) by extensions ['python_setup_py']
[0.588s] Level 1:colcon.colcon_core.package_identification:_identify(venv/lib/python3.12/site-packages/numpy/f2py/tests/src/common) by extension 'python_setup_py'
[0.588s] Level 1:colcon.colcon_core.package_identification:_identify(venv/lib/python3.12/site-packages/numpy/f2py/tests/src/crackfortran) by extensions ['ignore', 'ignore_ament_install']
[0.589s] Level 1:colcon.colcon_core.package_identification:_identify(venv/lib/python3.12/site-packages/numpy/f2py/tests/src/crackfortran) by extension 'ignore'
[0.589s] Level 1:colcon.colcon_core.package_identification:_identify(venv/lib/python3.12/site-packages/numpy/f2py/tests/src/crackfortran) by extension 'ignore_ament_install'
[0.589s] Level 1:colcon.colcon_core.package_identification:_identify(venv/lib/python3.12/site-packages/numpy/f2py/tests/src/crackfortran) by extensions ['colcon_pkg']
[0.589s] Level 1:colcon.colcon_core.package_identification:_identify(venv/lib/python3.12/site-packages/numpy/f2py/tests/src/crackfortran) by extension 'colcon_pkg'
[0.589s] Level 1:colcon.colcon_core.package_identification:_identify(venv/lib/python3.12/site-packages/numpy/f2py/tests/src/crackfortran) by extensions ['colcon_meta']
[0.589s] Level 1:colcon.colcon_core.package_identification:_identify(venv/lib/python3.12/site-packages/numpy/f2py/tests/src/crackfortran) by extension 'colcon_meta'
[0.589s] Level 1:colcon.colcon_core.package_identification:_identify(venv/lib/python3.12/site-packages/numpy/f2py/tests/src/crackfortran) by extensions ['ros']
[0.589s] Level 1:colcon.colcon_core.package_identification:_identify(venv/lib/python3.12/site-packages/numpy/f2py/tests/src/crackfortran) by extension 'ros'
[0.589s] Level 1:colcon.colcon_core.package_identification:_identify(venv/lib/python3.12/site-packages/numpy/f2py/tests/src/crackfortran) by extensions ['cmake', 'python']
[0.589s] Level 1:colcon.colcon_core.package_identification:_identify(venv/lib/python3.12/site-packages/numpy/f2py/tests/src/crackfortran) by extension 'cmake'
[0.589s] Level 1:colcon.colcon_core.package_identification:_identify(venv/lib/python3.12/site-packages/numpy/f2py/tests/src/crackfortran) by extension 'python'
[0.589s] Level 1:colcon.colcon_core.package_identification:_identify(venv/lib/python3.12/site-packages/numpy/f2py/tests/src/crackfortran) by extensions ['python_setup_py']
[0.589s] Level 1:colcon.colcon_core.package_identification:_identify(venv/lib/python3.12/site-packages/numpy/f2py/tests/src/crackfortran) by extension 'python_setup_py'
[0.589s] Level 1:colcon.colcon_core.package_identification:_identify(venv/lib/python3.12/site-packages/numpy/f2py/tests/src/f2cmap) by extensions ['ignore', 'ignore_ament_install']
[0.589s] Level 1:colcon.colcon_core.package_identification:_identify(venv/lib/python3.12/site-packages/numpy/f2py/tests/src/f2cmap) by extension 'ignore'
[0.589s] Level 1:colcon.colcon_core.package_identification:_identify(venv/lib/python3.12/site-packages/numpy/f2py/tests/src/f2cmap) by extension 'ignore_ament_install'
[0.589s] Level 1:colcon.colcon_core.package_identification:_identify(venv/lib/python3.12/site-packages/numpy/f2py/tests/src/f2cmap) by extensions ['colcon_pkg']
[0.589s] Level 1:colcon.colcon_core.package_identification:_identify(venv/lib/python3.12/site-packages/numpy/f2py/tests/src/f2cmap) by extension 'colcon_pkg'
[0.589s] Level 1:colcon.colcon_core.package_identification:_identify(venv/lib/python3.12/site-packages/numpy/f2py/tests/src/f2cmap) by extensions ['colcon_meta']
[0.589s] Level 1:colcon.colcon_core.package_identification:_identify(venv/lib/python3.12/site-packages/numpy/f2py/tests/src/f2cmap) by extension 'colcon_meta'
[0.590s] Level 1:colcon.colcon_core.package_identification:_identify(venv/lib/python3.12/site-packages/numpy/f2py/tests/src/f2cmap) by extensions ['ros']
[0.590s] Level 1:colcon.colcon_core.package_identification:_identify(venv/lib/python3.12/site-packages/numpy/f2py/tests/src/f2cmap) by extension 'ros'
[0.590s] Level 1:colcon.colcon_core.package_identification:_identify(venv/lib/python3.12/site-packages/numpy/f2py/tests/src/f2cmap) by extensions ['cmake', 'python']
[0.590s] Level 1:colcon.colcon_core.package_identification:_identify(venv/lib/python3.12/site-packages/numpy/f2py/tests/src/f2cmap) by extension 'cmake'
[0.590s] Level 1:colcon.colcon_core.package_identification:_identify(venv/lib/python3.12/site-packages/numpy/f2py/tests/src/f2cmap) by extension 'python'
[0.590s] Level 1:colcon.colcon_core.package_identification:_identify(venv/lib/python3.12/site-packages/numpy/f2py/tests/src/f2cmap) by extensions ['python_setup_py']
[0.590s] Level 1:colcon.colcon_core.package_identification:_identify(venv/lib/python3.12/site-packages/numpy/f2py/tests/src/f2cmap) by extension 'python_setup_py'
[0.590s] Level 1:colcon.colcon_core.package_identification:_identify(venv/lib/python3.12/site-packages/numpy/f2py/tests/src/isocintrin) by extensions ['ignore', 'ignore_ament_install']
[0.590s] Level 1:colcon.colcon_core.package_identification:_identify(venv/lib/python3.12/site-packages/numpy/f2py/tests/src/isocintrin) by extension 'ignore'
[0.590s] Level 1:colcon.colcon_core.package_identification:_identify(venv/lib/python3.12/site-packages/numpy/f2py/tests/src/isocintrin) by extension 'ignore_ament_install'
[0.590s] Level 1:colcon.colcon_core.package_identification:_identify(venv/lib/python3.12/site-packages/numpy/f2py/tests/src/isocintrin) by extensions ['colcon_pkg']
[0.590s] Level 1:colcon.colcon_core.package_identification:_identify(venv/lib/python3.12/site-packages/numpy/f2py/tests/src/isocintrin) by extension 'colcon_pkg'
[0.590s] Level 1:colcon.colcon_core.package_identification:_identify(venv/lib/python3.12/site-packages/numpy/f2py/tests/src/isocintrin) by extensions ['colcon_meta']
[0.590s] Level 1:colcon.colcon_core.package_identification:_identify(venv/lib/python3.12/site-packages/numpy/f2py/tests/src/isocintrin) by extension 'colcon_meta'
[0.590s] Level 1:colcon.colcon_core.package_identification:_identify(venv/lib/python3.12/site-packages/numpy/f2py/tests/src/isocintrin) by extensions ['ros']
[0.590s] Level 1:colcon.colcon_core.package_identification:_identify(venv/lib/python3.12/site-packages/numpy/f2py/tests/src/isocintrin) by extension 'ros'
[0.590s] Level 1:colcon.colcon_core.package_identification:_identify(venv/lib/python3.12/site-packages/numpy/f2py/tests/src/isocintrin) by extensions ['cmake', 'python']
[0.590s] Level 1:colcon.colcon_core.package_identification:_identify(venv/lib/python3.12/site-packages/numpy/f2py/tests/src/isocintrin) by extension 'cmake'
[0.590s] Level 1:colcon.colcon_core.package_identification:_identify(venv/lib/python3.12/site-packages/numpy/f2py/tests/src/isocintrin) by extension 'python'
[0.590s] Level 1:colcon.colcon_core.package_identification:_identify(venv/lib/python3.12/site-packages/numpy/f2py/tests/src/isocintrin) by extensions ['python_setup_py']
[0.590s] Level 1:colcon.colcon_core.package_identification:_identify(venv/lib/python3.12/site-packages/numpy/f2py/tests/src/isocintrin) by extension 'python_setup_py'
[0.591s] Level 1:colcon.colcon_core.package_identification:_identify(venv/lib/python3.12/site-packages/numpy/f2py/tests/src/kind) by extensions ['ignore', 'ignore_ament_install']
[0.591s] Level 1:colcon.colcon_core.package_identification:_identify(venv/lib/python3.12/site-packages/numpy/f2py/tests/src/kind) by extension 'ignore'
[0.591s] Level 1:colcon.colcon_core.package_identification:_identify(venv/lib/python3.12/site-packages/numpy/f2py/tests/src/kind) by extension 'ignore_ament_install'
[0.591s] Level 1:colcon.colcon_core.package_identification:_identify(venv/lib/python3.12/site-packages/numpy/f2py/tests/src/kind) by extensions ['colcon_pkg']
[0.591s] Level 1:colcon.colcon_core.package_identification:_identify(venv/lib/python3.12/site-packages/numpy/f2py/tests/src/kind) by extension 'colcon_pkg'
[0.591s] Level 1:colcon.colcon_core.package_identification:_identify(venv/lib/python3.12/site-packages/numpy/f2py/tests/src/kind) by extensions ['colcon_meta']
[0.591s] Level 1:colcon.colcon_core.package_identification:_identify(venv/lib/python3.12/site-packages/numpy/f2py/tests/src/kind) by extension 'colcon_meta'
[0.591s] Level 1:colcon.colcon_core.package_identification:_identify(venv/lib/python3.12/site-packages/numpy/f2py/tests/src/kind) by extensions ['ros']
[0.591s] Level 1:colcon.colcon_core.package_identification:_identify(venv/lib/python3.12/site-packages/numpy/f2py/tests/src/kind) by extension 'ros'
[0.591s] Level 1:colcon.colcon_core.package_identification:_identify(venv/lib/python3.12/site-packages/numpy/f2py/tests/src/kind) by extensions ['cmake', 'python']
[0.591s] Level 1:colcon.colcon_core.package_identification:_identify(venv/lib/python3.12/site-packages/numpy/f2py/tests/src/kind) by extension 'cmake'
[0.591s] Level 1:colcon.colcon_core.package_identification:_identify(venv/lib/python3.12/site-packages/numpy/f2py/tests/src/kind) by extension 'python'
[0.591s] Level 1:colcon.colcon_core.package_identification:_identify(venv/lib/python3.12/site-packages/numpy/f2py/tests/src/kind) by extensions ['python_setup_py']
[0.591s] Level 1:colcon.colcon_core.package_identification:_identify(venv/lib/python3.12/site-packages/numpy/f2py/tests/src/kind) by extension 'python_setup_py'
[0.591s] Level 1:colcon.colcon_core.package_identification:_identify(venv/lib/python3.12/site-packages/numpy/f2py/tests/src/mixed) by extensions ['ignore', 'ignore_ament_install']
[0.591s] Level 1:colcon.colcon_core.package_identification:_identify(venv/lib/python3.12/site-packages/numpy/f2py/tests/src/mixed) by extension 'ignore'
[0.591s] Level 1:colcon.colcon_core.package_identification:_identify(venv/lib/python3.12/site-packages/numpy/f2py/tests/src/mixed) by extension 'ignore_ament_install'
[0.591s] Level 1:colcon.colcon_core.package_identification:_identify(venv/lib/python3.12/site-packages/numpy/f2py/tests/src/mixed) by extensions ['colcon_pkg']
[0.592s] Level 1:colcon.colcon_core.package_identification:_identify(venv/lib/python3.12/site-packages/numpy/f2py/tests/src/mixed) by extension 'colcon_pkg'
[0.592s] Level 1:colcon.colcon_core.package_identification:_identify(venv/lib/python3.12/site-packages/numpy/f2py/tests/src/mixed) by extensions ['colcon_meta']
[0.592s] Level 1:colcon.colcon_core.package_identification:_identify(venv/lib/python3.12/site-packages/numpy/f2py/tests/src/mixed) by extension 'colcon_meta'
[0.592s] Level 1:colcon.colcon_core.package_identification:_identify(venv/lib/python3.12/site-packages/numpy/f2py/tests/src/mixed) by extensions ['ros']
[0.592s] Level 1:colcon.colcon_core.package_identification:_identify(venv/lib/python3.12/site-packages/numpy/f2py/tests/src/mixed) by extension 'ros'
[0.592s] Level 1:colcon.colcon_core.package_identification:_identify(venv/lib/python3.12/site-packages/numpy/f2py/tests/src/mixed) by extensions ['cmake', 'python']
[0.592s] Level 1:colcon.colcon_core.package_identification:_identify(venv/lib/python3.12/site-packages/numpy/f2py/tests/src/mixed) by extension 'cmake'
[0.592s] Level 1:colcon.colcon_core.package_identification:_identify(venv/lib/python3.12/site-packages/numpy/f2py/tests/src/mixed) by extension 'python'
[0.592s] Level 1:colcon.colcon_core.package_identification:_identify(venv/lib/python3.12/site-packages/numpy/f2py/tests/src/mixed) by extensions ['python_setup_py']
[0.592s] Level 1:colcon.colcon_core.package_identification:_identify(venv/lib/python3.12/site-packages/numpy/f2py/tests/src/mixed) by extension 'python_setup_py'
[0.592s] Level 1:colcon.colcon_core.package_identification:_identify(venv/lib/python3.12/site-packages/numpy/f2py/tests/src/modules) by extensions ['ignore', 'ignore_ament_install']
[0.592s] Level 1:colcon.colcon_core.package_identification:_identify(venv/lib/python3.12/site-packages/numpy/f2py/tests/src/modules) by extension 'ignore'
[0.592s] Level 1:colcon.colcon_core.package_identification:_identify(venv/lib/python3.12/site-packages/numpy/f2py/tests/src/modules) by extension 'ignore_ament_install'
[0.592s] Level 1:colcon.colcon_core.package_identification:_identify(venv/lib/python3.12/site-packages/numpy/f2py/tests/src/modules) by extensions ['colcon_pkg']
[0.592s] Level 1:colcon.colcon_core.package_identification:_identify(venv/lib/python3.12/site-packages/numpy/f2py/tests/src/modules) by extension 'colcon_pkg'
[0.592s] Level 1:colcon.colcon_core.package_identification:_identify(venv/lib/python3.12/site-packages/numpy/f2py/tests/src/modules) by extensions ['colcon_meta']
[0.592s] Level 1:colcon.colcon_core.package_identification:_identify(venv/lib/python3.12/site-packages/numpy/f2py/tests/src/modules) by extension 'colcon_meta'
[0.592s] Level 1:colcon.colcon_core.package_identification:_identify(venv/lib/python3.12/site-packages/numpy/f2py/tests/src/modules) by extensions ['ros']
[0.592s] Level 1:colcon.colcon_core.package_identification:_identify(venv/lib/python3.12/site-packages/numpy/f2py/tests/src/modules) by extension 'ros'
[0.592s] Level 1:colcon.colcon_core.package_identification:_identify(venv/lib/python3.12/site-packages/numpy/f2py/tests/src/modules) by extensions ['cmake', 'python']
[0.592s] Level 1:colcon.colcon_core.package_identification:_identify(venv/lib/python3.12/site-packages/numpy/f2py/tests/src/modules) by extension 'cmake'
[0.593s] Level 1:colcon.colcon_core.package_identification:_identify(venv/lib/python3.12/site-packages/numpy/f2py/tests/src/modules) by extension 'python'
[0.593s] Level 1:colcon.colcon_core.package_identification:_identify(venv/lib/python3.12/site-packages/numpy/f2py/tests/src/modules) by extensions ['python_setup_py']
[0.593s] Level 1:colcon.colcon_core.package_identification:_identify(venv/lib/python3.12/site-packages/numpy/f2py/tests/src/modules) by extension 'python_setup_py'
[0.593s] Level 1:colcon.colcon_core.package_identification:_identify(venv/lib/python3.12/site-packages/numpy/f2py/tests/src/modules/gh25337) by extensions ['ignore', 'ignore_ament_install']
[0.593s] Level 1:colcon.colcon_core.package_identification:_identify(venv/lib/python3.12/site-packages/numpy/f2py/tests/src/modules/gh25337) by extension 'ignore'
[0.593s] Level 1:colcon.colcon_core.package_identification:_identify(venv/lib/python3.12/site-packages/numpy/f2py/tests/src/modules/gh25337) by extension 'ignore_ament_install'
[0.593s] Level 1:colcon.colcon_core.package_identification:_identify(venv/lib/python3.12/site-packages/numpy/f2py/tests/src/modules/gh25337) by extensions ['colcon_pkg']
[0.593s] Level 1:colcon.colcon_core.package_identification:_identify(venv/lib/python3.12/site-packages/numpy/f2py/tests/src/modules/gh25337) by extension 'colcon_pkg'
[0.593s] Level 1:colcon.colcon_core.package_identification:_identify(venv/lib/python3.12/site-packages/numpy/f2py/tests/src/modules/gh25337) by extensions ['colcon_meta']
[0.593s] Level 1:colcon.colcon_core.package_identification:_identify(venv/lib/python3.12/site-packages/numpy/f2py/tests/src/modules/gh25337) by extension 'colcon_meta'
[0.593s] Level 1:colcon.colcon_core.package_identification:_identify(venv/lib/python3.12/site-packages/numpy/f2py/tests/src/modules/gh25337) by extensions ['ros']
[0.593s] Level 1:colcon.colcon_core.package_identification:_identify(venv/lib/python3.12/site-packages/numpy/f2py/tests/src/modules/gh25337) by extension 'ros'
[0.593s] Level 1:colcon.colcon_core.package_identification:_identify(venv/lib/python3.12/site-packages/numpy/f2py/tests/src/modules/gh25337) by extensions ['cmake', 'python']
[0.593s] Level 1:colcon.colcon_core.package_identification:_identify(venv/lib/python3.12/site-packages/numpy/f2py/tests/src/modules/gh25337) by extension 'cmake'
[0.593s] Level 1:colcon.colcon_core.package_identification:_identify(venv/lib/python3.12/site-packages/numpy/f2py/tests/src/modules/gh25337) by extension 'python'
[0.593s] Level 1:colcon.colcon_core.package_identification:_identify(venv/lib/python3.12/site-packages/numpy/f2py/tests/src/modules/gh25337) by extensions ['python_setup_py']
[0.593s] Level 1:colcon.colcon_core.package_identification:_identify(venv/lib/python3.12/site-packages/numpy/f2py/tests/src/modules/gh25337) by extension 'python_setup_py'
[0.593s] Level 1:colcon.colcon_core.package_identification:_identify(venv/lib/python3.12/site-packages/numpy/f2py/tests/src/modules/gh26920) by extensions ['ignore', 'ignore_ament_install']
[0.593s] Level 1:colcon.colcon_core.package_identification:_identify(venv/lib/python3.12/site-packages/numpy/f2py/tests/src/modules/gh26920) by extension 'ignore'
[0.594s] Level 1:colcon.colcon_core.package_identification:_identify(venv/lib/python3.12/site-packages/numpy/f2py/tests/src/modules/gh26920) by extension 'ignore_ament_install'
[0.594s] Level 1:colcon.colcon_core.package_identification:_identify(venv/lib/python3.12/site-packages/numpy/f2py/tests/src/modules/gh26920) by extensions ['colcon_pkg']
[0.594s] Level 1:colcon.colcon_core.package_identification:_identify(venv/lib/python3.12/site-packages/numpy/f2py/tests/src/modules/gh26920) by extension 'colcon_pkg'
[0.594s] Level 1:colcon.colcon_core.package_identification:_identify(venv/lib/python3.12/site-packages/numpy/f2py/tests/src/modules/gh26920) by extensions ['colcon_meta']
[0.594s] Level 1:colcon.colcon_core.package_identification:_identify(venv/lib/python3.12/site-packages/numpy/f2py/tests/src/modules/gh26920) by extension 'colcon_meta'
[0.594s] Level 1:colcon.colcon_core.package_identification:_identify(venv/lib/python3.12/site-packages/numpy/f2py/tests/src/modules/gh26920) by extensions ['ros']
[0.594s] Level 1:colcon.colcon_core.package_identification:_identify(venv/lib/python3.12/site-packages/numpy/f2py/tests/src/modules/gh26920) by extension 'ros'
[0.594s] Level 1:colcon.colcon_core.package_identification:_identify(venv/lib/python3.12/site-packages/numpy/f2py/tests/src/modules/gh26920) by extensions ['cmake', 'python']
[0.594s] Level 1:colcon.colcon_core.package_identification:_identify(venv/lib/python3.12/site-packages/numpy/f2py/tests/src/modules/gh26920) by extension 'cmake'
[0.594s] Level 1:colcon.colcon_core.package_identification:_identify(venv/lib/python3.12/site-packages/numpy/f2py/tests/src/modules/gh26920) by extension 'python'
[0.594s] Level 1:colcon.colcon_core.package_identification:_identify(venv/lib/python3.12/site-packages/numpy/f2py/tests/src/modules/gh26920) by extensions ['python_setup_py']
[0.594s] Level 1:colcon.colcon_core.package_identification:_identify(venv/lib/python3.12/site-packages/numpy/f2py/tests/src/modules/gh26920) by extension 'python_setup_py'
[0.594s] Level 1:colcon.colcon_core.package_identification:_identify(venv/lib/python3.12/site-packages/numpy/f2py/tests/src/negative_bounds) by extensions ['ignore', 'ignore_ament_install']
[0.594s] Level 1:colcon.colcon_core.package_identification:_identify(venv/lib/python3.12/site-packages/numpy/f2py/tests/src/negative_bounds) by extension 'ignore'
[0.594s] Level 1:colcon.colcon_core.package_identification:_identify(venv/lib/python3.12/site-packages/numpy/f2py/tests/src/negative_bounds) by extension 'ignore_ament_install'
[0.594s] Level 1:colcon.colcon_core.package_identification:_identify(venv/lib/python3.12/site-packages/numpy/f2py/tests/src/negative_bounds) by extensions ['colcon_pkg']
[0.594s] Level 1:colcon.colcon_core.package_identification:_identify(venv/lib/python3.12/site-packages/numpy/f2py/tests/src/negative_bounds) by extension 'colcon_pkg'
[0.594s] Level 1:colcon.colcon_core.package_identification:_identify(venv/lib/python3.12/site-packages/numpy/f2py/tests/src/negative_bounds) by extensions ['colcon_meta']
[0.594s] Level 1:colcon.colcon_core.package_identification:_identify(venv/lib/python3.12/site-packages/numpy/f2py/tests/src/negative_bounds) by extension 'colcon_meta'
[0.594s] Level 1:colcon.colcon_core.package_identification:_identify(venv/lib/python3.12/site-packages/numpy/f2py/tests/src/negative_bounds) by extensions ['ros']
[0.595s] Level 1:colcon.colcon_core.package_identification:_identify(venv/lib/python3.12/site-packages/numpy/f2py/tests/src/negative_bounds) by extension 'ros'
[0.595s] Level 1:colcon.colcon_core.package_identification:_identify(venv/lib/python3.12/site-packages/numpy/f2py/tests/src/negative_bounds) by extensions ['cmake', 'python']
[0.595s] Level 1:colcon.colcon_core.package_identification:_identify(venv/lib/python3.12/site-packages/numpy/f2py/tests/src/negative_bounds) by extension 'cmake'
[0.595s] Level 1:colcon.colcon_core.package_identification:_identify(venv/lib/python3.12/site-packages/numpy/f2py/tests/src/negative_bounds) by extension 'python'
[0.595s] Level 1:colcon.colcon_core.package_identification:_identify(venv/lib/python3.12/site-packages/numpy/f2py/tests/src/negative_bounds) by extensions ['python_setup_py']
[0.595s] Level 1:colcon.colcon_core.package_identification:_identify(venv/lib/python3.12/site-packages/numpy/f2py/tests/src/negative_bounds) by extension 'python_setup_py'
[0.595s] Level 1:colcon.colcon_core.package_identification:_identify(venv/lib/python3.12/site-packages/numpy/f2py/tests/src/parameter) by extensions ['ignore', 'ignore_ament_install']
[0.595s] Level 1:colcon.colcon_core.package_identification:_identify(venv/lib/python3.12/site-packages/numpy/f2py/tests/src/parameter) by extension 'ignore'
[0.595s] Level 1:colcon.colcon_core.package_identification:_identify(venv/lib/python3.12/site-packages/numpy/f2py/tests/src/parameter) by extension 'ignore_ament_install'
[0.595s] Level 1:colcon.colcon_core.package_identification:_identify(venv/lib/python3.12/site-packages/numpy/f2py/tests/src/parameter) by extensions ['colcon_pkg']
[0.595s] Level 1:colcon.colcon_core.package_identification:_identify(venv/lib/python3.12/site-packages/numpy/f2py/tests/src/parameter) by extension 'colcon_pkg'
[0.595s] Level 1:colcon.colcon_core.package_identification:_identify(venv/lib/python3.12/site-packages/numpy/f2py/tests/src/parameter) by extensions ['colcon_meta']
[0.595s] Level 1:colcon.colcon_core.package_identification:_identify(venv/lib/python3.12/site-packages/numpy/f2py/tests/src/parameter) by extension 'colcon_meta'
[0.595s] Level 1:colcon.colcon_core.package_identification:_identify(venv/lib/python3.12/site-packages/numpy/f2py/tests/src/parameter) by extensions ['ros']
[0.595s] Level 1:colcon.colcon_core.package_identification:_identify(venv/lib/python3.12/site-packages/numpy/f2py/tests/src/parameter) by extension 'ros'
[0.595s] Level 1:colcon.colcon_core.package_identification:_identify(venv/lib/python3.12/site-packages/numpy/f2py/tests/src/parameter) by extensions ['cmake', 'python']
[0.595s] Level 1:colcon.colcon_core.package_identification:_identify(venv/lib/python3.12/site-packages/numpy/f2py/tests/src/parameter) by extension 'cmake'
[0.595s] Level 1:colcon.colcon_core.package_identification:_identify(venv/lib/python3.12/site-packages/numpy/f2py/tests/src/parameter) by extension 'python'
[0.595s] Level 1:colcon.colcon_core.package_identification:_identify(venv/lib/python3.12/site-packages/numpy/f2py/tests/src/parameter) by extensions ['python_setup_py']
[0.596s] Level 1:colcon.colcon_core.package_identification:_identify(venv/lib/python3.12/site-packages/numpy/f2py/tests/src/parameter) by extension 'python_setup_py'
[0.596s] Level 1:colcon.colcon_core.package_identification:_identify(venv/lib/python3.12/site-packages/numpy/f2py/tests/src/quoted_character) by extensions ['ignore', 'ignore_ament_install']
[0.596s] Level 1:colcon.colcon_core.package_identification:_identify(venv/lib/python3.12/site-packages/numpy/f2py/tests/src/quoted_character) by extension 'ignore'
[0.596s] Level 1:colcon.colcon_core.package_identification:_identify(venv/lib/python3.12/site-packages/numpy/f2py/tests/src/quoted_character) by extension 'ignore_ament_install'
[0.596s] Level 1:colcon.colcon_core.package_identification:_identify(venv/lib/python3.12/site-packages/numpy/f2py/tests/src/quoted_character) by extensions ['colcon_pkg']
[0.596s] Level 1:colcon.colcon_core.package_identification:_identify(venv/lib/python3.12/site-packages/numpy/f2py/tests/src/quoted_character) by extension 'colcon_pkg'
[0.596s] Level 1:colcon.colcon_core.package_identification:_identify(venv/lib/python3.12/site-packages/numpy/f2py/tests/src/quoted_character) by extensions ['colcon_meta']
[0.596s] Level 1:colcon.colcon_core.package_identification:_identify(venv/lib/python3.12/site-packages/numpy/f2py/tests/src/quoted_character) by extension 'colcon_meta'
[0.596s] Level 1:colcon.colcon_core.package_identification:_identify(venv/lib/python3.12/site-packages/numpy/f2py/tests/src/quoted_character) by extensions ['ros']
[0.596s] Level 1:colcon.colcon_core.package_identification:_identify(venv/lib/python3.12/site-packages/numpy/f2py/tests/src/quoted_character) by extension 'ros'
[0.596s] Level 1:colcon.colcon_core.package_identification:_identify(venv/lib/python3.12/site-packages/numpy/f2py/tests/src/quoted_character) by extensions ['cmake', 'python']
[0.596s] Level 1:colcon.colcon_core.package_identification:_identify(venv/lib/python3.12/site-packages/numpy/f2py/tests/src/quoted_character) by extension 'cmake'
[0.596s] Level 1:colcon.colcon_core.package_identification:_identify(venv/lib/python3.12/site-packages/numpy/f2py/tests/src/quoted_character) by extension 'python'
[0.596s] Level 1:colcon.colcon_core.package_identification:_identify(venv/lib/python3.12/site-packages/numpy/f2py/tests/src/quoted_character) by extensions ['python_setup_py']
[0.596s] Level 1:colcon.colcon_core.package_identification:_identify(venv/lib/python3.12/site-packages/numpy/f2py/tests/src/quoted_character) by extension 'python_setup_py'
[0.596s] Level 1:colcon.colcon_core.package_identification:_identify(venv/lib/python3.12/site-packages/numpy/f2py/tests/src/regression) by extensions ['ignore', 'ignore_ament_install']
[0.596s] Level 1:colcon.colcon_core.package_identification:_identify(venv/lib/python3.12/site-packages/numpy/f2py/tests/src/regression) by extension 'ignore'
[0.596s] Level 1:colcon.colcon_core.package_identification:_identify(venv/lib/python3.12/site-packages/numpy/f2py/tests/src/regression) by extension 'ignore_ament_install'
[0.597s] Level 1:colcon.colcon_core.package_identification:_identify(venv/lib/python3.12/site-packages/numpy/f2py/tests/src/regression) by extensions ['colcon_pkg']
[0.597s] Level 1:colcon.colcon_core.package_identification:_identify(venv/lib/python3.12/site-packages/numpy/f2py/tests/src/regression) by extension 'colcon_pkg'
[0.597s] Level 1:colcon.colcon_core.package_identification:_identify(venv/lib/python3.12/site-packages/numpy/f2py/tests/src/regression) by extensions ['colcon_meta']
[0.597s] Level 1:colcon.colcon_core.package_identification:_identify(venv/lib/python3.12/site-packages/numpy/f2py/tests/src/regression) by extension 'colcon_meta'
[0.597s] Level 1:colcon.colcon_core.package_identification:_identify(venv/lib/python3.12/site-packages/numpy/f2py/tests/src/regression) by extensions ['ros']
[0.597s] Level 1:colcon.colcon_core.package_identification:_identify(venv/lib/python3.12/site-packages/numpy/f2py/tests/src/regression) by extension 'ros'
[0.597s] Level 1:colcon.colcon_core.package_identification:_identify(venv/lib/python3.12/site-packages/numpy/f2py/tests/src/regression) by extensions ['cmake', 'python']
[0.597s] Level 1:colcon.colcon_core.package_identification:_identify(venv/lib/python3.12/site-packages/numpy/f2py/tests/src/regression) by extension 'cmake'
[0.597s] Level 1:colcon.colcon_core.package_identification:_identify(venv/lib/python3.12/site-packages/numpy/f2py/tests/src/regression) by extension 'python'
[0.597s] Level 1:colcon.colcon_core.package_identification:_identify(venv/lib/python3.12/site-packages/numpy/f2py/tests/src/regression) by extensions ['python_setup_py']
[0.597s] Level 1:colcon.colcon_core.package_identification:_identify(venv/lib/python3.12/site-packages/numpy/f2py/tests/src/regression) by extension 'python_setup_py'
[0.597s] Level 1:colcon.colcon_core.package_identification:_identify(venv/lib/python3.12/site-packages/numpy/f2py/tests/src/return_character) by extensions ['ignore', 'ignore_ament_install']
[0.597s] Level 1:colcon.colcon_core.package_identification:_identify(venv/lib/python3.12/site-packages/numpy/f2py/tests/src/return_character) by extension 'ignore'
[0.597s] Level 1:colcon.colcon_core.package_identification:_identify(venv/lib/python3.12/site-packages/numpy/f2py/tests/src/return_character) by extension 'ignore_ament_install'
[0.597s] Level 1:colcon.colcon_core.package_identification:_identify(venv/lib/python3.12/site-packages/numpy/f2py/tests/src/return_character) by extensions ['colcon_pkg']
[0.597s] Level 1:colcon.colcon_core.package_identification:_identify(venv/lib/python3.12/site-packages/numpy/f2py/tests/src/return_character) by extension 'colcon_pkg'
[0.597s] Level 1:colcon.colcon_core.package_identification:_identify(venv/lib/python3.12/site-packages/numpy/f2py/tests/src/return_character) by extensions ['colcon_meta']
[0.597s] Level 1:colcon.colcon_core.package_identification:_identify(venv/lib/python3.12/site-packages/numpy/f2py/tests/src/return_character) by extension 'colcon_meta'
[0.597s] Level 1:colcon.colcon_core.package_identification:_identify(venv/lib/python3.12/site-packages/numpy/f2py/tests/src/return_character) by extensions ['ros']
[0.597s] Level 1:colcon.colcon_core.package_identification:_identify(venv/lib/python3.12/site-packages/numpy/f2py/tests/src/return_character) by extension 'ros'
[0.597s] Level 1:colcon.colcon_core.package_identification:_identify(venv/lib/python3.12/site-packages/numpy/f2py/tests/src/return_character) by extensions ['cmake', 'python']
[0.598s] Level 1:colcon.colcon_core.package_identification:_identify(venv/lib/python3.12/site-packages/numpy/f2py/tests/src/return_character) by extension 'cmake'
[0.598s] Level 1:colcon.colcon_core.package_identification:_identify(venv/lib/python3.12/site-packages/numpy/f2py/tests/src/return_character) by extension 'python'
[0.598s] Level 1:colcon.colcon_core.package_identification:_identify(venv/lib/python3.12/site-packages/numpy/f2py/tests/src/return_character) by extensions ['python_setup_py']
[0.598s] Level 1:colcon.colcon_core.package_identification:_identify(venv/lib/python3.12/site-packages/numpy/f2py/tests/src/return_character) by extension 'python_setup_py'
[0.598s] Level 1:colcon.colcon_core.package_identification:_identify(venv/lib/python3.12/site-packages/numpy/f2py/tests/src/return_complex) by extensions ['ignore', 'ignore_ament_install']
[0.598s] Level 1:colcon.colcon_core.package_identification:_identify(venv/lib/python3.12/site-packages/numpy/f2py/tests/src/return_complex) by extension 'ignore'
[0.598s] Level 1:colcon.colcon_core.package_identification:_identify(venv/lib/python3.12/site-packages/numpy/f2py/tests/src/return_complex) by extension 'ignore_ament_install'
[0.598s] Level 1:colcon.colcon_core.package_identification:_identify(venv/lib/python3.12/site-packages/numpy/f2py/tests/src/return_complex) by extensions ['colcon_pkg']
[0.598s] Level 1:colcon.colcon_core.package_identification:_identify(venv/lib/python3.12/site-packages/numpy/f2py/tests/src/return_complex) by extension 'colcon_pkg'
[0.598s] Level 1:colcon.colcon_core.package_identification:_identify(venv/lib/python3.12/site-packages/numpy/f2py/tests/src/return_complex) by extensions ['colcon_meta']
[0.598s] Level 1:colcon.colcon_core.package_identification:_identify(venv/lib/python3.12/site-packages/numpy/f2py/tests/src/return_complex) by extension 'colcon_meta'
[0.598s] Level 1:colcon.colcon_core.package_identification:_identify(venv/lib/python3.12/site-packages/numpy/f2py/tests/src/return_complex) by extensions ['ros']
[0.598s] Level 1:colcon.colcon_core.package_identification:_identify(venv/lib/python3.12/site-packages/numpy/f2py/tests/src/return_complex) by extension 'ros'
[0.598s] Level 1:colcon.colcon_core.package_identification:_identify(venv/lib/python3.12/site-packages/numpy/f2py/tests/src/return_complex) by extensions ['cmake', 'python']
[0.598s] Level 1:colcon.colcon_core.package_identification:_identify(venv/lib/python3.12/site-packages/numpy/f2py/tests/src/return_complex) by extension 'cmake'
[0.598s] Level 1:colcon.colcon_core.package_identification:_identify(venv/lib/python3.12/site-packages/numpy/f2py/tests/src/return_complex) by extension 'python'
[0.598s] Level 1:colcon.colcon_core.package_identification:_identify(venv/lib/python3.12/site-packages/numpy/f2py/tests/src/return_complex) by extensions ['python_setup_py']
[0.598s] Level 1:colcon.colcon_core.package_identification:_identify(venv/lib/python3.12/site-packages/numpy/f2py/tests/src/return_complex) by extension 'python_setup_py'
[0.598s] Level 1:colcon.colcon_core.package_identification:_identify(venv/lib/python3.12/site-packages/numpy/f2py/tests/src/return_integer) by extensions ['ignore', 'ignore_ament_install']
[0.599s] Level 1:colcon.colcon_core.package_identification:_identify(venv/lib/python3.12/site-packages/numpy/f2py/tests/src/return_integer) by extension 'ignore'
[0.599s] Level 1:colcon.colcon_core.package_identification:_identify(venv/lib/python3.12/site-packages/numpy/f2py/tests/src/return_integer) by extension 'ignore_ament_install'
[0.599s] Level 1:colcon.colcon_core.package_identification:_identify(venv/lib/python3.12/site-packages/numpy/f2py/tests/src/return_integer) by extensions ['colcon_pkg']
[0.599s] Level 1:colcon.colcon_core.package_identification:_identify(venv/lib/python3.12/site-packages/numpy/f2py/tests/src/return_integer) by extension 'colcon_pkg'
[0.599s] Level 1:colcon.colcon_core.package_identification:_identify(venv/lib/python3.12/site-packages/numpy/f2py/tests/src/return_integer) by extensions ['colcon_meta']
[0.599s] Level 1:colcon.colcon_core.package_identification:_identify(venv/lib/python3.12/site-packages/numpy/f2py/tests/src/return_integer) by extension 'colcon_meta'
[0.599s] Level 1:colcon.colcon_core.package_identification:_identify(venv/lib/python3.12/site-packages/numpy/f2py/tests/src/return_integer) by extensions ['ros']
[0.599s] Level 1:colcon.colcon_core.package_identification:_identify(venv/lib/python3.12/site-packages/numpy/f2py/tests/src/return_integer) by extension 'ros'
[0.599s] Level 1:colcon.colcon_core.package_identification:_identify(venv/lib/python3.12/site-packages/numpy/f2py/tests/src/return_integer) by extensions ['cmake', 'python']
[0.599s] Level 1:colcon.colcon_core.package_identification:_identify(venv/lib/python3.12/site-packages/numpy/f2py/tests/src/return_integer) by extension 'cmake'
[0.599s] Level 1:colcon.colcon_core.package_identification:_identify(venv/lib/python3.12/site-packages/numpy/f2py/tests/src/return_integer) by extension 'python'
[0.599s] Level 1:colcon.colcon_core.package_identification:_identify(venv/lib/python3.12/site-packages/numpy/f2py/tests/src/return_integer) by extensions ['python_setup_py']
[0.599s] Level 1:colcon.colcon_core.package_identification:_identify(venv/lib/python3.12/site-packages/numpy/f2py/tests/src/return_integer) by extension 'python_setup_py'
[0.599s] Level 1:colcon.colcon_core.package_identification:_identify(venv/lib/python3.12/site-packages/numpy/f2py/tests/src/return_logical) by extensions ['ignore', 'ignore_ament_install']
[0.599s] Level 1:colcon.colcon_core.package_identification:_identify(venv/lib/python3.12/site-packages/numpy/f2py/tests/src/return_logical) by extension 'ignore'
[0.599s] Level 1:colcon.colcon_core.package_identification:_identify(venv/lib/python3.12/site-packages/numpy/f2py/tests/src/return_logical) by extension 'ignore_ament_install'
[0.599s] Level 1:colcon.colcon_core.package_identification:_identify(venv/lib/python3.12/site-packages/numpy/f2py/tests/src/return_logical) by extensions ['colcon_pkg']
[0.599s] Level 1:colcon.colcon_core.package_identification:_identify(venv/lib/python3.12/site-packages/numpy/f2py/tests/src/return_logical) by extension 'colcon_pkg'
[0.599s] Level 1:colcon.colcon_core.package_identification:_identify(venv/lib/python3.12/site-packages/numpy/f2py/tests/src/return_logical) by extensions ['colcon_meta']
[0.599s] Level 1:colcon.colcon_core.package_identification:_identify(venv/lib/python3.12/site-packages/numpy/f2py/tests/src/return_logical) by extension 'colcon_meta'
[0.599s] Level 1:colcon.colcon_core.package_identification:_identify(venv/lib/python3.12/site-packages/numpy/f2py/tests/src/return_logical) by extensions ['ros']
[0.599s] Level 1:colcon.colcon_core.package_identification:_identify(venv/lib/python3.12/site-packages/numpy/f2py/tests/src/return_logical) by extension 'ros'
[0.600s] Level 1:colcon.colcon_core.package_identification:_identify(venv/lib/python3.12/site-packages/numpy/f2py/tests/src/return_logical) by extensions ['cmake', 'python']
[0.600s] Level 1:colcon.colcon_core.package_identification:_identify(venv/lib/python3.12/site-packages/numpy/f2py/tests/src/return_logical) by extension 'cmake'
[0.600s] Level 1:colcon.colcon_core.package_identification:_identify(venv/lib/python3.12/site-packages/numpy/f2py/tests/src/return_logical) by extension 'python'
[0.600s] Level 1:colcon.colcon_core.package_identification:_identify(venv/lib/python3.12/site-packages/numpy/f2py/tests/src/return_logical) by extensions ['python_setup_py']
[0.600s] Level 1:colcon.colcon_core.package_identification:_identify(venv/lib/python3.12/site-packages/numpy/f2py/tests/src/return_logical) by extension 'python_setup_py'
[0.600s] Level 1:colcon.colcon_core.package_identification:_identify(venv/lib/python3.12/site-packages/numpy/f2py/tests/src/return_real) by extensions ['ignore', 'ignore_ament_install']
[0.600s] Level 1:colcon.colcon_core.package_identification:_identify(venv/lib/python3.12/site-packages/numpy/f2py/tests/src/return_real) by extension 'ignore'
[0.600s] Level 1:colcon.colcon_core.package_identification:_identify(venv/lib/python3.12/site-packages/numpy/f2py/tests/src/return_real) by extension 'ignore_ament_install'
[0.600s] Level 1:colcon.colcon_core.package_identification:_identify(venv/lib/python3.12/site-packages/numpy/f2py/tests/src/return_real) by extensions ['colcon_pkg']
[0.600s] Level 1:colcon.colcon_core.package_identification:_identify(venv/lib/python3.12/site-packages/numpy/f2py/tests/src/return_real) by extension 'colcon_pkg'
[0.600s] Level 1:colcon.colcon_core.package_identification:_identify(venv/lib/python3.12/site-packages/numpy/f2py/tests/src/return_real) by extensions ['colcon_meta']
[0.600s] Level 1:colcon.colcon_core.package_identification:_identify(venv/lib/python3.12/site-packages/numpy/f2py/tests/src/return_real) by extension 'colcon_meta'
[0.600s] Level 1:colcon.colcon_core.package_identification:_identify(venv/lib/python3.12/site-packages/numpy/f2py/tests/src/return_real) by extensions ['ros']
[0.600s] Level 1:colcon.colcon_core.package_identification:_identify(venv/lib/python3.12/site-packages/numpy/f2py/tests/src/return_real) by extension 'ros'
[0.600s] Level 1:colcon.colcon_core.package_identification:_identify(venv/lib/python3.12/site-packages/numpy/f2py/tests/src/return_real) by extensions ['cmake', 'python']
[0.600s] Level 1:colcon.colcon_core.package_identification:_identify(venv/lib/python3.12/site-packages/numpy/f2py/tests/src/return_real) by extension 'cmake'
[0.600s] Level 1:colcon.colcon_core.package_identification:_identify(venv/lib/python3.12/site-packages/numpy/f2py/tests/src/return_real) by extension 'python'
[0.600s] Level 1:colcon.colcon_core.package_identification:_identify(venv/lib/python3.12/site-packages/numpy/f2py/tests/src/return_real) by extensions ['python_setup_py']
[0.600s] Level 1:colcon.colcon_core.package_identification:_identify(venv/lib/python3.12/site-packages/numpy/f2py/tests/src/return_real) by extension 'python_setup_py'
[0.601s] Level 1:colcon.colcon_core.package_identification:_identify(venv/lib/python3.12/site-packages/numpy/f2py/tests/src/routines) by extensions ['ignore', 'ignore_ament_install']
[0.601s] Level 1:colcon.colcon_core.package_identification:_identify(venv/lib/python3.12/site-packages/numpy/f2py/tests/src/routines) by extension 'ignore'
[0.601s] Level 1:colcon.colcon_core.package_identification:_identify(venv/lib/python3.12/site-packages/numpy/f2py/tests/src/routines) by extension 'ignore_ament_install'
[0.601s] Level 1:colcon.colcon_core.package_identification:_identify(venv/lib/python3.12/site-packages/numpy/f2py/tests/src/routines) by extensions ['colcon_pkg']
[0.601s] Level 1:colcon.colcon_core.package_identification:_identify(venv/lib/python3.12/site-packages/numpy/f2py/tests/src/routines) by extension 'colcon_pkg'
[0.601s] Level 1:colcon.colcon_core.package_identification:_identify(venv/lib/python3.12/site-packages/numpy/f2py/tests/src/routines) by extensions ['colcon_meta']
[0.601s] Level 1:colcon.colcon_core.package_identification:_identify(venv/lib/python3.12/site-packages/numpy/f2py/tests/src/routines) by extension 'colcon_meta'
[0.601s] Level 1:colcon.colcon_core.package_identification:_identify(venv/lib/python3.12/site-packages/numpy/f2py/tests/src/routines) by extensions ['ros']
[0.601s] Level 1:colcon.colcon_core.package_identification:_identify(venv/lib/python3.12/site-packages/numpy/f2py/tests/src/routines) by extension 'ros'
[0.601s] Level 1:colcon.colcon_core.package_identification:_identify(venv/lib/python3.12/site-packages/numpy/f2py/tests/src/routines) by extensions ['cmake', 'python']
[0.601s] Level 1:colcon.colcon_core.package_identification:_identify(venv/lib/python3.12/site-packages/numpy/f2py/tests/src/routines) by extension 'cmake'
[0.601s] Level 1:colcon.colcon_core.package_identification:_identify(venv/lib/python3.12/site-packages/numpy/f2py/tests/src/routines) by extension 'python'
[0.601s] Level 1:colcon.colcon_core.package_identification:_identify(venv/lib/python3.12/site-packages/numpy/f2py/tests/src/routines) by extensions ['python_setup_py']
[0.601s] Level 1:colcon.colcon_core.package_identification:_identify(venv/lib/python3.12/site-packages/numpy/f2py/tests/src/routines) by extension 'python_setup_py'
[0.601s] Level 1:colcon.colcon_core.package_identification:_identify(venv/lib/python3.12/site-packages/numpy/f2py/tests/src/size) by extensions ['ignore', 'ignore_ament_install']
[0.601s] Level 1:colcon.colcon_core.package_identification:_identify(venv/lib/python3.12/site-packages/numpy/f2py/tests/src/size) by extension 'ignore'
[0.601s] Level 1:colcon.colcon_core.package_identification:_identify(venv/lib/python3.12/site-packages/numpy/f2py/tests/src/size) by extension 'ignore_ament_install'
[0.601s] Level 1:colcon.colcon_core.package_identification:_identify(venv/lib/python3.12/site-packages/numpy/f2py/tests/src/size) by extensions ['colcon_pkg']
[0.601s] Level 1:colcon.colcon_core.package_identification:_identify(venv/lib/python3.12/site-packages/numpy/f2py/tests/src/size) by extension 'colcon_pkg'
[0.601s] Level 1:colcon.colcon_core.package_identification:_identify(venv/lib/python3.12/site-packages/numpy/f2py/tests/src/size) by extensions ['colcon_meta']
[0.602s] Level 1:colcon.colcon_core.package_identification:_identify(venv/lib/python3.12/site-packages/numpy/f2py/tests/src/size) by extension 'colcon_meta'
[0.602s] Level 1:colcon.colcon_core.package_identification:_identify(venv/lib/python3.12/site-packages/numpy/f2py/tests/src/size) by extensions ['ros']
[0.602s] Level 1:colcon.colcon_core.package_identification:_identify(venv/lib/python3.12/site-packages/numpy/f2py/tests/src/size) by extension 'ros'
[0.602s] Level 1:colcon.colcon_core.package_identification:_identify(venv/lib/python3.12/site-packages/numpy/f2py/tests/src/size) by extensions ['cmake', 'python']
[0.602s] Level 1:colcon.colcon_core.package_identification:_identify(venv/lib/python3.12/site-packages/numpy/f2py/tests/src/size) by extension 'cmake'
[0.602s] Level 1:colcon.colcon_core.package_identification:_identify(venv/lib/python3.12/site-packages/numpy/f2py/tests/src/size) by extension 'python'
[0.602s] Level 1:colcon.colcon_core.package_identification:_identify(venv/lib/python3.12/site-packages/numpy/f2py/tests/src/size) by extensions ['python_setup_py']
[0.602s] Level 1:colcon.colcon_core.package_identification:_identify(venv/lib/python3.12/site-packages/numpy/f2py/tests/src/size) by extension 'python_setup_py'
[0.602s] Level 1:colcon.colcon_core.package_identification:_identify(venv/lib/python3.12/site-packages/numpy/f2py/tests/src/string) by extensions ['ignore', 'ignore_ament_install']
[0.602s] Level 1:colcon.colcon_core.package_identification:_identify(venv/lib/python3.12/site-packages/numpy/f2py/tests/src/string) by extension 'ignore'
[0.602s] Level 1:colcon.colcon_core.package_identification:_identify(venv/lib/python3.12/site-packages/numpy/f2py/tests/src/string) by extension 'ignore_ament_install'
[0.602s] Level 1:colcon.colcon_core.package_identification:_identify(venv/lib/python3.12/site-packages/numpy/f2py/tests/src/string) by extensions ['colcon_pkg']
[0.602s] Level 1:colcon.colcon_core.package_identification:_identify(venv/lib/python3.12/site-packages/numpy/f2py/tests/src/string) by extension 'colcon_pkg'
[0.602s] Level 1:colcon.colcon_core.package_identification:_identify(venv/lib/python3.12/site-packages/numpy/f2py/tests/src/string) by extensions ['colcon_meta']
[0.602s] Level 1:colcon.colcon_core.package_identification:_identify(venv/lib/python3.12/site-packages/numpy/f2py/tests/src/string) by extension 'colcon_meta'
[0.602s] Level 1:colcon.colcon_core.package_identification:_identify(venv/lib/python3.12/site-packages/numpy/f2py/tests/src/string) by extensions ['ros']
[0.602s] Level 1:colcon.colcon_core.package_identification:_identify(venv/lib/python3.12/site-packages/numpy/f2py/tests/src/string) by extension 'ros'
[0.602s] Level 1:colcon.colcon_core.package_identification:_identify(venv/lib/python3.12/site-packages/numpy/f2py/tests/src/string) by extensions ['cmake', 'python']
[0.602s] Level 1:colcon.colcon_core.package_identification:_identify(venv/lib/python3.12/site-packages/numpy/f2py/tests/src/string) by extension 'cmake'
[0.602s] Level 1:colcon.colcon_core.package_identification:_identify(venv/lib/python3.12/site-packages/numpy/f2py/tests/src/string) by extension 'python'
[0.603s] Level 1:colcon.colcon_core.package_identification:_identify(venv/lib/python3.12/site-packages/numpy/f2py/tests/src/string) by extensions ['python_setup_py']
[0.603s] Level 1:colcon.colcon_core.package_identification:_identify(venv/lib/python3.12/site-packages/numpy/f2py/tests/src/string) by extension 'python_setup_py'
[0.603s] Level 1:colcon.colcon_core.package_identification:_identify(venv/lib/python3.12/site-packages/numpy/f2py/tests/src/value_attrspec) by extensions ['ignore', 'ignore_ament_install']
[0.603s] Level 1:colcon.colcon_core.package_identification:_identify(venv/lib/python3.12/site-packages/numpy/f2py/tests/src/value_attrspec) by extension 'ignore'
[0.603s] Level 1:colcon.colcon_core.package_identification:_identify(venv/lib/python3.12/site-packages/numpy/f2py/tests/src/value_attrspec) by extension 'ignore_ament_install'
[0.603s] Level 1:colcon.colcon_core.package_identification:_identify(venv/lib/python3.12/site-packages/numpy/f2py/tests/src/value_attrspec) by extensions ['colcon_pkg']
[0.603s] Level 1:colcon.colcon_core.package_identification:_identify(venv/lib/python3.12/site-packages/numpy/f2py/tests/src/value_attrspec) by extension 'colcon_pkg'
[0.603s] Level 1:colcon.colcon_core.package_identification:_identify(venv/lib/python3.12/site-packages/numpy/f2py/tests/src/value_attrspec) by extensions ['colcon_meta']
[0.603s] Level 1:colcon.colcon_core.package_identification:_identify(venv/lib/python3.12/site-packages/numpy/f2py/tests/src/value_attrspec) by extension 'colcon_meta'
[0.603s] Level 1:colcon.colcon_core.package_identification:_identify(venv/lib/python3.12/site-packages/numpy/f2py/tests/src/value_attrspec) by extensions ['ros']
[0.603s] Level 1:colcon.colcon_core.package_identification:_identify(venv/lib/python3.12/site-packages/numpy/f2py/tests/src/value_attrspec) by extension 'ros'
[0.603s] Level 1:colcon.colcon_core.package_identification:_identify(venv/lib/python3.12/site-packages/numpy/f2py/tests/src/value_attrspec) by extensions ['cmake', 'python']
[0.603s] Level 1:colcon.colcon_core.package_identification:_identify(venv/lib/python3.12/site-packages/numpy/f2py/tests/src/value_attrspec) by extension 'cmake'
[0.603s] Level 1:colcon.colcon_core.package_identification:_identify(venv/lib/python3.12/site-packages/numpy/f2py/tests/src/value_attrspec) by extension 'python'
[0.603s] Level 1:colcon.colcon_core.package_identification:_identify(venv/lib/python3.12/site-packages/numpy/f2py/tests/src/value_attrspec) by extensions ['python_setup_py']
[0.603s] Level 1:colcon.colcon_core.package_identification:_identify(venv/lib/python3.12/site-packages/numpy/f2py/tests/src/value_attrspec) by extension 'python_setup_py'
[0.603s] Level 1:colcon.colcon_core.package_identification:_identify(venv/lib/python3.12/site-packages/numpy/fft) by extensions ['ignore', 'ignore_ament_install']
[0.603s] Level 1:colcon.colcon_core.package_identification:_identify(venv/lib/python3.12/site-packages/numpy/fft) by extension 'ignore'
[0.603s] Level 1:colcon.colcon_core.package_identification:_identify(venv/lib/python3.12/site-packages/numpy/fft) by extension 'ignore_ament_install'
[0.604s] Level 1:colcon.colcon_core.package_identification:_identify(venv/lib/python3.12/site-packages/numpy/fft) by extensions ['colcon_pkg']
[0.604s] Level 1:colcon.colcon_core.package_identification:_identify(venv/lib/python3.12/site-packages/numpy/fft) by extension 'colcon_pkg'
[0.604s] Level 1:colcon.colcon_core.package_identification:_identify(venv/lib/python3.12/site-packages/numpy/fft) by extensions ['colcon_meta']
[0.604s] Level 1:colcon.colcon_core.package_identification:_identify(venv/lib/python3.12/site-packages/numpy/fft) by extension 'colcon_meta'
[0.604s] Level 1:colcon.colcon_core.package_identification:_identify(venv/lib/python3.12/site-packages/numpy/fft) by extensions ['ros']
[0.604s] Level 1:colcon.colcon_core.package_identification:_identify(venv/lib/python3.12/site-packages/numpy/fft) by extension 'ros'
[0.604s] Level 1:colcon.colcon_core.package_identification:_identify(venv/lib/python3.12/site-packages/numpy/fft) by extensions ['cmake', 'python']
[0.604s] Level 1:colcon.colcon_core.package_identification:_identify(venv/lib/python3.12/site-packages/numpy/fft) by extension 'cmake'
[0.604s] Level 1:colcon.colcon_core.package_identification:_identify(venv/lib/python3.12/site-packages/numpy/fft) by extension 'python'
[0.604s] Level 1:colcon.colcon_core.package_identification:_identify(venv/lib/python3.12/site-packages/numpy/fft) by extensions ['python_setup_py']
[0.604s] Level 1:colcon.colcon_core.package_identification:_identify(venv/lib/python3.12/site-packages/numpy/fft) by extension 'python_setup_py'
[0.604s] Level 1:colcon.colcon_core.package_identification:_identify(venv/lib/python3.12/site-packages/numpy/fft/__pycache__) by extensions ['ignore', 'ignore_ament_install']
[0.604s] Level 1:colcon.colcon_core.package_identification:_identify(venv/lib/python3.12/site-packages/numpy/fft/__pycache__) by extension 'ignore'
[0.604s] Level 1:colcon.colcon_core.package_identification:_identify(venv/lib/python3.12/site-packages/numpy/fft/__pycache__) by extension 'ignore_ament_install'
[0.604s] Level 1:colcon.colcon_core.package_identification:_identify(venv/lib/python3.12/site-packages/numpy/fft/__pycache__) by extensions ['colcon_pkg']
[0.604s] Level 1:colcon.colcon_core.package_identification:_identify(venv/lib/python3.12/site-packages/numpy/fft/__pycache__) by extension 'colcon_pkg'
[0.604s] Level 1:colcon.colcon_core.package_identification:_identify(venv/lib/python3.12/site-packages/numpy/fft/__pycache__) by extensions ['colcon_meta']
[0.604s] Level 1:colcon.colcon_core.package_identification:_identify(venv/lib/python3.12/site-packages/numpy/fft/__pycache__) by extension 'colcon_meta'
[0.604s] Level 1:colcon.colcon_core.package_identification:_identify(venv/lib/python3.12/site-packages/numpy/fft/__pycache__) by extensions ['ros']
[0.604s] Level 1:colcon.colcon_core.package_identification:_identify(venv/lib/python3.12/site-packages/numpy/fft/__pycache__) by extension 'ros'
[0.604s] Level 1:colcon.colcon_core.package_identification:_identify(venv/lib/python3.12/site-packages/numpy/fft/__pycache__) by extensions ['cmake', 'python']
[0.604s] Level 1:colcon.colcon_core.package_identification:_identify(venv/lib/python3.12/site-packages/numpy/fft/__pycache__) by extension 'cmake'
[0.605s] Level 1:colcon.colcon_core.package_identification:_identify(venv/lib/python3.12/site-packages/numpy/fft/__pycache__) by extension 'python'
[0.605s] Level 1:colcon.colcon_core.package_identification:_identify(venv/lib/python3.12/site-packages/numpy/fft/__pycache__) by extensions ['python_setup_py']
[0.605s] Level 1:colcon.colcon_core.package_identification:_identify(venv/lib/python3.12/site-packages/numpy/fft/__pycache__) by extension 'python_setup_py'
[0.605s] Level 1:colcon.colcon_core.package_identification:_identify(venv/lib/python3.12/site-packages/numpy/fft/tests) by extensions ['ignore', 'ignore_ament_install']
[0.605s] Level 1:colcon.colcon_core.package_identification:_identify(venv/lib/python3.12/site-packages/numpy/fft/tests) by extension 'ignore'
[0.605s] Level 1:colcon.colcon_core.package_identification:_identify(venv/lib/python3.12/site-packages/numpy/fft/tests) by extension 'ignore_ament_install'
[0.605s] Level 1:colcon.colcon_core.package_identification:_identify(venv/lib/python3.12/site-packages/numpy/fft/tests) by extensions ['colcon_pkg']
[0.605s] Level 1:colcon.colcon_core.package_identification:_identify(venv/lib/python3.12/site-packages/numpy/fft/tests) by extension 'colcon_pkg'
[0.605s] Level 1:colcon.colcon_core.package_identification:_identify(venv/lib/python3.12/site-packages/numpy/fft/tests) by extensions ['colcon_meta']
[0.605s] Level 1:colcon.colcon_core.package_identification:_identify(venv/lib/python3.12/site-packages/numpy/fft/tests) by extension 'colcon_meta'
[0.605s] Level 1:colcon.colcon_core.package_identification:_identify(venv/lib/python3.12/site-packages/numpy/fft/tests) by extensions ['ros']
[0.605s] Level 1:colcon.colcon_core.package_identification:_identify(venv/lib/python3.12/site-packages/numpy/fft/tests) by extension 'ros'
[0.605s] Level 1:colcon.colcon_core.package_identification:_identify(venv/lib/python3.12/site-packages/numpy/fft/tests) by extensions ['cmake', 'python']
[0.605s] Level 1:colcon.colcon_core.package_identification:_identify(venv/lib/python3.12/site-packages/numpy/fft/tests) by extension 'cmake'
[0.605s] Level 1:colcon.colcon_core.package_identification:_identify(venv/lib/python3.12/site-packages/numpy/fft/tests) by extension 'python'
[0.605s] Level 1:colcon.colcon_core.package_identification:_identify(venv/lib/python3.12/site-packages/numpy/fft/tests) by extensions ['python_setup_py']
[0.605s] Level 1:colcon.colcon_core.package_identification:_identify(venv/lib/python3.12/site-packages/numpy/fft/tests) by extension 'python_setup_py'
[0.605s] Level 1:colcon.colcon_core.package_identification:_identify(venv/lib/python3.12/site-packages/numpy/fft/tests/__pycache__) by extensions ['ignore', 'ignore_ament_install']
[0.605s] Level 1:colcon.colcon_core.package_identification:_identify(venv/lib/python3.12/site-packages/numpy/fft/tests/__pycache__) by extension 'ignore'
[0.606s] Level 1:colcon.colcon_core.package_identification:_identify(venv/lib/python3.12/site-packages/numpy/fft/tests/__pycache__) by extension 'ignore_ament_install'
[0.606s] Level 1:colcon.colcon_core.package_identification:_identify(venv/lib/python3.12/site-packages/numpy/fft/tests/__pycache__) by extensions ['colcon_pkg']
[0.606s] Level 1:colcon.colcon_core.package_identification:_identify(venv/lib/python3.12/site-packages/numpy/fft/tests/__pycache__) by extension 'colcon_pkg'
[0.606s] Level 1:colcon.colcon_core.package_identification:_identify(venv/lib/python3.12/site-packages/numpy/fft/tests/__pycache__) by extensions ['colcon_meta']
[0.606s] Level 1:colcon.colcon_core.package_identification:_identify(venv/lib/python3.12/site-packages/numpy/fft/tests/__pycache__) by extension 'colcon_meta'
[0.606s] Level 1:colcon.colcon_core.package_identification:_identify(venv/lib/python3.12/site-packages/numpy/fft/tests/__pycache__) by extensions ['ros']
[0.606s] Level 1:colcon.colcon_core.package_identification:_identify(venv/lib/python3.12/site-packages/numpy/fft/tests/__pycache__) by extension 'ros'
[0.606s] Level 1:colcon.colcon_core.package_identification:_identify(venv/lib/python3.12/site-packages/numpy/fft/tests/__pycache__) by extensions ['cmake', 'python']
[0.606s] Level 1:colcon.colcon_core.package_identification:_identify(venv/lib/python3.12/site-packages/numpy/fft/tests/__pycache__) by extension 'cmake'
[0.606s] Level 1:colcon.colcon_core.package_identification:_identify(venv/lib/python3.12/site-packages/numpy/fft/tests/__pycache__) by extension 'python'
[0.606s] Level 1:colcon.colcon_core.package_identification:_identify(venv/lib/python3.12/site-packages/numpy/fft/tests/__pycache__) by extensions ['python_setup_py']
[0.606s] Level 1:colcon.colcon_core.package_identification:_identify(venv/lib/python3.12/site-packages/numpy/fft/tests/__pycache__) by extension 'python_setup_py'
[0.606s] Level 1:colcon.colcon_core.package_identification:_identify(venv/lib/python3.12/site-packages/numpy/lib) by extensions ['ignore', 'ignore_ament_install']
[0.606s] Level 1:colcon.colcon_core.package_identification:_identify(venv/lib/python3.12/site-packages/numpy/lib) by extension 'ignore'
[0.606s] Level 1:colcon.colcon_core.package_identification:_identify(venv/lib/python3.12/site-packages/numpy/lib) by extension 'ignore_ament_install'
[0.606s] Level 1:colcon.colcon_core.package_identification:_identify(venv/lib/python3.12/site-packages/numpy/lib) by extensions ['colcon_pkg']
[0.606s] Level 1:colcon.colcon_core.package_identification:_identify(venv/lib/python3.12/site-packages/numpy/lib) by extension 'colcon_pkg'
[0.606s] Level 1:colcon.colcon_core.package_identification:_identify(venv/lib/python3.12/site-packages/numpy/lib) by extensions ['colcon_meta']
[0.606s] Level 1:colcon.colcon_core.package_identification:_identify(venv/lib/python3.12/site-packages/numpy/lib) by extension 'colcon_meta'
[0.606s] Level 1:colcon.colcon_core.package_identification:_identify(venv/lib/python3.12/site-packages/numpy/lib) by extensions ['ros']
[0.606s] Level 1:colcon.colcon_core.package_identification:_identify(venv/lib/python3.12/site-packages/numpy/lib) by extension 'ros'
[0.607s] Level 1:colcon.colcon_core.package_identification:_identify(venv/lib/python3.12/site-packages/numpy/lib) by extensions ['cmake', 'python']
[0.607s] Level 1:colcon.colcon_core.package_identification:_identify(venv/lib/python3.12/site-packages/numpy/lib) by extension 'cmake'
[0.607s] Level 1:colcon.colcon_core.package_identification:_identify(venv/lib/python3.12/site-packages/numpy/lib) by extension 'python'
[0.607s] Level 1:colcon.colcon_core.package_identification:_identify(venv/lib/python3.12/site-packages/numpy/lib) by extensions ['python_setup_py']
[0.607s] Level 1:colcon.colcon_core.package_identification:_identify(venv/lib/python3.12/site-packages/numpy/lib) by extension 'python_setup_py'
[0.607s] Level 1:colcon.colcon_core.package_identification:_identify(venv/lib/python3.12/site-packages/numpy/lib/__pycache__) by extensions ['ignore', 'ignore_ament_install']
[0.607s] Level 1:colcon.colcon_core.package_identification:_identify(venv/lib/python3.12/site-packages/numpy/lib/__pycache__) by extension 'ignore'
[0.607s] Level 1:colcon.colcon_core.package_identification:_identify(venv/lib/python3.12/site-packages/numpy/lib/__pycache__) by extension 'ignore_ament_install'
[0.607s] Level 1:colcon.colcon_core.package_identification:_identify(venv/lib/python3.12/site-packages/numpy/lib/__pycache__) by extensions ['colcon_pkg']
[0.607s] Level 1:colcon.colcon_core.package_identification:_identify(venv/lib/python3.12/site-packages/numpy/lib/__pycache__) by extension 'colcon_pkg'
[0.607s] Level 1:colcon.colcon_core.package_identification:_identify(venv/lib/python3.12/site-packages/numpy/lib/__pycache__) by extensions ['colcon_meta']
[0.607s] Level 1:colcon.colcon_core.package_identification:_identify(venv/lib/python3.12/site-packages/numpy/lib/__pycache__) by extension 'colcon_meta'
[0.607s] Level 1:colcon.colcon_core.package_identification:_identify(venv/lib/python3.12/site-packages/numpy/lib/__pycache__) by extensions ['ros']
[0.607s] Level 1:colcon.colcon_core.package_identification:_identify(venv/lib/python3.12/site-packages/numpy/lib/__pycache__) by extension 'ros'
[0.607s] Level 1:colcon.colcon_core.package_identification:_identify(venv/lib/python3.12/site-packages/numpy/lib/__pycache__) by extensions ['cmake', 'python']
[0.607s] Level 1:colcon.colcon_core.package_identification:_identify(venv/lib/python3.12/site-packages/numpy/lib/__pycache__) by extension 'cmake'
[0.607s] Level 1:colcon.colcon_core.package_identification:_identify(venv/lib/python3.12/site-packages/numpy/lib/__pycache__) by extension 'python'
[0.607s] Level 1:colcon.colcon_core.package_identification:_identify(venv/lib/python3.12/site-packages/numpy/lib/__pycache__) by extensions ['python_setup_py']
[0.607s] Level 1:colcon.colcon_core.package_identification:_identify(venv/lib/python3.12/site-packages/numpy/lib/__pycache__) by extension 'python_setup_py'
[0.608s] Level 1:colcon.colcon_core.package_identification:_identify(venv/lib/python3.12/site-packages/numpy/lib/tests) by extensions ['ignore', 'ignore_ament_install']
[0.608s] Level 1:colcon.colcon_core.package_identification:_identify(venv/lib/python3.12/site-packages/numpy/lib/tests) by extension 'ignore'
[0.608s] Level 1:colcon.colcon_core.package_identification:_identify(venv/lib/python3.12/site-packages/numpy/lib/tests) by extension 'ignore_ament_install'
[0.608s] Level 1:colcon.colcon_core.package_identification:_identify(venv/lib/python3.12/site-packages/numpy/lib/tests) by extensions ['colcon_pkg']
[0.608s] Level 1:colcon.colcon_core.package_identification:_identify(venv/lib/python3.12/site-packages/numpy/lib/tests) by extension 'colcon_pkg'
[0.608s] Level 1:colcon.colcon_core.package_identification:_identify(venv/lib/python3.12/site-packages/numpy/lib/tests) by extensions ['colcon_meta']
[0.608s] Level 1:colcon.colcon_core.package_identification:_identify(venv/lib/python3.12/site-packages/numpy/lib/tests) by extension 'colcon_meta'
[0.608s] Level 1:colcon.colcon_core.package_identification:_identify(venv/lib/python3.12/site-packages/numpy/lib/tests) by extensions ['ros']
[0.608s] Level 1:colcon.colcon_core.package_identification:_identify(venv/lib/python3.12/site-packages/numpy/lib/tests) by extension 'ros'
[0.608s] Level 1:colcon.colcon_core.package_identification:_identify(venv/lib/python3.12/site-packages/numpy/lib/tests) by extensions ['cmake', 'python']
[0.608s] Level 1:colcon.colcon_core.package_identification:_identify(venv/lib/python3.12/site-packages/numpy/lib/tests) by extension 'cmake'
[0.608s] Level 1:colcon.colcon_core.package_identification:_identify(venv/lib/python3.12/site-packages/numpy/lib/tests) by extension 'python'
[0.608s] Level 1:colcon.colcon_core.package_identification:_identify(venv/lib/python3.12/site-packages/numpy/lib/tests) by extensions ['python_setup_py']
[0.608s] Level 1:colcon.colcon_core.package_identification:_identify(venv/lib/python3.12/site-packages/numpy/lib/tests) by extension 'python_setup_py'
[0.608s] Level 1:colcon.colcon_core.package_identification:_identify(venv/lib/python3.12/site-packages/numpy/lib/tests/__pycache__) by extensions ['ignore', 'ignore_ament_install']
[0.608s] Level 1:colcon.colcon_core.package_identification:_identify(venv/lib/python3.12/site-packages/numpy/lib/tests/__pycache__) by extension 'ignore'
[0.608s] Level 1:colcon.colcon_core.package_identification:_identify(venv/lib/python3.12/site-packages/numpy/lib/tests/__pycache__) by extension 'ignore_ament_install'
[0.608s] Level 1:colcon.colcon_core.package_identification:_identify(venv/lib/python3.12/site-packages/numpy/lib/tests/__pycache__) by extensions ['colcon_pkg']
[0.608s] Level 1:colcon.colcon_core.package_identification:_identify(venv/lib/python3.12/site-packages/numpy/lib/tests/__pycache__) by extension 'colcon_pkg'
[0.608s] Level 1:colcon.colcon_core.package_identification:_identify(venv/lib/python3.12/site-packages/numpy/lib/tests/__pycache__) by extensions ['colcon_meta']
[0.609s] Level 1:colcon.colcon_core.package_identification:_identify(venv/lib/python3.12/site-packages/numpy/lib/tests/__pycache__) by extension 'colcon_meta'
[0.609s] Level 1:colcon.colcon_core.package_identification:_identify(venv/lib/python3.12/site-packages/numpy/lib/tests/__pycache__) by extensions ['ros']
[0.609s] Level 1:colcon.colcon_core.package_identification:_identify(venv/lib/python3.12/site-packages/numpy/lib/tests/__pycache__) by extension 'ros'
[0.609s] Level 1:colcon.colcon_core.package_identification:_identify(venv/lib/python3.12/site-packages/numpy/lib/tests/__pycache__) by extensions ['cmake', 'python']
[0.609s] Level 1:colcon.colcon_core.package_identification:_identify(venv/lib/python3.12/site-packages/numpy/lib/tests/__pycache__) by extension 'cmake'
[0.609s] Level 1:colcon.colcon_core.package_identification:_identify(venv/lib/python3.12/site-packages/numpy/lib/tests/__pycache__) by extension 'python'
[0.609s] Level 1:colcon.colcon_core.package_identification:_identify(venv/lib/python3.12/site-packages/numpy/lib/tests/__pycache__) by extensions ['python_setup_py']
[0.609s] Level 1:colcon.colcon_core.package_identification:_identify(venv/lib/python3.12/site-packages/numpy/lib/tests/__pycache__) by extension 'python_setup_py'
[0.609s] Level 1:colcon.colcon_core.package_identification:_identify(venv/lib/python3.12/site-packages/numpy/lib/tests/data) by extensions ['ignore', 'ignore_ament_install']
[0.609s] Level 1:colcon.colcon_core.package_identification:_identify(venv/lib/python3.12/site-packages/numpy/lib/tests/data) by extension 'ignore'
[0.609s] Level 1:colcon.colcon_core.package_identification:_identify(venv/lib/python3.12/site-packages/numpy/lib/tests/data) by extension 'ignore_ament_install'
[0.609s] Level 1:colcon.colcon_core.package_identification:_identify(venv/lib/python3.12/site-packages/numpy/lib/tests/data) by extensions ['colcon_pkg']
[0.609s] Level 1:colcon.colcon_core.package_identification:_identify(venv/lib/python3.12/site-packages/numpy/lib/tests/data) by extension 'colcon_pkg'
[0.609s] Level 1:colcon.colcon_core.package_identification:_identify(venv/lib/python3.12/site-packages/numpy/lib/tests/data) by extensions ['colcon_meta']
[0.609s] Level 1:colcon.colcon_core.package_identification:_identify(venv/lib/python3.12/site-packages/numpy/lib/tests/data) by extension 'colcon_meta'
[0.609s] Level 1:colcon.colcon_core.package_identification:_identify(venv/lib/python3.12/site-packages/numpy/lib/tests/data) by extensions ['ros']
[0.609s] Level 1:colcon.colcon_core.package_identification:_identify(venv/lib/python3.12/site-packages/numpy/lib/tests/data) by extension 'ros'
[0.609s] Level 1:colcon.colcon_core.package_identification:_identify(venv/lib/python3.12/site-packages/numpy/lib/tests/data) by extensions ['cmake', 'python']
[0.609s] Level 1:colcon.colcon_core.package_identification:_identify(venv/lib/python3.12/site-packages/numpy/lib/tests/data) by extension 'cmake'
[0.609s] Level 1:colcon.colcon_core.package_identification:_identify(venv/lib/python3.12/site-packages/numpy/lib/tests/data) by extension 'python'
[0.609s] Level 1:colcon.colcon_core.package_identification:_identify(venv/lib/python3.12/site-packages/numpy/lib/tests/data) by extensions ['python_setup_py']
[0.610s] Level 1:colcon.colcon_core.package_identification:_identify(venv/lib/python3.12/site-packages/numpy/lib/tests/data) by extension 'python_setup_py'
[0.610s] Level 1:colcon.colcon_core.package_identification:_identify(venv/lib/python3.12/site-packages/numpy/linalg) by extensions ['ignore', 'ignore_ament_install']
[0.610s] Level 1:colcon.colcon_core.package_identification:_identify(venv/lib/python3.12/site-packages/numpy/linalg) by extension 'ignore'
[0.610s] Level 1:colcon.colcon_core.package_identification:_identify(venv/lib/python3.12/site-packages/numpy/linalg) by extension 'ignore_ament_install'
[0.610s] Level 1:colcon.colcon_core.package_identification:_identify(venv/lib/python3.12/site-packages/numpy/linalg) by extensions ['colcon_pkg']
[0.610s] Level 1:colcon.colcon_core.package_identification:_identify(venv/lib/python3.12/site-packages/numpy/linalg) by extension 'colcon_pkg'
[0.610s] Level 1:colcon.colcon_core.package_identification:_identify(venv/lib/python3.12/site-packages/numpy/linalg) by extensions ['colcon_meta']
[0.610s] Level 1:colcon.colcon_core.package_identification:_identify(venv/lib/python3.12/site-packages/numpy/linalg) by extension 'colcon_meta'
[0.610s] Level 1:colcon.colcon_core.package_identification:_identify(venv/lib/python3.12/site-packages/numpy/linalg) by extensions ['ros']
[0.610s] Level 1:colcon.colcon_core.package_identification:_identify(venv/lib/python3.12/site-packages/numpy/linalg) by extension 'ros'
[0.610s] Level 1:colcon.colcon_core.package_identification:_identify(venv/lib/python3.12/site-packages/numpy/linalg) by extensions ['cmake', 'python']
[0.610s] Level 1:colcon.colcon_core.package_identification:_identify(venv/lib/python3.12/site-packages/numpy/linalg) by extension 'cmake'
[0.610s] Level 1:colcon.colcon_core.package_identification:_identify(venv/lib/python3.12/site-packages/numpy/linalg) by extension 'python'
[0.610s] Level 1:colcon.colcon_core.package_identification:_identify(venv/lib/python3.12/site-packages/numpy/linalg) by extensions ['python_setup_py']
[0.610s] Level 1:colcon.colcon_core.package_identification:_identify(venv/lib/python3.12/site-packages/numpy/linalg) by extension 'python_setup_py'
[0.610s] Level 1:colcon.colcon_core.package_identification:_identify(venv/lib/python3.12/site-packages/numpy/linalg/__pycache__) by extensions ['ignore', 'ignore_ament_install']
[0.610s] Level 1:colcon.colcon_core.package_identification:_identify(venv/lib/python3.12/site-packages/numpy/linalg/__pycache__) by extension 'ignore'
[0.610s] Level 1:colcon.colcon_core.package_identification:_identify(venv/lib/python3.12/site-packages/numpy/linalg/__pycache__) by extension 'ignore_ament_install'
[0.610s] Level 1:colcon.colcon_core.package_identification:_identify(venv/lib/python3.12/site-packages/numpy/linalg/__pycache__) by extensions ['colcon_pkg']
[0.610s] Level 1:colcon.colcon_core.package_identification:_identify(venv/lib/python3.12/site-packages/numpy/linalg/__pycache__) by extension 'colcon_pkg'
[0.611s] Level 1:colcon.colcon_core.package_identification:_identify(venv/lib/python3.12/site-packages/numpy/linalg/__pycache__) by extensions ['colcon_meta']
[0.611s] Level 1:colcon.colcon_core.package_identification:_identify(venv/lib/python3.12/site-packages/numpy/linalg/__pycache__) by extension 'colcon_meta'
[0.611s] Level 1:colcon.colcon_core.package_identification:_identify(venv/lib/python3.12/site-packages/numpy/linalg/__pycache__) by extensions ['ros']
[0.611s] Level 1:colcon.colcon_core.package_identification:_identify(venv/lib/python3.12/site-packages/numpy/linalg/__pycache__) by extension 'ros'
[0.611s] Level 1:colcon.colcon_core.package_identification:_identify(venv/lib/python3.12/site-packages/numpy/linalg/__pycache__) by extensions ['cmake', 'python']
[0.611s] Level 1:colcon.colcon_core.package_identification:_identify(venv/lib/python3.12/site-packages/numpy/linalg/__pycache__) by extension 'cmake'
[0.611s] Level 1:colcon.colcon_core.package_identification:_identify(venv/lib/python3.12/site-packages/numpy/linalg/__pycache__) by extension 'python'
[0.611s] Level 1:colcon.colcon_core.package_identification:_identify(venv/lib/python3.12/site-packages/numpy/linalg/__pycache__) by extensions ['python_setup_py']
[0.611s] Level 1:colcon.colcon_core.package_identification:_identify(venv/lib/python3.12/site-packages/numpy/linalg/__pycache__) by extension 'python_setup_py'
[0.611s] Level 1:colcon.colcon_core.package_identification:_identify(venv/lib/python3.12/site-packages/numpy/linalg/tests) by extensions ['ignore', 'ignore_ament_install']
[0.611s] Level 1:colcon.colcon_core.package_identification:_identify(venv/lib/python3.12/site-packages/numpy/linalg/tests) by extension 'ignore'
[0.611s] Level 1:colcon.colcon_core.package_identification:_identify(venv/lib/python3.12/site-packages/numpy/linalg/tests) by extension 'ignore_ament_install'
[0.611s] Level 1:colcon.colcon_core.package_identification:_identify(venv/lib/python3.12/site-packages/numpy/linalg/tests) by extensions ['colcon_pkg']
[0.611s] Level 1:colcon.colcon_core.package_identification:_identify(venv/lib/python3.12/site-packages/numpy/linalg/tests) by extension 'colcon_pkg'
[0.611s] Level 1:colcon.colcon_core.package_identification:_identify(venv/lib/python3.12/site-packages/numpy/linalg/tests) by extensions ['colcon_meta']
[0.611s] Level 1:colcon.colcon_core.package_identification:_identify(venv/lib/python3.12/site-packages/numpy/linalg/tests) by extension 'colcon_meta'
[0.611s] Level 1:colcon.colcon_core.package_identification:_identify(venv/lib/python3.12/site-packages/numpy/linalg/tests) by extensions ['ros']
[0.611s] Level 1:colcon.colcon_core.package_identification:_identify(venv/lib/python3.12/site-packages/numpy/linalg/tests) by extension 'ros'
[0.611s] Level 1:colcon.colcon_core.package_identification:_identify(venv/lib/python3.12/site-packages/numpy/linalg/tests) by extensions ['cmake', 'python']
[0.611s] Level 1:colcon.colcon_core.package_identification:_identify(venv/lib/python3.12/site-packages/numpy/linalg/tests) by extension 'cmake'
[0.611s] Level 1:colcon.colcon_core.package_identification:_identify(venv/lib/python3.12/site-packages/numpy/linalg/tests) by extension 'python'
[0.611s] Level 1:colcon.colcon_core.package_identification:_identify(venv/lib/python3.12/site-packages/numpy/linalg/tests) by extensions ['python_setup_py']
[0.612s] Level 1:colcon.colcon_core.package_identification:_identify(venv/lib/python3.12/site-packages/numpy/linalg/tests) by extension 'python_setup_py'
[0.612s] Level 1:colcon.colcon_core.package_identification:_identify(venv/lib/python3.12/site-packages/numpy/linalg/tests/__pycache__) by extensions ['ignore', 'ignore_ament_install']
[0.612s] Level 1:colcon.colcon_core.package_identification:_identify(venv/lib/python3.12/site-packages/numpy/linalg/tests/__pycache__) by extension 'ignore'
[0.612s] Level 1:colcon.colcon_core.package_identification:_identify(venv/lib/python3.12/site-packages/numpy/linalg/tests/__pycache__) by extension 'ignore_ament_install'
[0.612s] Level 1:colcon.colcon_core.package_identification:_identify(venv/lib/python3.12/site-packages/numpy/linalg/tests/__pycache__) by extensions ['colcon_pkg']
[0.612s] Level 1:colcon.colcon_core.package_identification:_identify(venv/lib/python3.12/site-packages/numpy/linalg/tests/__pycache__) by extension 'colcon_pkg'
[0.612s] Level 1:colcon.colcon_core.package_identification:_identify(venv/lib/python3.12/site-packages/numpy/linalg/tests/__pycache__) by extensions ['colcon_meta']
[0.612s] Level 1:colcon.colcon_core.package_identification:_identify(venv/lib/python3.12/site-packages/numpy/linalg/tests/__pycache__) by extension 'colcon_meta'
[0.612s] Level 1:colcon.colcon_core.package_identification:_identify(venv/lib/python3.12/site-packages/numpy/linalg/tests/__pycache__) by extensions ['ros']
[0.612s] Level 1:colcon.colcon_core.package_identification:_identify(venv/lib/python3.12/site-packages/numpy/linalg/tests/__pycache__) by extension 'ros'
[0.612s] Level 1:colcon.colcon_core.package_identification:_identify(venv/lib/python3.12/site-packages/numpy/linalg/tests/__pycache__) by extensions ['cmake', 'python']
[0.612s] Level 1:colcon.colcon_core.package_identification:_identify(venv/lib/python3.12/site-packages/numpy/linalg/tests/__pycache__) by extension 'cmake'
[0.612s] Level 1:colcon.colcon_core.package_identification:_identify(venv/lib/python3.12/site-packages/numpy/linalg/tests/__pycache__) by extension 'python'
[0.612s] Level 1:colcon.colcon_core.package_identification:_identify(venv/lib/python3.12/site-packages/numpy/linalg/tests/__pycache__) by extensions ['python_setup_py']
[0.612s] Level 1:colcon.colcon_core.package_identification:_identify(venv/lib/python3.12/site-packages/numpy/linalg/tests/__pycache__) by extension 'python_setup_py'
[0.612s] Level 1:colcon.colcon_core.package_identification:_identify(venv/lib/python3.12/site-packages/numpy/ma) by extensions ['ignore', 'ignore_ament_install']
[0.612s] Level 1:colcon.colcon_core.package_identification:_identify(venv/lib/python3.12/site-packages/numpy/ma) by extension 'ignore'
[0.612s] Level 1:colcon.colcon_core.package_identification:_identify(venv/lib/python3.12/site-packages/numpy/ma) by extension 'ignore_ament_install'
[0.613s] Level 1:colcon.colcon_core.package_identification:_identify(venv/lib/python3.12/site-packages/numpy/ma) by extensions ['colcon_pkg']
[0.613s] Level 1:colcon.colcon_core.package_identification:_identify(venv/lib/python3.12/site-packages/numpy/ma) by extension 'colcon_pkg'
[0.613s] Level 1:colcon.colcon_core.package_identification:_identify(venv/lib/python3.12/site-packages/numpy/ma) by extensions ['colcon_meta']
[0.613s] Level 1:colcon.colcon_core.package_identification:_identify(venv/lib/python3.12/site-packages/numpy/ma) by extension 'colcon_meta'
[0.613s] Level 1:colcon.colcon_core.package_identification:_identify(venv/lib/python3.12/site-packages/numpy/ma) by extensions ['ros']
[0.613s] Level 1:colcon.colcon_core.package_identification:_identify(venv/lib/python3.12/site-packages/numpy/ma) by extension 'ros'
[0.613s] Level 1:colcon.colcon_core.package_identification:_identify(venv/lib/python3.12/site-packages/numpy/ma) by extensions ['cmake', 'python']
[0.613s] Level 1:colcon.colcon_core.package_identification:_identify(venv/lib/python3.12/site-packages/numpy/ma) by extension 'cmake'
[0.613s] Level 1:colcon.colcon_core.package_identification:_identify(venv/lib/python3.12/site-packages/numpy/ma) by extension 'python'
[0.613s] Level 1:colcon.colcon_core.package_identification:_identify(venv/lib/python3.12/site-packages/numpy/ma) by extensions ['python_setup_py']
[0.613s] Level 1:colcon.colcon_core.package_identification:_identify(venv/lib/python3.12/site-packages/numpy/ma) by extension 'python_setup_py'
[0.613s] Level 1:colcon.colcon_core.package_identification:_identify(venv/lib/python3.12/site-packages/numpy/ma/__pycache__) by extensions ['ignore', 'ignore_ament_install']
[0.613s] Level 1:colcon.colcon_core.package_identification:_identify(venv/lib/python3.12/site-packages/numpy/ma/__pycache__) by extension 'ignore'
[0.613s] Level 1:colcon.colcon_core.package_identification:_identify(venv/lib/python3.12/site-packages/numpy/ma/__pycache__) by extension 'ignore_ament_install'
[0.613s] Level 1:colcon.colcon_core.package_identification:_identify(venv/lib/python3.12/site-packages/numpy/ma/__pycache__) by extensions ['colcon_pkg']
[0.613s] Level 1:colcon.colcon_core.package_identification:_identify(venv/lib/python3.12/site-packages/numpy/ma/__pycache__) by extension 'colcon_pkg'
[0.613s] Level 1:colcon.colcon_core.package_identification:_identify(venv/lib/python3.12/site-packages/numpy/ma/__pycache__) by extensions ['colcon_meta']
[0.613s] Level 1:colcon.colcon_core.package_identification:_identify(venv/lib/python3.12/site-packages/numpy/ma/__pycache__) by extension 'colcon_meta'
[0.613s] Level 1:colcon.colcon_core.package_identification:_identify(venv/lib/python3.12/site-packages/numpy/ma/__pycache__) by extensions ['ros']
[0.613s] Level 1:colcon.colcon_core.package_identification:_identify(venv/lib/python3.12/site-packages/numpy/ma/__pycache__) by extension 'ros'
[0.613s] Level 1:colcon.colcon_core.package_identification:_identify(venv/lib/python3.12/site-packages/numpy/ma/__pycache__) by extensions ['cmake', 'python']
[0.614s] Level 1:colcon.colcon_core.package_identification:_identify(venv/lib/python3.12/site-packages/numpy/ma/__pycache__) by extension 'cmake'
[0.614s] Level 1:colcon.colcon_core.package_identification:_identify(venv/lib/python3.12/site-packages/numpy/ma/__pycache__) by extension 'python'
[0.614s] Level 1:colcon.colcon_core.package_identification:_identify(venv/lib/python3.12/site-packages/numpy/ma/__pycache__) by extensions ['python_setup_py']
[0.614s] Level 1:colcon.colcon_core.package_identification:_identify(venv/lib/python3.12/site-packages/numpy/ma/__pycache__) by extension 'python_setup_py'
[0.614s] Level 1:colcon.colcon_core.package_identification:_identify(venv/lib/python3.12/site-packages/numpy/ma/tests) by extensions ['ignore', 'ignore_ament_install']
[0.614s] Level 1:colcon.colcon_core.package_identification:_identify(venv/lib/python3.12/site-packages/numpy/ma/tests) by extension 'ignore'
[0.614s] Level 1:colcon.colcon_core.package_identification:_identify(venv/lib/python3.12/site-packages/numpy/ma/tests) by extension 'ignore_ament_install'
[0.614s] Level 1:colcon.colcon_core.package_identification:_identify(venv/lib/python3.12/site-packages/numpy/ma/tests) by extensions ['colcon_pkg']
[0.614s] Level 1:colcon.colcon_core.package_identification:_identify(venv/lib/python3.12/site-packages/numpy/ma/tests) by extension 'colcon_pkg'
[0.614s] Level 1:colcon.colcon_core.package_identification:_identify(venv/lib/python3.12/site-packages/numpy/ma/tests) by extensions ['colcon_meta']
[0.614s] Level 1:colcon.colcon_core.package_identification:_identify(venv/lib/python3.12/site-packages/numpy/ma/tests) by extension 'colcon_meta'
[0.614s] Level 1:colcon.colcon_core.package_identification:_identify(venv/lib/python3.12/site-packages/numpy/ma/tests) by extensions ['ros']
[0.614s] Level 1:colcon.colcon_core.package_identification:_identify(venv/lib/python3.12/site-packages/numpy/ma/tests) by extension 'ros'
[0.614s] Level 1:colcon.colcon_core.package_identification:_identify(venv/lib/python3.12/site-packages/numpy/ma/tests) by extensions ['cmake', 'python']
[0.614s] Level 1:colcon.colcon_core.package_identification:_identify(venv/lib/python3.12/site-packages/numpy/ma/tests) by extension 'cmake'
[0.614s] Level 1:colcon.colcon_core.package_identification:_identify(venv/lib/python3.12/site-packages/numpy/ma/tests) by extension 'python'
[0.614s] Level 1:colcon.colcon_core.package_identification:_identify(venv/lib/python3.12/site-packages/numpy/ma/tests) by extensions ['python_setup_py']
[0.614s] Level 1:colcon.colcon_core.package_identification:_identify(venv/lib/python3.12/site-packages/numpy/ma/tests) by extension 'python_setup_py'
[0.614s] Level 1:colcon.colcon_core.package_identification:_identify(venv/lib/python3.12/site-packages/numpy/ma/tests/__pycache__) by extensions ['ignore', 'ignore_ament_install']
[0.614s] Level 1:colcon.colcon_core.package_identification:_identify(venv/lib/python3.12/site-packages/numpy/ma/tests/__pycache__) by extension 'ignore'
[0.615s] Level 1:colcon.colcon_core.package_identification:_identify(venv/lib/python3.12/site-packages/numpy/ma/tests/__pycache__) by extension 'ignore_ament_install'
[0.615s] Level 1:colcon.colcon_core.package_identification:_identify(venv/lib/python3.12/site-packages/numpy/ma/tests/__pycache__) by extensions ['colcon_pkg']
[0.615s] Level 1:colcon.colcon_core.package_identification:_identify(venv/lib/python3.12/site-packages/numpy/ma/tests/__pycache__) by extension 'colcon_pkg'
[0.615s] Level 1:colcon.colcon_core.package_identification:_identify(venv/lib/python3.12/site-packages/numpy/ma/tests/__pycache__) by extensions ['colcon_meta']
[0.615s] Level 1:colcon.colcon_core.package_identification:_identify(venv/lib/python3.12/site-packages/numpy/ma/tests/__pycache__) by extension 'colcon_meta'
[0.615s] Level 1:colcon.colcon_core.package_identification:_identify(venv/lib/python3.12/site-packages/numpy/ma/tests/__pycache__) by extensions ['ros']
[0.615s] Level 1:colcon.colcon_core.package_identification:_identify(venv/lib/python3.12/site-packages/numpy/ma/tests/__pycache__) by extension 'ros'
[0.615s] Level 1:colcon.colcon_core.package_identification:_identify(venv/lib/python3.12/site-packages/numpy/ma/tests/__pycache__) by extensions ['cmake', 'python']
[0.615s] Level 1:colcon.colcon_core.package_identification:_identify(venv/lib/python3.12/site-packages/numpy/ma/tests/__pycache__) by extension 'cmake'
[0.615s] Level 1:colcon.colcon_core.package_identification:_identify(venv/lib/python3.12/site-packages/numpy/ma/tests/__pycache__) by extension 'python'
[0.615s] Level 1:colcon.colcon_core.package_identification:_identify(venv/lib/python3.12/site-packages/numpy/ma/tests/__pycache__) by extensions ['python_setup_py']
[0.615s] Level 1:colcon.colcon_core.package_identification:_identify(venv/lib/python3.12/site-packages/numpy/ma/tests/__pycache__) by extension 'python_setup_py'
[0.615s] Level 1:colcon.colcon_core.package_identification:_identify(venv/lib/python3.12/site-packages/numpy/matrixlib) by extensions ['ignore', 'ignore_ament_install']
[0.615s] Level 1:colcon.colcon_core.package_identification:_identify(venv/lib/python3.12/site-packages/numpy/matrixlib) by extension 'ignore'
[0.615s] Level 1:colcon.colcon_core.package_identification:_identify(venv/lib/python3.12/site-packages/numpy/matrixlib) by extension 'ignore_ament_install'
[0.615s] Level 1:colcon.colcon_core.package_identification:_identify(venv/lib/python3.12/site-packages/numpy/matrixlib) by extensions ['colcon_pkg']
[0.615s] Level 1:colcon.colcon_core.package_identification:_identify(venv/lib/python3.12/site-packages/numpy/matrixlib) by extension 'colcon_pkg'
[0.615s] Level 1:colcon.colcon_core.package_identification:_identify(venv/lib/python3.12/site-packages/numpy/matrixlib) by extensions ['colcon_meta']
[0.615s] Level 1:colcon.colcon_core.package_identification:_identify(venv/lib/python3.12/site-packages/numpy/matrixlib) by extension 'colcon_meta'
[0.615s] Level 1:colcon.colcon_core.package_identification:_identify(venv/lib/python3.12/site-packages/numpy/matrixlib) by extensions ['ros']
[0.615s] Level 1:colcon.colcon_core.package_identification:_identify(venv/lib/python3.12/site-packages/numpy/matrixlib) by extension 'ros'
[0.616s] Level 1:colcon.colcon_core.package_identification:_identify(venv/lib/python3.12/site-packages/numpy/matrixlib) by extensions ['cmake', 'python']
[0.616s] Level 1:colcon.colcon_core.package_identification:_identify(venv/lib/python3.12/site-packages/numpy/matrixlib) by extension 'cmake'
[0.616s] Level 1:colcon.colcon_core.package_identification:_identify(venv/lib/python3.12/site-packages/numpy/matrixlib) by extension 'python'
[0.616s] Level 1:colcon.colcon_core.package_identification:_identify(venv/lib/python3.12/site-packages/numpy/matrixlib) by extensions ['python_setup_py']
[0.616s] Level 1:colcon.colcon_core.package_identification:_identify(venv/lib/python3.12/site-packages/numpy/matrixlib) by extension 'python_setup_py'
[0.616s] Level 1:colcon.colcon_core.package_identification:_identify(venv/lib/python3.12/site-packages/numpy/matrixlib/__pycache__) by extensions ['ignore', 'ignore_ament_install']
[0.616s] Level 1:colcon.colcon_core.package_identification:_identify(venv/lib/python3.12/site-packages/numpy/matrixlib/__pycache__) by extension 'ignore'
[0.616s] Level 1:colcon.colcon_core.package_identification:_identify(venv/lib/python3.12/site-packages/numpy/matrixlib/__pycache__) by extension 'ignore_ament_install'
[0.616s] Level 1:colcon.colcon_core.package_identification:_identify(venv/lib/python3.12/site-packages/numpy/matrixlib/__pycache__) by extensions ['colcon_pkg']
[0.616s] Level 1:colcon.colcon_core.package_identification:_identify(venv/lib/python3.12/site-packages/numpy/matrixlib/__pycache__) by extension 'colcon_pkg'
[0.616s] Level 1:colcon.colcon_core.package_identification:_identify(venv/lib/python3.12/site-packages/numpy/matrixlib/__pycache__) by extensions ['colcon_meta']
[0.616s] Level 1:colcon.colcon_core.package_identification:_identify(venv/lib/python3.12/site-packages/numpy/matrixlib/__pycache__) by extension 'colcon_meta'
[0.616s] Level 1:colcon.colcon_core.package_identification:_identify(venv/lib/python3.12/site-packages/numpy/matrixlib/__pycache__) by extensions ['ros']
[0.616s] Level 1:colcon.colcon_core.package_identification:_identify(venv/lib/python3.12/site-packages/numpy/matrixlib/__pycache__) by extension 'ros'
[0.616s] Level 1:colcon.colcon_core.package_identification:_identify(venv/lib/python3.12/site-packages/numpy/matrixlib/__pycache__) by extensions ['cmake', 'python']
[0.616s] Level 1:colcon.colcon_core.package_identification:_identify(venv/lib/python3.12/site-packages/numpy/matrixlib/__pycache__) by extension 'cmake'
[0.616s] Level 1:colcon.colcon_core.package_identification:_identify(venv/lib/python3.12/site-packages/numpy/matrixlib/__pycache__) by extension 'python'
[0.616s] Level 1:colcon.colcon_core.package_identification:_identify(venv/lib/python3.12/site-packages/numpy/matrixlib/__pycache__) by extensions ['python_setup_py']
[0.616s] Level 1:colcon.colcon_core.package_identification:_identify(venv/lib/python3.12/site-packages/numpy/matrixlib/__pycache__) by extension 'python_setup_py'
[0.617s] Level 1:colcon.colcon_core.package_identification:_identify(venv/lib/python3.12/site-packages/numpy/matrixlib/tests) by extensions ['ignore', 'ignore_ament_install']
[0.617s] Level 1:colcon.colcon_core.package_identification:_identify(venv/lib/python3.12/site-packages/numpy/matrixlib/tests) by extension 'ignore'
[0.617s] Level 1:colcon.colcon_core.package_identification:_identify(venv/lib/python3.12/site-packages/numpy/matrixlib/tests) by extension 'ignore_ament_install'
[0.617s] Level 1:colcon.colcon_core.package_identification:_identify(venv/lib/python3.12/site-packages/numpy/matrixlib/tests) by extensions ['colcon_pkg']
[0.617s] Level 1:colcon.colcon_core.package_identification:_identify(venv/lib/python3.12/site-packages/numpy/matrixlib/tests) by extension 'colcon_pkg'
[0.617s] Level 1:colcon.colcon_core.package_identification:_identify(venv/lib/python3.12/site-packages/numpy/matrixlib/tests) by extensions ['colcon_meta']
[0.617s] Level 1:colcon.colcon_core.package_identification:_identify(venv/lib/python3.12/site-packages/numpy/matrixlib/tests) by extension 'colcon_meta'
[0.617s] Level 1:colcon.colcon_core.package_identification:_identify(venv/lib/python3.12/site-packages/numpy/matrixlib/tests) by extensions ['ros']
[0.617s] Level 1:colcon.colcon_core.package_identification:_identify(venv/lib/python3.12/site-packages/numpy/matrixlib/tests) by extension 'ros'
[0.617s] Level 1:colcon.colcon_core.package_identification:_identify(venv/lib/python3.12/site-packages/numpy/matrixlib/tests) by extensions ['cmake', 'python']
[0.617s] Level 1:colcon.colcon_core.package_identification:_identify(venv/lib/python3.12/site-packages/numpy/matrixlib/tests) by extension 'cmake'
[0.617s] Level 1:colcon.colcon_core.package_identification:_identify(venv/lib/python3.12/site-packages/numpy/matrixlib/tests) by extension 'python'
[0.617s] Level 1:colcon.colcon_core.package_identification:_identify(venv/lib/python3.12/site-packages/numpy/matrixlib/tests) by extensions ['python_setup_py']
[0.617s] Level 1:colcon.colcon_core.package_identification:_identify(venv/lib/python3.12/site-packages/numpy/matrixlib/tests) by extension 'python_setup_py'
[0.617s] Level 1:colcon.colcon_core.package_identification:_identify(venv/lib/python3.12/site-packages/numpy/matrixlib/tests/__pycache__) by extensions ['ignore', 'ignore_ament_install']
[0.617s] Level 1:colcon.colcon_core.package_identification:_identify(venv/lib/python3.12/site-packages/numpy/matrixlib/tests/__pycache__) by extension 'ignore'
[0.617s] Level 1:colcon.colcon_core.package_identification:_identify(venv/lib/python3.12/site-packages/numpy/matrixlib/tests/__pycache__) by extension 'ignore_ament_install'
[0.617s] Level 1:colcon.colcon_core.package_identification:_identify(venv/lib/python3.12/site-packages/numpy/matrixlib/tests/__pycache__) by extensions ['colcon_pkg']
[0.617s] Level 1:colcon.colcon_core.package_identification:_identify(venv/lib/python3.12/site-packages/numpy/matrixlib/tests/__pycache__) by extension 'colcon_pkg'
[0.617s] Level 1:colcon.colcon_core.package_identification:_identify(venv/lib/python3.12/site-packages/numpy/matrixlib/tests/__pycache__) by extensions ['colcon_meta']
[0.617s] Level 1:colcon.colcon_core.package_identification:_identify(venv/lib/python3.12/site-packages/numpy/matrixlib/tests/__pycache__) by extension 'colcon_meta'
[0.618s] Level 1:colcon.colcon_core.package_identification:_identify(venv/lib/python3.12/site-packages/numpy/matrixlib/tests/__pycache__) by extensions ['ros']
[0.618s] Level 1:colcon.colcon_core.package_identification:_identify(venv/lib/python3.12/site-packages/numpy/matrixlib/tests/__pycache__) by extension 'ros'
[0.618s] Level 1:colcon.colcon_core.package_identification:_identify(venv/lib/python3.12/site-packages/numpy/matrixlib/tests/__pycache__) by extensions ['cmake', 'python']
[0.618s] Level 1:colcon.colcon_core.package_identification:_identify(venv/lib/python3.12/site-packages/numpy/matrixlib/tests/__pycache__) by extension 'cmake'
[0.618s] Level 1:colcon.colcon_core.package_identification:_identify(venv/lib/python3.12/site-packages/numpy/matrixlib/tests/__pycache__) by extension 'python'
[0.618s] Level 1:colcon.colcon_core.package_identification:_identify(venv/lib/python3.12/site-packages/numpy/matrixlib/tests/__pycache__) by extensions ['python_setup_py']
[0.618s] Level 1:colcon.colcon_core.package_identification:_identify(venv/lib/python3.12/site-packages/numpy/matrixlib/tests/__pycache__) by extension 'python_setup_py'
[0.618s] Level 1:colcon.colcon_core.package_identification:_identify(venv/lib/python3.12/site-packages/numpy/polynomial) by extensions ['ignore', 'ignore_ament_install']
[0.618s] Level 1:colcon.colcon_core.package_identification:_identify(venv/lib/python3.12/site-packages/numpy/polynomial) by extension 'ignore'
[0.618s] Level 1:colcon.colcon_core.package_identification:_identify(venv/lib/python3.12/site-packages/numpy/polynomial) by extension 'ignore_ament_install'
[0.618s] Level 1:colcon.colcon_core.package_identification:_identify(venv/lib/python3.12/site-packages/numpy/polynomial) by extensions ['colcon_pkg']
[0.618s] Level 1:colcon.colcon_core.package_identification:_identify(venv/lib/python3.12/site-packages/numpy/polynomial) by extension 'colcon_pkg'
[0.618s] Level 1:colcon.colcon_core.package_identification:_identify(venv/lib/python3.12/site-packages/numpy/polynomial) by extensions ['colcon_meta']
[0.618s] Level 1:colcon.colcon_core.package_identification:_identify(venv/lib/python3.12/site-packages/numpy/polynomial) by extension 'colcon_meta'
[0.618s] Level 1:colcon.colcon_core.package_identification:_identify(venv/lib/python3.12/site-packages/numpy/polynomial) by extensions ['ros']
[0.618s] Level 1:colcon.colcon_core.package_identification:_identify(venv/lib/python3.12/site-packages/numpy/polynomial) by extension 'ros'
[0.618s] Level 1:colcon.colcon_core.package_identification:_identify(venv/lib/python3.12/site-packages/numpy/polynomial) by extensions ['cmake', 'python']
[0.618s] Level 1:colcon.colcon_core.package_identification:_identify(venv/lib/python3.12/site-packages/numpy/polynomial) by extension 'cmake'
[0.618s] Level 1:colcon.colcon_core.package_identification:_identify(venv/lib/python3.12/site-packages/numpy/polynomial) by extension 'python'
[0.618s] Level 1:colcon.colcon_core.package_identification:_identify(venv/lib/python3.12/site-packages/numpy/polynomial) by extensions ['python_setup_py']
[0.618s] Level 1:colcon.colcon_core.package_identification:_identify(venv/lib/python3.12/site-packages/numpy/polynomial) by extension 'python_setup_py'
[0.619s] Level 1:colcon.colcon_core.package_identification:_identify(venv/lib/python3.12/site-packages/numpy/polynomial/__pycache__) by extensions ['ignore', 'ignore_ament_install']
[0.619s] Level 1:colcon.colcon_core.package_identification:_identify(venv/lib/python3.12/site-packages/numpy/polynomial/__pycache__) by extension 'ignore'
[0.619s] Level 1:colcon.colcon_core.package_identification:_identify(venv/lib/python3.12/site-packages/numpy/polynomial/__pycache__) by extension 'ignore_ament_install'
[0.619s] Level 1:colcon.colcon_core.package_identification:_identify(venv/lib/python3.12/site-packages/numpy/polynomial/__pycache__) by extensions ['colcon_pkg']
[0.619s] Level 1:colcon.colcon_core.package_identification:_identify(venv/lib/python3.12/site-packages/numpy/polynomial/__pycache__) by extension 'colcon_pkg'
[0.619s] Level 1:colcon.colcon_core.package_identification:_identify(venv/lib/python3.12/site-packages/numpy/polynomial/__pycache__) by extensions ['colcon_meta']
[0.619s] Level 1:colcon.colcon_core.package_identification:_identify(venv/lib/python3.12/site-packages/numpy/polynomial/__pycache__) by extension 'colcon_meta'
[0.619s] Level 1:colcon.colcon_core.package_identification:_identify(venv/lib/python3.12/site-packages/numpy/polynomial/__pycache__) by extensions ['ros']
[0.619s] Level 1:colcon.colcon_core.package_identification:_identify(venv/lib/python3.12/site-packages/numpy/polynomial/__pycache__) by extension 'ros'
[0.619s] Level 1:colcon.colcon_core.package_identification:_identify(venv/lib/python3.12/site-packages/numpy/polynomial/__pycache__) by extensions ['cmake', 'python']
[0.619s] Level 1:colcon.colcon_core.package_identification:_identify(venv/lib/python3.12/site-packages/numpy/polynomial/__pycache__) by extension 'cmake'
[0.619s] Level 1:colcon.colcon_core.package_identification:_identify(venv/lib/python3.12/site-packages/numpy/polynomial/__pycache__) by extension 'python'
[0.619s] Level 1:colcon.colcon_core.package_identification:_identify(venv/lib/python3.12/site-packages/numpy/polynomial/__pycache__) by extensions ['python_setup_py']
[0.619s] Level 1:colcon.colcon_core.package_identification:_identify(venv/lib/python3.12/site-packages/numpy/polynomial/__pycache__) by extension 'python_setup_py'
[0.619s] Level 1:colcon.colcon_core.package_identification:_identify(venv/lib/python3.12/site-packages/numpy/polynomial/tests) by extensions ['ignore', 'ignore_ament_install']
[0.619s] Level 1:colcon.colcon_core.package_identification:_identify(venv/lib/python3.12/site-packages/numpy/polynomial/tests) by extension 'ignore'
[0.619s] Level 1:colcon.colcon_core.package_identification:_identify(venv/lib/python3.12/site-packages/numpy/polynomial/tests) by extension 'ignore_ament_install'
[0.619s] Level 1:colcon.colcon_core.package_identification:_identify(venv/lib/python3.12/site-packages/numpy/polynomial/tests) by extensions ['colcon_pkg']
[0.619s] Level 1:colcon.colcon_core.package_identification:_identify(venv/lib/python3.12/site-packages/numpy/polynomial/tests) by extension 'colcon_pkg'
[0.619s] Level 1:colcon.colcon_core.package_identification:_identify(venv/lib/python3.12/site-packages/numpy/polynomial/tests) by extensions ['colcon_meta']
[0.620s] Level 1:colcon.colcon_core.package_identification:_identify(venv/lib/python3.12/site-packages/numpy/polynomial/tests) by extension 'colcon_meta'
[0.620s] Level 1:colcon.colcon_core.package_identification:_identify(venv/lib/python3.12/site-packages/numpy/polynomial/tests) by extensions ['ros']
[0.620s] Level 1:colcon.colcon_core.package_identification:_identify(venv/lib/python3.12/site-packages/numpy/polynomial/tests) by extension 'ros'
[0.620s] Level 1:colcon.colcon_core.package_identification:_identify(venv/lib/python3.12/site-packages/numpy/polynomial/tests) by extensions ['cmake', 'python']
[0.620s] Level 1:colcon.colcon_core.package_identification:_identify(venv/lib/python3.12/site-packages/numpy/polynomial/tests) by extension 'cmake'
[0.620s] Level 1:colcon.colcon_core.package_identification:_identify(venv/lib/python3.12/site-packages/numpy/polynomial/tests) by extension 'python'
[0.620s] Level 1:colcon.colcon_core.package_identification:_identify(venv/lib/python3.12/site-packages/numpy/polynomial/tests) by extensions ['python_setup_py']
[0.620s] Level 1:colcon.colcon_core.package_identification:_identify(venv/lib/python3.12/site-packages/numpy/polynomial/tests) by extension 'python_setup_py'
[0.620s] Level 1:colcon.colcon_core.package_identification:_identify(venv/lib/python3.12/site-packages/numpy/polynomial/tests/__pycache__) by extensions ['ignore', 'ignore_ament_install']
[0.620s] Level 1:colcon.colcon_core.package_identification:_identify(venv/lib/python3.12/site-packages/numpy/polynomial/tests/__pycache__) by extension 'ignore'
[0.620s] Level 1:colcon.colcon_core.package_identification:_identify(venv/lib/python3.12/site-packages/numpy/polynomial/tests/__pycache__) by extension 'ignore_ament_install'
[0.620s] Level 1:colcon.colcon_core.package_identification:_identify(venv/lib/python3.12/site-packages/numpy/polynomial/tests/__pycache__) by extensions ['colcon_pkg']
[0.620s] Level 1:colcon.colcon_core.package_identification:_identify(venv/lib/python3.12/site-packages/numpy/polynomial/tests/__pycache__) by extension 'colcon_pkg'
[0.620s] Level 1:colcon.colcon_core.package_identification:_identify(venv/lib/python3.12/site-packages/numpy/polynomial/tests/__pycache__) by extensions ['colcon_meta']
[0.620s] Level 1:colcon.colcon_core.package_identification:_identify(venv/lib/python3.12/site-packages/numpy/polynomial/tests/__pycache__) by extension 'colcon_meta'
[0.620s] Level 1:colcon.colcon_core.package_identification:_identify(venv/lib/python3.12/site-packages/numpy/polynomial/tests/__pycache__) by extensions ['ros']
[0.620s] Level 1:colcon.colcon_core.package_identification:_identify(venv/lib/python3.12/site-packages/numpy/polynomial/tests/__pycache__) by extension 'ros'
[0.620s] Level 1:colcon.colcon_core.package_identification:_identify(venv/lib/python3.12/site-packages/numpy/polynomial/tests/__pycache__) by extensions ['cmake', 'python']
[0.620s] Level 1:colcon.colcon_core.package_identification:_identify(venv/lib/python3.12/site-packages/numpy/polynomial/tests/__pycache__) by extension 'cmake'
[0.620s] Level 1:colcon.colcon_core.package_identification:_identify(venv/lib/python3.12/site-packages/numpy/polynomial/tests/__pycache__) by extension 'python'
[0.620s] Level 1:colcon.colcon_core.package_identification:_identify(venv/lib/python3.12/site-packages/numpy/polynomial/tests/__pycache__) by extensions ['python_setup_py']
[0.621s] Level 1:colcon.colcon_core.package_identification:_identify(venv/lib/python3.12/site-packages/numpy/polynomial/tests/__pycache__) by extension 'python_setup_py'
[0.621s] Level 1:colcon.colcon_core.package_identification:_identify(venv/lib/python3.12/site-packages/numpy/random) by extensions ['ignore', 'ignore_ament_install']
[0.621s] Level 1:colcon.colcon_core.package_identification:_identify(venv/lib/python3.12/site-packages/numpy/random) by extension 'ignore'
[0.621s] Level 1:colcon.colcon_core.package_identification:_identify(venv/lib/python3.12/site-packages/numpy/random) by extension 'ignore_ament_install'
[0.621s] Level 1:colcon.colcon_core.package_identification:_identify(venv/lib/python3.12/site-packages/numpy/random) by extensions ['colcon_pkg']
[0.621s] Level 1:colcon.colcon_core.package_identification:_identify(venv/lib/python3.12/site-packages/numpy/random) by extension 'colcon_pkg'
[0.621s] Level 1:colcon.colcon_core.package_identification:_identify(venv/lib/python3.12/site-packages/numpy/random) by extensions ['colcon_meta']
[0.621s] Level 1:colcon.colcon_core.package_identification:_identify(venv/lib/python3.12/site-packages/numpy/random) by extension 'colcon_meta'
[0.621s] Level 1:colcon.colcon_core.package_identification:_identify(venv/lib/python3.12/site-packages/numpy/random) by extensions ['ros']
[0.621s] Level 1:colcon.colcon_core.package_identification:_identify(venv/lib/python3.12/site-packages/numpy/random) by extension 'ros'
[0.621s] Level 1:colcon.colcon_core.package_identification:_identify(venv/lib/python3.12/site-packages/numpy/random) by extensions ['cmake', 'python']
[0.621s] Level 1:colcon.colcon_core.package_identification:_identify(venv/lib/python3.12/site-packages/numpy/random) by extension 'cmake'
[0.621s] Level 1:colcon.colcon_core.package_identification:_identify(venv/lib/python3.12/site-packages/numpy/random) by extension 'python'
[0.621s] Level 1:colcon.colcon_core.package_identification:_identify(venv/lib/python3.12/site-packages/numpy/random) by extensions ['python_setup_py']
[0.621s] Level 1:colcon.colcon_core.package_identification:_identify(venv/lib/python3.12/site-packages/numpy/random) by extension 'python_setup_py'
[0.621s] Level 1:colcon.colcon_core.package_identification:_identify(venv/lib/python3.12/site-packages/numpy/random/__pycache__) by extensions ['ignore', 'ignore_ament_install']
[0.621s] Level 1:colcon.colcon_core.package_identification:_identify(venv/lib/python3.12/site-packages/numpy/random/__pycache__) by extension 'ignore'
[0.621s] Level 1:colcon.colcon_core.package_identification:_identify(venv/lib/python3.12/site-packages/numpy/random/__pycache__) by extension 'ignore_ament_install'
[0.621s] Level 1:colcon.colcon_core.package_identification:_identify(venv/lib/python3.12/site-packages/numpy/random/__pycache__) by extensions ['colcon_pkg']
[0.622s] Level 1:colcon.colcon_core.package_identification:_identify(venv/lib/python3.12/site-packages/numpy/random/__pycache__) by extension 'colcon_pkg'
[0.622s] Level 1:colcon.colcon_core.package_identification:_identify(venv/lib/python3.12/site-packages/numpy/random/__pycache__) by extensions ['colcon_meta']
[0.622s] Level 1:colcon.colcon_core.package_identification:_identify(venv/lib/python3.12/site-packages/numpy/random/__pycache__) by extension 'colcon_meta'
[0.622s] Level 1:colcon.colcon_core.package_identification:_identify(venv/lib/python3.12/site-packages/numpy/random/__pycache__) by extensions ['ros']
[0.622s] Level 1:colcon.colcon_core.package_identification:_identify(venv/lib/python3.12/site-packages/numpy/random/__pycache__) by extension 'ros'
[0.622s] Level 1:colcon.colcon_core.package_identification:_identify(venv/lib/python3.12/site-packages/numpy/random/__pycache__) by extensions ['cmake', 'python']
[0.622s] Level 1:colcon.colcon_core.package_identification:_identify(venv/lib/python3.12/site-packages/numpy/random/__pycache__) by extension 'cmake'
[0.622s] Level 1:colcon.colcon_core.package_identification:_identify(venv/lib/python3.12/site-packages/numpy/random/__pycache__) by extension 'python'
[0.622s] Level 1:colcon.colcon_core.package_identification:_identify(venv/lib/python3.12/site-packages/numpy/random/__pycache__) by extensions ['python_setup_py']
[0.622s] Level 1:colcon.colcon_core.package_identification:_identify(venv/lib/python3.12/site-packages/numpy/random/__pycache__) by extension 'python_setup_py'
[0.622s] Level 1:colcon.colcon_core.package_identification:_identify(venv/lib/python3.12/site-packages/numpy/random/_examples) by extensions ['ignore', 'ignore_ament_install']
[0.622s] Level 1:colcon.colcon_core.package_identification:_identify(venv/lib/python3.12/site-packages/numpy/random/_examples) by extension 'ignore'
[0.622s] Level 1:colcon.colcon_core.package_identification:_identify(venv/lib/python3.12/site-packages/numpy/random/_examples) by extension 'ignore_ament_install'
[0.622s] Level 1:colcon.colcon_core.package_identification:_identify(venv/lib/python3.12/site-packages/numpy/random/_examples) by extensions ['colcon_pkg']
[0.622s] Level 1:colcon.colcon_core.package_identification:_identify(venv/lib/python3.12/site-packages/numpy/random/_examples) by extension 'colcon_pkg'
[0.622s] Level 1:colcon.colcon_core.package_identification:_identify(venv/lib/python3.12/site-packages/numpy/random/_examples) by extensions ['colcon_meta']
[0.622s] Level 1:colcon.colcon_core.package_identification:_identify(venv/lib/python3.12/site-packages/numpy/random/_examples) by extension 'colcon_meta'
[0.622s] Level 1:colcon.colcon_core.package_identification:_identify(venv/lib/python3.12/site-packages/numpy/random/_examples) by extensions ['ros']
[0.622s] Level 1:colcon.colcon_core.package_identification:_identify(venv/lib/python3.12/site-packages/numpy/random/_examples) by extension 'ros'
[0.622s] Level 1:colcon.colcon_core.package_identification:_identify(venv/lib/python3.12/site-packages/numpy/random/_examples) by extensions ['cmake', 'python']
[0.622s] Level 1:colcon.colcon_core.package_identification:_identify(venv/lib/python3.12/site-packages/numpy/random/_examples) by extension 'cmake'
[0.622s] Level 1:colcon.colcon_core.package_identification:_identify(venv/lib/python3.12/site-packages/numpy/random/_examples) by extension 'python'
[0.623s] Level 1:colcon.colcon_core.package_identification:_identify(venv/lib/python3.12/site-packages/numpy/random/_examples) by extensions ['python_setup_py']
[0.623s] Level 1:colcon.colcon_core.package_identification:_identify(venv/lib/python3.12/site-packages/numpy/random/_examples) by extension 'python_setup_py'
[0.623s] Level 1:colcon.colcon_core.package_identification:_identify(venv/lib/python3.12/site-packages/numpy/random/_examples/cffi) by extensions ['ignore', 'ignore_ament_install']
[0.623s] Level 1:colcon.colcon_core.package_identification:_identify(venv/lib/python3.12/site-packages/numpy/random/_examples/cffi) by extension 'ignore'
[0.623s] Level 1:colcon.colcon_core.package_identification:_identify(venv/lib/python3.12/site-packages/numpy/random/_examples/cffi) by extension 'ignore_ament_install'
[0.623s] Level 1:colcon.colcon_core.package_identification:_identify(venv/lib/python3.12/site-packages/numpy/random/_examples/cffi) by extensions ['colcon_pkg']
[0.623s] Level 1:colcon.colcon_core.package_identification:_identify(venv/lib/python3.12/site-packages/numpy/random/_examples/cffi) by extension 'colcon_pkg'
[0.623s] Level 1:colcon.colcon_core.package_identification:_identify(venv/lib/python3.12/site-packages/numpy/random/_examples/cffi) by extensions ['colcon_meta']
[0.623s] Level 1:colcon.colcon_core.package_identification:_identify(venv/lib/python3.12/site-packages/numpy/random/_examples/cffi) by extension 'colcon_meta'
[0.623s] Level 1:colcon.colcon_core.package_identification:_identify(venv/lib/python3.12/site-packages/numpy/random/_examples/cffi) by extensions ['ros']
[0.623s] Level 1:colcon.colcon_core.package_identification:_identify(venv/lib/python3.12/site-packages/numpy/random/_examples/cffi) by extension 'ros'
[0.623s] Level 1:colcon.colcon_core.package_identification:_identify(venv/lib/python3.12/site-packages/numpy/random/_examples/cffi) by extensions ['cmake', 'python']
[0.623s] Level 1:colcon.colcon_core.package_identification:_identify(venv/lib/python3.12/site-packages/numpy/random/_examples/cffi) by extension 'cmake'
[0.623s] Level 1:colcon.colcon_core.package_identification:_identify(venv/lib/python3.12/site-packages/numpy/random/_examples/cffi) by extension 'python'
[0.623s] Level 1:colcon.colcon_core.package_identification:_identify(venv/lib/python3.12/site-packages/numpy/random/_examples/cffi) by extensions ['python_setup_py']
[0.623s] Level 1:colcon.colcon_core.package_identification:_identify(venv/lib/python3.12/site-packages/numpy/random/_examples/cffi) by extension 'python_setup_py'
[0.623s] Level 1:colcon.colcon_core.package_identification:_identify(venv/lib/python3.12/site-packages/numpy/random/_examples/cffi/__pycache__) by extensions ['ignore', 'ignore_ament_install']
[0.623s] Level 1:colcon.colcon_core.package_identification:_identify(venv/lib/python3.12/site-packages/numpy/random/_examples/cffi/__pycache__) by extension 'ignore'
[0.623s] Level 1:colcon.colcon_core.package_identification:_identify(venv/lib/python3.12/site-packages/numpy/random/_examples/cffi/__pycache__) by extension 'ignore_ament_install'
[0.624s] Level 1:colcon.colcon_core.package_identification:_identify(venv/lib/python3.12/site-packages/numpy/random/_examples/cffi/__pycache__) by extensions ['colcon_pkg']
[0.624s] Level 1:colcon.colcon_core.package_identification:_identify(venv/lib/python3.12/site-packages/numpy/random/_examples/cffi/__pycache__) by extension 'colcon_pkg'
[0.624s] Level 1:colcon.colcon_core.package_identification:_identify(venv/lib/python3.12/site-packages/numpy/random/_examples/cffi/__pycache__) by extensions ['colcon_meta']
[0.624s] Level 1:colcon.colcon_core.package_identification:_identify(venv/lib/python3.12/site-packages/numpy/random/_examples/cffi/__pycache__) by extension 'colcon_meta'
[0.624s] Level 1:colcon.colcon_core.package_identification:_identify(venv/lib/python3.12/site-packages/numpy/random/_examples/cffi/__pycache__) by extensions ['ros']
[0.624s] Level 1:colcon.colcon_core.package_identification:_identify(venv/lib/python3.12/site-packages/numpy/random/_examples/cffi/__pycache__) by extension 'ros'
[0.624s] Level 1:colcon.colcon_core.package_identification:_identify(venv/lib/python3.12/site-packages/numpy/random/_examples/cffi/__pycache__) by extensions ['cmake', 'python']
[0.624s] Level 1:colcon.colcon_core.package_identification:_identify(venv/lib/python3.12/site-packages/numpy/random/_examples/cffi/__pycache__) by extension 'cmake'
[0.624s] Level 1:colcon.colcon_core.package_identification:_identify(venv/lib/python3.12/site-packages/numpy/random/_examples/cffi/__pycache__) by extension 'python'
[0.624s] Level 1:colcon.colcon_core.package_identification:_identify(venv/lib/python3.12/site-packages/numpy/random/_examples/cffi/__pycache__) by extensions ['python_setup_py']
[0.624s] Level 1:colcon.colcon_core.package_identification:_identify(venv/lib/python3.12/site-packages/numpy/random/_examples/cffi/__pycache__) by extension 'python_setup_py'
[0.624s] Level 1:colcon.colcon_core.package_identification:_identify(venv/lib/python3.12/site-packages/numpy/random/_examples/cython) by extensions ['ignore', 'ignore_ament_install']
[0.624s] Level 1:colcon.colcon_core.package_identification:_identify(venv/lib/python3.12/site-packages/numpy/random/_examples/cython) by extension 'ignore'
[0.624s] Level 1:colcon.colcon_core.package_identification:_identify(venv/lib/python3.12/site-packages/numpy/random/_examples/cython) by extension 'ignore_ament_install'
[0.624s] Level 1:colcon.colcon_core.package_identification:_identify(venv/lib/python3.12/site-packages/numpy/random/_examples/cython) by extensions ['colcon_pkg']
[0.624s] Level 1:colcon.colcon_core.package_identification:_identify(venv/lib/python3.12/site-packages/numpy/random/_examples/cython) by extension 'colcon_pkg'
[0.624s] Level 1:colcon.colcon_core.package_identification:_identify(venv/lib/python3.12/site-packages/numpy/random/_examples/cython) by extensions ['colcon_meta']
[0.624s] Level 1:colcon.colcon_core.package_identification:_identify(venv/lib/python3.12/site-packages/numpy/random/_examples/cython) by extension 'colcon_meta'
[0.624s] Level 1:colcon.colcon_core.package_identification:_identify(venv/lib/python3.12/site-packages/numpy/random/_examples/cython) by extensions ['ros']
[0.624s] Level 1:colcon.colcon_core.package_identification:_identify(venv/lib/python3.12/site-packages/numpy/random/_examples/cython) by extension 'ros'
[0.625s] Level 1:colcon.colcon_core.package_identification:_identify(venv/lib/python3.12/site-packages/numpy/random/_examples/cython) by extensions ['cmake', 'python']
[0.625s] Level 1:colcon.colcon_core.package_identification:_identify(venv/lib/python3.12/site-packages/numpy/random/_examples/cython) by extension 'cmake'
[0.625s] Level 1:colcon.colcon_core.package_identification:_identify(venv/lib/python3.12/site-packages/numpy/random/_examples/cython) by extension 'python'
[0.625s] Level 1:colcon.colcon_core.package_identification:_identify(venv/lib/python3.12/site-packages/numpy/random/_examples/cython) by extensions ['python_setup_py']
[0.625s] Level 1:colcon.colcon_core.package_identification:_identify(venv/lib/python3.12/site-packages/numpy/random/_examples/cython) by extension 'python_setup_py'
[0.625s] Level 1:colcon.colcon_core.package_identification:_identify(venv/lib/python3.12/site-packages/numpy/random/_examples/numba) by extensions ['ignore', 'ignore_ament_install']
[0.625s] Level 1:colcon.colcon_core.package_identification:_identify(venv/lib/python3.12/site-packages/numpy/random/_examples/numba) by extension 'ignore'
[0.625s] Level 1:colcon.colcon_core.package_identification:_identify(venv/lib/python3.12/site-packages/numpy/random/_examples/numba) by extension 'ignore_ament_install'
[0.625s] Level 1:colcon.colcon_core.package_identification:_identify(venv/lib/python3.12/site-packages/numpy/random/_examples/numba) by extensions ['colcon_pkg']
[0.625s] Level 1:colcon.colcon_core.package_identification:_identify(venv/lib/python3.12/site-packages/numpy/random/_examples/numba) by extension 'colcon_pkg'
[0.625s] Level 1:colcon.colcon_core.package_identification:_identify(venv/lib/python3.12/site-packages/numpy/random/_examples/numba) by extensions ['colcon_meta']
[0.625s] Level 1:colcon.colcon_core.package_identification:_identify(venv/lib/python3.12/site-packages/numpy/random/_examples/numba) by extension 'colcon_meta'
[0.625s] Level 1:colcon.colcon_core.package_identification:_identify(venv/lib/python3.12/site-packages/numpy/random/_examples/numba) by extensions ['ros']
[0.625s] Level 1:colcon.colcon_core.package_identification:_identify(venv/lib/python3.12/site-packages/numpy/random/_examples/numba) by extension 'ros'
[0.625s] Level 1:colcon.colcon_core.package_identification:_identify(venv/lib/python3.12/site-packages/numpy/random/_examples/numba) by extensions ['cmake', 'python']
[0.625s] Level 1:colcon.colcon_core.package_identification:_identify(venv/lib/python3.12/site-packages/numpy/random/_examples/numba) by extension 'cmake'
[0.625s] Level 1:colcon.colcon_core.package_identification:_identify(venv/lib/python3.12/site-packages/numpy/random/_examples/numba) by extension 'python'
[0.625s] Level 1:colcon.colcon_core.package_identification:_identify(venv/lib/python3.12/site-packages/numpy/random/_examples/numba) by extensions ['python_setup_py']
[0.625s] Level 1:colcon.colcon_core.package_identification:_identify(venv/lib/python3.12/site-packages/numpy/random/_examples/numba) by extension 'python_setup_py'
[0.625s] Level 1:colcon.colcon_core.package_identification:_identify(venv/lib/python3.12/site-packages/numpy/random/_examples/numba/__pycache__) by extensions ['ignore', 'ignore_ament_install']
[0.626s] Level 1:colcon.colcon_core.package_identification:_identify(venv/lib/python3.12/site-packages/numpy/random/_examples/numba/__pycache__) by extension 'ignore'
[0.626s] Level 1:colcon.colcon_core.package_identification:_identify(venv/lib/python3.12/site-packages/numpy/random/_examples/numba/__pycache__) by extension 'ignore_ament_install'
[0.626s] Level 1:colcon.colcon_core.package_identification:_identify(venv/lib/python3.12/site-packages/numpy/random/_examples/numba/__pycache__) by extensions ['colcon_pkg']
[0.626s] Level 1:colcon.colcon_core.package_identification:_identify(venv/lib/python3.12/site-packages/numpy/random/_examples/numba/__pycache__) by extension 'colcon_pkg'
[0.626s] Level 1:colcon.colcon_core.package_identification:_identify(venv/lib/python3.12/site-packages/numpy/random/_examples/numba/__pycache__) by extensions ['colcon_meta']
[0.626s] Level 1:colcon.colcon_core.package_identification:_identify(venv/lib/python3.12/site-packages/numpy/random/_examples/numba/__pycache__) by extension 'colcon_meta'
[0.626s] Level 1:colcon.colcon_core.package_identification:_identify(venv/lib/python3.12/site-packages/numpy/random/_examples/numba/__pycache__) by extensions ['ros']
[0.626s] Level 1:colcon.colcon_core.package_identification:_identify(venv/lib/python3.12/site-packages/numpy/random/_examples/numba/__pycache__) by extension 'ros'
[0.626s] Level 1:colcon.colcon_core.package_identification:_identify(venv/lib/python3.12/site-packages/numpy/random/_examples/numba/__pycache__) by extensions ['cmake', 'python']
[0.626s] Level 1:colcon.colcon_core.package_identification:_identify(venv/lib/python3.12/site-packages/numpy/random/_examples/numba/__pycache__) by extension 'cmake'
[0.626s] Level 1:colcon.colcon_core.package_identification:_identify(venv/lib/python3.12/site-packages/numpy/random/_examples/numba/__pycache__) by extension 'python'
[0.626s] Level 1:colcon.colcon_core.package_identification:_identify(venv/lib/python3.12/site-packages/numpy/random/_examples/numba/__pycache__) by extensions ['python_setup_py']
[0.626s] Level 1:colcon.colcon_core.package_identification:_identify(venv/lib/python3.12/site-packages/numpy/random/_examples/numba/__pycache__) by extension 'python_setup_py'
[0.626s] Level 1:colcon.colcon_core.package_identification:_identify(venv/lib/python3.12/site-packages/numpy/random/lib) by extensions ['ignore', 'ignore_ament_install']
[0.626s] Level 1:colcon.colcon_core.package_identification:_identify(venv/lib/python3.12/site-packages/numpy/random/lib) by extension 'ignore'
[0.626s] Level 1:colcon.colcon_core.package_identification:_identify(venv/lib/python3.12/site-packages/numpy/random/lib) by extension 'ignore_ament_install'
[0.626s] Level 1:colcon.colcon_core.package_identification:_identify(venv/lib/python3.12/site-packages/numpy/random/lib) by extensions ['colcon_pkg']
[0.626s] Level 1:colcon.colcon_core.package_identification:_identify(venv/lib/python3.12/site-packages/numpy/random/lib) by extension 'colcon_pkg'
[0.626s] Level 1:colcon.colcon_core.package_identification:_identify(venv/lib/python3.12/site-packages/numpy/random/lib) by extensions ['colcon_meta']
[0.626s] Level 1:colcon.colcon_core.package_identification:_identify(venv/lib/python3.12/site-packages/numpy/random/lib) by extension 'colcon_meta'
[0.626s] Level 1:colcon.colcon_core.package_identification:_identify(venv/lib/python3.12/site-packages/numpy/random/lib) by extensions ['ros']
[0.627s] Level 1:colcon.colcon_core.package_identification:_identify(venv/lib/python3.12/site-packages/numpy/random/lib) by extension 'ros'
[0.627s] Level 1:colcon.colcon_core.package_identification:_identify(venv/lib/python3.12/site-packages/numpy/random/lib) by extensions ['cmake', 'python']
[0.627s] Level 1:colcon.colcon_core.package_identification:_identify(venv/lib/python3.12/site-packages/numpy/random/lib) by extension 'cmake'
[0.627s] Level 1:colcon.colcon_core.package_identification:_identify(venv/lib/python3.12/site-packages/numpy/random/lib) by extension 'python'
[0.627s] Level 1:colcon.colcon_core.package_identification:_identify(venv/lib/python3.12/site-packages/numpy/random/lib) by extensions ['python_setup_py']
[0.627s] Level 1:colcon.colcon_core.package_identification:_identify(venv/lib/python3.12/site-packages/numpy/random/lib) by extension 'python_setup_py'
[0.627s] Level 1:colcon.colcon_core.package_identification:_identify(venv/lib/python3.12/site-packages/numpy/random/tests) by extensions ['ignore', 'ignore_ament_install']
[0.627s] Level 1:colcon.colcon_core.package_identification:_identify(venv/lib/python3.12/site-packages/numpy/random/tests) by extension 'ignore'
[0.627s] Level 1:colcon.colcon_core.package_identification:_identify(venv/lib/python3.12/site-packages/numpy/random/tests) by extension 'ignore_ament_install'
[0.627s] Level 1:colcon.colcon_core.package_identification:_identify(venv/lib/python3.12/site-packages/numpy/random/tests) by extensions ['colcon_pkg']
[0.627s] Level 1:colcon.colcon_core.package_identification:_identify(venv/lib/python3.12/site-packages/numpy/random/tests) by extension 'colcon_pkg'
[0.627s] Level 1:colcon.colcon_core.package_identification:_identify(venv/lib/python3.12/site-packages/numpy/random/tests) by extensions ['colcon_meta']
[0.627s] Level 1:colcon.colcon_core.package_identification:_identify(venv/lib/python3.12/site-packages/numpy/random/tests) by extension 'colcon_meta'
[0.627s] Level 1:colcon.colcon_core.package_identification:_identify(venv/lib/python3.12/site-packages/numpy/random/tests) by extensions ['ros']
[0.627s] Level 1:colcon.colcon_core.package_identification:_identify(venv/lib/python3.12/site-packages/numpy/random/tests) by extension 'ros'
[0.627s] Level 1:colcon.colcon_core.package_identification:_identify(venv/lib/python3.12/site-packages/numpy/random/tests) by extensions ['cmake', 'python']
[0.627s] Level 1:colcon.colcon_core.package_identification:_identify(venv/lib/python3.12/site-packages/numpy/random/tests) by extension 'cmake'
[0.627s] Level 1:colcon.colcon_core.package_identification:_identify(venv/lib/python3.12/site-packages/numpy/random/tests) by extension 'python'
[0.627s] Level 1:colcon.colcon_core.package_identification:_identify(venv/lib/python3.12/site-packages/numpy/random/tests) by extensions ['python_setup_py']
[0.627s] Level 1:colcon.colcon_core.package_identification:_identify(venv/lib/python3.12/site-packages/numpy/random/tests) by extension 'python_setup_py'
[0.628s] Level 1:colcon.colcon_core.package_identification:_identify(venv/lib/python3.12/site-packages/numpy/random/tests/__pycache__) by extensions ['ignore', 'ignore_ament_install']
[0.628s] Level 1:colcon.colcon_core.package_identification:_identify(venv/lib/python3.12/site-packages/numpy/random/tests/__pycache__) by extension 'ignore'
[0.628s] Level 1:colcon.colcon_core.package_identification:_identify(venv/lib/python3.12/site-packages/numpy/random/tests/__pycache__) by extension 'ignore_ament_install'
[0.628s] Level 1:colcon.colcon_core.package_identification:_identify(venv/lib/python3.12/site-packages/numpy/random/tests/__pycache__) by extensions ['colcon_pkg']
[0.628s] Level 1:colcon.colcon_core.package_identification:_identify(venv/lib/python3.12/site-packages/numpy/random/tests/__pycache__) by extension 'colcon_pkg'
[0.628s] Level 1:colcon.colcon_core.package_identification:_identify(venv/lib/python3.12/site-packages/numpy/random/tests/__pycache__) by extensions ['colcon_meta']
[0.628s] Level 1:colcon.colcon_core.package_identification:_identify(venv/lib/python3.12/site-packages/numpy/random/tests/__pycache__) by extension 'colcon_meta'
[0.628s] Level 1:colcon.colcon_core.package_identification:_identify(venv/lib/python3.12/site-packages/numpy/random/tests/__pycache__) by extensions ['ros']
[0.628s] Level 1:colcon.colcon_core.package_identification:_identify(venv/lib/python3.12/site-packages/numpy/random/tests/__pycache__) by extension 'ros'
[0.628s] Level 1:colcon.colcon_core.package_identification:_identify(venv/lib/python3.12/site-packages/numpy/random/tests/__pycache__) by extensions ['cmake', 'python']
[0.628s] Level 1:colcon.colcon_core.package_identification:_identify(venv/lib/python3.12/site-packages/numpy/random/tests/__pycache__) by extension 'cmake'
[0.628s] Level 1:colcon.colcon_core.package_identification:_identify(venv/lib/python3.12/site-packages/numpy/random/tests/__pycache__) by extension 'python'
[0.628s] Level 1:colcon.colcon_core.package_identification:_identify(venv/lib/python3.12/site-packages/numpy/random/tests/__pycache__) by extensions ['python_setup_py']
[0.628s] Level 1:colcon.colcon_core.package_identification:_identify(venv/lib/python3.12/site-packages/numpy/random/tests/__pycache__) by extension 'python_setup_py'
[0.628s] Level 1:colcon.colcon_core.package_identification:_identify(venv/lib/python3.12/site-packages/numpy/random/tests/data) by extensions ['ignore', 'ignore_ament_install']
[0.628s] Level 1:colcon.colcon_core.package_identification:_identify(venv/lib/python3.12/site-packages/numpy/random/tests/data) by extension 'ignore'
[0.628s] Level 1:colcon.colcon_core.package_identification:_identify(venv/lib/python3.12/site-packages/numpy/random/tests/data) by extension 'ignore_ament_install'
[0.628s] Level 1:colcon.colcon_core.package_identification:_identify(venv/lib/python3.12/site-packages/numpy/random/tests/data) by extensions ['colcon_pkg']
[0.628s] Level 1:colcon.colcon_core.package_identification:_identify(venv/lib/python3.12/site-packages/numpy/random/tests/data) by extension 'colcon_pkg'
[0.628s] Level 1:colcon.colcon_core.package_identification:_identify(venv/lib/python3.12/site-packages/numpy/random/tests/data) by extensions ['colcon_meta']
[0.628s] Level 1:colcon.colcon_core.package_identification:_identify(venv/lib/python3.12/site-packages/numpy/random/tests/data) by extension 'colcon_meta'
[0.629s] Level 1:colcon.colcon_core.package_identification:_identify(venv/lib/python3.12/site-packages/numpy/random/tests/data) by extensions ['ros']
[0.629s] Level 1:colcon.colcon_core.package_identification:_identify(venv/lib/python3.12/site-packages/numpy/random/tests/data) by extension 'ros'
[0.629s] Level 1:colcon.colcon_core.package_identification:_identify(venv/lib/python3.12/site-packages/numpy/random/tests/data) by extensions ['cmake', 'python']
[0.629s] Level 1:colcon.colcon_core.package_identification:_identify(venv/lib/python3.12/site-packages/numpy/random/tests/data) by extension 'cmake'
[0.629s] Level 1:colcon.colcon_core.package_identification:_identify(venv/lib/python3.12/site-packages/numpy/random/tests/data) by extension 'python'
[0.629s] Level 1:colcon.colcon_core.package_identification:_identify(venv/lib/python3.12/site-packages/numpy/random/tests/data) by extensions ['python_setup_py']
[0.629s] Level 1:colcon.colcon_core.package_identification:_identify(venv/lib/python3.12/site-packages/numpy/random/tests/data) by extension 'python_setup_py'
[0.629s] Level 1:colcon.colcon_core.package_identification:_identify(venv/lib/python3.12/site-packages/numpy/random/tests/data/__pycache__) by extensions ['ignore', 'ignore_ament_install']
[0.629s] Level 1:colcon.colcon_core.package_identification:_identify(venv/lib/python3.12/site-packages/numpy/random/tests/data/__pycache__) by extension 'ignore'
[0.629s] Level 1:colcon.colcon_core.package_identification:_identify(venv/lib/python3.12/site-packages/numpy/random/tests/data/__pycache__) by extension 'ignore_ament_install'
[0.629s] Level 1:colcon.colcon_core.package_identification:_identify(venv/lib/python3.12/site-packages/numpy/random/tests/data/__pycache__) by extensions ['colcon_pkg']
[0.629s] Level 1:colcon.colcon_core.package_identification:_identify(venv/lib/python3.12/site-packages/numpy/random/tests/data/__pycache__) by extension 'colcon_pkg'
[0.629s] Level 1:colcon.colcon_core.package_identification:_identify(venv/lib/python3.12/site-packages/numpy/random/tests/data/__pycache__) by extensions ['colcon_meta']
[0.629s] Level 1:colcon.colcon_core.package_identification:_identify(venv/lib/python3.12/site-packages/numpy/random/tests/data/__pycache__) by extension 'colcon_meta'
[0.629s] Level 1:colcon.colcon_core.package_identification:_identify(venv/lib/python3.12/site-packages/numpy/random/tests/data/__pycache__) by extensions ['ros']
[0.629s] Level 1:colcon.colcon_core.package_identification:_identify(venv/lib/python3.12/site-packages/numpy/random/tests/data/__pycache__) by extension 'ros'
[0.629s] Level 1:colcon.colcon_core.package_identification:_identify(venv/lib/python3.12/site-packages/numpy/random/tests/data/__pycache__) by extensions ['cmake', 'python']
[0.629s] Level 1:colcon.colcon_core.package_identification:_identify(venv/lib/python3.12/site-packages/numpy/random/tests/data/__pycache__) by extension 'cmake'
[0.629s] Level 1:colcon.colcon_core.package_identification:_identify(venv/lib/python3.12/site-packages/numpy/random/tests/data/__pycache__) by extension 'python'
[0.629s] Level 1:colcon.colcon_core.package_identification:_identify(venv/lib/python3.12/site-packages/numpy/random/tests/data/__pycache__) by extensions ['python_setup_py']
[0.630s] Level 1:colcon.colcon_core.package_identification:_identify(venv/lib/python3.12/site-packages/numpy/random/tests/data/__pycache__) by extension 'python_setup_py'
[0.630s] Level 1:colcon.colcon_core.package_identification:_identify(venv/lib/python3.12/site-packages/numpy/rec) by extensions ['ignore', 'ignore_ament_install']
[0.630s] Level 1:colcon.colcon_core.package_identification:_identify(venv/lib/python3.12/site-packages/numpy/rec) by extension 'ignore'
[0.630s] Level 1:colcon.colcon_core.package_identification:_identify(venv/lib/python3.12/site-packages/numpy/rec) by extension 'ignore_ament_install'
[0.630s] Level 1:colcon.colcon_core.package_identification:_identify(venv/lib/python3.12/site-packages/numpy/rec) by extensions ['colcon_pkg']
[0.630s] Level 1:colcon.colcon_core.package_identification:_identify(venv/lib/python3.12/site-packages/numpy/rec) by extension 'colcon_pkg'
[0.630s] Level 1:colcon.colcon_core.package_identification:_identify(venv/lib/python3.12/site-packages/numpy/rec) by extensions ['colcon_meta']
[0.630s] Level 1:colcon.colcon_core.package_identification:_identify(venv/lib/python3.12/site-packages/numpy/rec) by extension 'colcon_meta'
[0.630s] Level 1:colcon.colcon_core.package_identification:_identify(venv/lib/python3.12/site-packages/numpy/rec) by extensions ['ros']
[0.630s] Level 1:colcon.colcon_core.package_identification:_identify(venv/lib/python3.12/site-packages/numpy/rec) by extension 'ros'
[0.630s] Level 1:colcon.colcon_core.package_identification:_identify(venv/lib/python3.12/site-packages/numpy/rec) by extensions ['cmake', 'python']
[0.630s] Level 1:colcon.colcon_core.package_identification:_identify(venv/lib/python3.12/site-packages/numpy/rec) by extension 'cmake'
[0.630s] Level 1:colcon.colcon_core.package_identification:_identify(venv/lib/python3.12/site-packages/numpy/rec) by extension 'python'
[0.630s] Level 1:colcon.colcon_core.package_identification:_identify(venv/lib/python3.12/site-packages/numpy/rec) by extensions ['python_setup_py']
[0.630s] Level 1:colcon.colcon_core.package_identification:_identify(venv/lib/python3.12/site-packages/numpy/rec) by extension 'python_setup_py'
[0.630s] Level 1:colcon.colcon_core.package_identification:_identify(venv/lib/python3.12/site-packages/numpy/rec/__pycache__) by extensions ['ignore', 'ignore_ament_install']
[0.630s] Level 1:colcon.colcon_core.package_identification:_identify(venv/lib/python3.12/site-packages/numpy/rec/__pycache__) by extension 'ignore'
[0.630s] Level 1:colcon.colcon_core.package_identification:_identify(venv/lib/python3.12/site-packages/numpy/rec/__pycache__) by extension 'ignore_ament_install'
[0.630s] Level 1:colcon.colcon_core.package_identification:_identify(venv/lib/python3.12/site-packages/numpy/rec/__pycache__) by extensions ['colcon_pkg']
[0.630s] Level 1:colcon.colcon_core.package_identification:_identify(venv/lib/python3.12/site-packages/numpy/rec/__pycache__) by extension 'colcon_pkg'
[0.631s] Level 1:colcon.colcon_core.package_identification:_identify(venv/lib/python3.12/site-packages/numpy/rec/__pycache__) by extensions ['colcon_meta']
[0.631s] Level 1:colcon.colcon_core.package_identification:_identify(venv/lib/python3.12/site-packages/numpy/rec/__pycache__) by extension 'colcon_meta'
[0.631s] Level 1:colcon.colcon_core.package_identification:_identify(venv/lib/python3.12/site-packages/numpy/rec/__pycache__) by extensions ['ros']
[0.631s] Level 1:colcon.colcon_core.package_identification:_identify(venv/lib/python3.12/site-packages/numpy/rec/__pycache__) by extension 'ros'
[0.631s] Level 1:colcon.colcon_core.package_identification:_identify(venv/lib/python3.12/site-packages/numpy/rec/__pycache__) by extensions ['cmake', 'python']
[0.631s] Level 1:colcon.colcon_core.package_identification:_identify(venv/lib/python3.12/site-packages/numpy/rec/__pycache__) by extension 'cmake'
[0.631s] Level 1:colcon.colcon_core.package_identification:_identify(venv/lib/python3.12/site-packages/numpy/rec/__pycache__) by extension 'python'
[0.631s] Level 1:colcon.colcon_core.package_identification:_identify(venv/lib/python3.12/site-packages/numpy/rec/__pycache__) by extensions ['python_setup_py']
[0.631s] Level 1:colcon.colcon_core.package_identification:_identify(venv/lib/python3.12/site-packages/numpy/rec/__pycache__) by extension 'python_setup_py'
[0.631s] Level 1:colcon.colcon_core.package_identification:_identify(venv/lib/python3.12/site-packages/numpy/strings) by extensions ['ignore', 'ignore_ament_install']
[0.631s] Level 1:colcon.colcon_core.package_identification:_identify(venv/lib/python3.12/site-packages/numpy/strings) by extension 'ignore'
[0.631s] Level 1:colcon.colcon_core.package_identification:_identify(venv/lib/python3.12/site-packages/numpy/strings) by extension 'ignore_ament_install'
[0.631s] Level 1:colcon.colcon_core.package_identification:_identify(venv/lib/python3.12/site-packages/numpy/strings) by extensions ['colcon_pkg']
[0.631s] Level 1:colcon.colcon_core.package_identification:_identify(venv/lib/python3.12/site-packages/numpy/strings) by extension 'colcon_pkg'
[0.631s] Level 1:colcon.colcon_core.package_identification:_identify(venv/lib/python3.12/site-packages/numpy/strings) by extensions ['colcon_meta']
[0.631s] Level 1:colcon.colcon_core.package_identification:_identify(venv/lib/python3.12/site-packages/numpy/strings) by extension 'colcon_meta'
[0.631s] Level 1:colcon.colcon_core.package_identification:_identify(venv/lib/python3.12/site-packages/numpy/strings) by extensions ['ros']
[0.631s] Level 1:colcon.colcon_core.package_identification:_identify(venv/lib/python3.12/site-packages/numpy/strings) by extension 'ros'
[0.631s] Level 1:colcon.colcon_core.package_identification:_identify(venv/lib/python3.12/site-packages/numpy/strings) by extensions ['cmake', 'python']
[0.631s] Level 1:colcon.colcon_core.package_identification:_identify(venv/lib/python3.12/site-packages/numpy/strings) by extension 'cmake'
[0.631s] Level 1:colcon.colcon_core.package_identification:_identify(venv/lib/python3.12/site-packages/numpy/strings) by extension 'python'
[0.631s] Level 1:colcon.colcon_core.package_identification:_identify(venv/lib/python3.12/site-packages/numpy/strings) by extensions ['python_setup_py']
[0.632s] Level 1:colcon.colcon_core.package_identification:_identify(venv/lib/python3.12/site-packages/numpy/strings) by extension 'python_setup_py'
[0.632s] Level 1:colcon.colcon_core.package_identification:_identify(venv/lib/python3.12/site-packages/numpy/strings/__pycache__) by extensions ['ignore', 'ignore_ament_install']
[0.632s] Level 1:colcon.colcon_core.package_identification:_identify(venv/lib/python3.12/site-packages/numpy/strings/__pycache__) by extension 'ignore'
[0.632s] Level 1:colcon.colcon_core.package_identification:_identify(venv/lib/python3.12/site-packages/numpy/strings/__pycache__) by extension 'ignore_ament_install'
[0.632s] Level 1:colcon.colcon_core.package_identification:_identify(venv/lib/python3.12/site-packages/numpy/strings/__pycache__) by extensions ['colcon_pkg']
[0.632s] Level 1:colcon.colcon_core.package_identification:_identify(venv/lib/python3.12/site-packages/numpy/strings/__pycache__) by extension 'colcon_pkg'
[0.632s] Level 1:colcon.colcon_core.package_identification:_identify(venv/lib/python3.12/site-packages/numpy/strings/__pycache__) by extensions ['colcon_meta']
[0.632s] Level 1:colcon.colcon_core.package_identification:_identify(venv/lib/python3.12/site-packages/numpy/strings/__pycache__) by extension 'colcon_meta'
[0.632s] Level 1:colcon.colcon_core.package_identification:_identify(venv/lib/python3.12/site-packages/numpy/strings/__pycache__) by extensions ['ros']
[0.632s] Level 1:colcon.colcon_core.package_identification:_identify(venv/lib/python3.12/site-packages/numpy/strings/__pycache__) by extension 'ros'
[0.632s] Level 1:colcon.colcon_core.package_identification:_identify(venv/lib/python3.12/site-packages/numpy/strings/__pycache__) by extensions ['cmake', 'python']
[0.632s] Level 1:colcon.colcon_core.package_identification:_identify(venv/lib/python3.12/site-packages/numpy/strings/__pycache__) by extension 'cmake'
[0.632s] Level 1:colcon.colcon_core.package_identification:_identify(venv/lib/python3.12/site-packages/numpy/strings/__pycache__) by extension 'python'
[0.632s] Level 1:colcon.colcon_core.package_identification:_identify(venv/lib/python3.12/site-packages/numpy/strings/__pycache__) by extensions ['python_setup_py']
[0.632s] Level 1:colcon.colcon_core.package_identification:_identify(venv/lib/python3.12/site-packages/numpy/strings/__pycache__) by extension 'python_setup_py'
[0.632s] Level 1:colcon.colcon_core.package_identification:_identify(venv/lib/python3.12/site-packages/numpy/testing) by extensions ['ignore', 'ignore_ament_install']
[0.632s] Level 1:colcon.colcon_core.package_identification:_identify(venv/lib/python3.12/site-packages/numpy/testing) by extension 'ignore'
[0.632s] Level 1:colcon.colcon_core.package_identification:_identify(venv/lib/python3.12/site-packages/numpy/testing) by extension 'ignore_ament_install'
[0.632s] Level 1:colcon.colcon_core.package_identification:_identify(venv/lib/python3.12/site-packages/numpy/testing) by extensions ['colcon_pkg']
[0.632s] Level 1:colcon.colcon_core.package_identification:_identify(venv/lib/python3.12/site-packages/numpy/testing) by extension 'colcon_pkg'
[0.633s] Level 1:colcon.colcon_core.package_identification:_identify(venv/lib/python3.12/site-packages/numpy/testing) by extensions ['colcon_meta']
[0.633s] Level 1:colcon.colcon_core.package_identification:_identify(venv/lib/python3.12/site-packages/numpy/testing) by extension 'colcon_meta'
[0.633s] Level 1:colcon.colcon_core.package_identification:_identify(venv/lib/python3.12/site-packages/numpy/testing) by extensions ['ros']
[0.633s] Level 1:colcon.colcon_core.package_identification:_identify(venv/lib/python3.12/site-packages/numpy/testing) by extension 'ros'
[0.633s] Level 1:colcon.colcon_core.package_identification:_identify(venv/lib/python3.12/site-packages/numpy/testing) by extensions ['cmake', 'python']
[0.633s] Level 1:colcon.colcon_core.package_identification:_identify(venv/lib/python3.12/site-packages/numpy/testing) by extension 'cmake'
[0.633s] Level 1:colcon.colcon_core.package_identification:_identify(venv/lib/python3.12/site-packages/numpy/testing) by extension 'python'
[0.633s] Level 1:colcon.colcon_core.package_identification:_identify(venv/lib/python3.12/site-packages/numpy/testing) by extensions ['python_setup_py']
[0.633s] Level 1:colcon.colcon_core.package_identification:_identify(venv/lib/python3.12/site-packages/numpy/testing) by extension 'python_setup_py'
